order_id,dayPart,main,drink,combo,fixed_menu,course1,course2,side,dessert
BRE_00001,BREAKFAST,1.0,1,0.0,,,,,
BRE_00002,BREAKFAST,1.0,1,0.0,,,,,
BRE_00003,BREAKFAST,1.0,1,0.0,,,,,
BRE_00004,BREAKFAST,0.0,1,0.0,,,,,
BRE_00005,BREAKFAST,1.0,1,0.0,,,,,
BRE_00006,BREAKFAST,0.0,0,1.0,,,,,
BRE_00007,BREAKFAST,1.0,1,0.0,,,,,
BRE_00008,BREAKFAST,0.0,1,0.0,,,,,
BRE_00009,BREAKFAST,1.0,1,0.0,,,,,
BRE_00010,BREAKFAST,1.0,1,0.0,,,,,
BRE_00011,BREAKFAST,1.0,1,0.0,,,,,
BRE_00012,BREAKFAST,0.0,1,0.0,,,,,
BRE_00013,BREAKFAST,1.0,1,0.0,,,,,
BRE_00014,BREAKFAST,1.0,1,0.0,,,,,
BRE_00015,BREAKFAST,0.0,1,0.0,,,,,
BRE_00016,BREAKFAST,1.0,1,0.0,,,,,
BRE_00017,BREAKFAST,1.0,1,0.0,,,,,
BRE_00018,BREAKFAST,1.0,1,0.0,,,,,
BRE_00019,BREAKFAST,1.0,1,0.0,,,,,
BRE_00020,BREAKFAST,1.0,1,0.0,,,,,
BRE_00021,BREAKFAST,0.0,0,1.0,,,,,
BRE_00022,BREAKFAST,1.0,1,0.0,,,,,
BRE_00023,BREAKFAST,1.0,1,0.0,,,,,
BRE_00024,BREAKFAST,1.0,1,0.0,,,,,
BRE_00025,BREAKFAST,0.0,1,0.0,,,,,
BRE_00026,BREAKFAST,1.0,1,0.0,,,,,
BRE_00027,BREAKFAST,1.0,1,0.0,,,,,
BRE_00028,BREAKFAST,1.0,1,0.0,,,,,
BRE_00029,BREAKFAST,0.0,0,1.0,,,,,
BRE_00030,BREAKFAST,1.0,1,0.0,,,,,
BRE_00031,BREAKFAST,1.0,1,0.0,,,,,
BRE_00032,BREAKFAST,1.0,0,0.0,,,,,
BRE_00033,BREAKFAST,0.0,0,1.0,,,,,
BRE_00034,BREAKFAST,0.0,0,0.0,,,,,
BRE_00035,BREAKFAST,1.0,1,0.0,,,,,
BRE_00036,BREAKFAST,1.0,1,0.0,,,,,
BRE_00037,BREAKFAST,1.0,1,0.0,,,,,
BRE_00038,BREAKFAST,1.0,1,0.0,,,,,
BRE_00039,BREAKFAST,1.0,1,0.0,,,,,
BRE_00040,BREAKFAST,1.0,1,0.0,,,,,
BRE_00041,BREAKFAST,0.0,1,0.0,,,,,
BRE_00042,BREAKFAST,1.0,1,0.0,,,,,
BRE_00043,BREAKFAST,1.0,1,0.0,,,,,
BRE_00044,BREAKFAST,0.0,0,1.0,,,,,
BRE_00045,BREAKFAST,1.0,1,0.0,,,,,
BRE_00046,BREAKFAST,0.0,1,0.0,,,,,
BRE_00047,BREAKFAST,1.0,1,0.0,,,,,
BRE_00048,BREAKFAST,1.0,0,0.0,,,,,
BRE_00049,BREAKFAST,0.0,0,1.0,,,,,
BRE_00050,BREAKFAST,1.0,1,0.0,,,,,
BRE_00051,BREAKFAST,1.0,1,0.0,,,,,
BRE_00052,BREAKFAST,0.0,1,0.0,,,,,
BRE_00053,BREAKFAST,1.0,1,0.0,,,,,
BRE_00054,BREAKFAST,0.0,0,1.0,,,,,
BRE_00055,BREAKFAST,1.0,1,0.0,,,,,
BRE_00056,BREAKFAST,0.0,1,0.0,,,,,
BRE_00057,BREAKFAST,1.0,1,0.0,,,,,
BRE_00058,BREAKFAST,1.0,1,0.0,,,,,
BRE_00059,BREAKFAST,0.0,0,0.0,,,,,
BRE_00060,BREAKFAST,1.0,1,0.0,,,,,
BRE_00061,BREAKFAST,1.0,1,0.0,,,,,
BRE_00062,BREAKFAST,1.0,1,0.0,,,,,
BRE_00063,BREAKFAST,1.0,1,0.0,,,,,
BRE_00064,BREAKFAST,1.0,1,0.0,,,,,
BRE_00065,BREAKFAST,0.0,0,1.0,,,,,
BRE_00066,BREAKFAST,0.0,0,1.0,,,,,
BRE_00067,BREAKFAST,1.0,1,0.0,,,,,
BRE_00068,BREAKFAST,1.0,1,0.0,,,,,
BRE_00069,BREAKFAST,0.0,0,1.0,,,,,
BRE_00070,BREAKFAST,0.0,0,1.0,,,,,
BRE_00071,BREAKFAST,1.0,1,0.0,,,,,
BRE_00072,BREAKFAST,1.0,1,0.0,,,,,
BRE_00073,BREAKFAST,1.0,1,0.0,,,,,
BRE_00074,BREAKFAST,1.0,1,0.0,,,,,
BRE_00075,BREAKFAST,1.0,1,0.0,,,,,
BRE_00076,BREAKFAST,0.0,1,0.0,,,,,
BRE_00077,BREAKFAST,0.0,0,1.0,,,,,
BRE_00078,BREAKFAST,0.0,1,0.0,,,,,
BRE_00079,BREAKFAST,0.0,0,1.0,,,,,
BRE_00080,BREAKFAST,1.0,1,0.0,,,,,
BRE_00081,BREAKFAST,0.0,0,1.0,,,,,
BRE_00082,BREAKFAST,0.0,0,1.0,,,,,
BRE_00083,BREAKFAST,0.0,1,0.0,,,,,
BRE_00084,BREAKFAST,0.0,0,0.0,,,,,
BRE_00085,BREAKFAST,1.0,1,0.0,,,,,
BRE_00086,BREAKFAST,1.0,1,0.0,,,,,
BRE_00087,BREAKFAST,1.0,0,0.0,,,,,
BRE_00088,BREAKFAST,1.0,1,0.0,,,,,
BRE_00089,BREAKFAST,1.0,1,0.0,,,,,
BRE_00090,BREAKFAST,1.0,1,0.0,,,,,
BRE_00091,BREAKFAST,0.0,1,0.0,,,,,
BRE_00092,BREAKFAST,1.0,1,0.0,,,,,
BRE_00093,BREAKFAST,1.0,0,0.0,,,,,
BRE_00094,BREAKFAST,1.0,1,0.0,,,,,
BRE_00095,BREAKFAST,1.0,1,0.0,,,,,
BRE_00096,BREAKFAST,1.0,1,0.0,,,,,
BRE_00097,BREAKFAST,1.0,1,0.0,,,,,
BRE_00098,BREAKFAST,0.0,0,1.0,,,,,
BRE_00099,BREAKFAST,1.0,1,0.0,,,,,
BRE_00100,BREAKFAST,1.0,0,0.0,,,,,
BRE_00101,BREAKFAST,1.0,1,0.0,,,,,
BRE_00102,BREAKFAST,1.0,1,0.0,,,,,
BRE_00103,BREAKFAST,0.0,1,0.0,,,,,
BRE_00104,BREAKFAST,1.0,1,0.0,,,,,
BRE_00105,BREAKFAST,1.0,1,0.0,,,,,
BRE_00106,BREAKFAST,1.0,1,0.0,,,,,
BRE_00107,BREAKFAST,1.0,1,0.0,,,,,
BRE_00108,BREAKFAST,0.0,1,0.0,,,,,
BRE_00109,BREAKFAST,1.0,1,0.0,,,,,
BRE_00110,BREAKFAST,1.0,1,0.0,,,,,
BRE_00111,BREAKFAST,1.0,1,0.0,,,,,
BRE_00112,BREAKFAST,0.0,0,1.0,,,,,
BRE_00113,BREAKFAST,0.0,1,0.0,,,,,
BRE_00114,BREAKFAST,1.0,0,0.0,,,,,
BRE_00115,BREAKFAST,1.0,1,0.0,,,,,
BRE_00116,BREAKFAST,0.0,0,1.0,,,,,
BRE_00117,BREAKFAST,0.0,0,1.0,,,,,
BRE_00118,BREAKFAST,1.0,1,0.0,,,,,
BRE_00119,BREAKFAST,1.0,1,0.0,,,,,
BRE_00120,BREAKFAST,1.0,1,0.0,,,,,
BRE_00121,BREAKFAST,1.0,1,0.0,,,,,
BRE_00122,BREAKFAST,0.0,0,0.0,,,,,
BRE_00123,BREAKFAST,1.0,0,0.0,,,,,
BRE_00124,BREAKFAST,1.0,1,0.0,,,,,
BRE_00125,BREAKFAST,1.0,1,0.0,,,,,
BRE_00126,BREAKFAST,1.0,1,0.0,,,,,
BRE_00127,BREAKFAST,1.0,1,0.0,,,,,
BRE_00128,BREAKFAST,1.0,1,0.0,,,,,
BRE_00129,BREAKFAST,0.0,0,1.0,,,,,
BRE_00130,BREAKFAST,1.0,1,0.0,,,,,
BRE_00131,BREAKFAST,0.0,0,1.0,,,,,
BRE_00132,BREAKFAST,1.0,1,0.0,,,,,
BRE_00133,BREAKFAST,1.0,1,0.0,,,,,
BRE_00134,BREAKFAST,1.0,1,0.0,,,,,
BRE_00135,BREAKFAST,1.0,1,0.0,,,,,
BRE_00136,BREAKFAST,1.0,1,0.0,,,,,
BRE_00137,BREAKFAST,0.0,0,1.0,,,,,
BRE_00138,BREAKFAST,0.0,0,1.0,,,,,
BRE_00139,BREAKFAST,1.0,1,0.0,,,,,
BRE_00140,BREAKFAST,1.0,1,0.0,,,,,
BRE_00141,BREAKFAST,1.0,1,0.0,,,,,
BRE_00142,BREAKFAST,0.0,0,1.0,,,,,
BRE_00143,BREAKFAST,1.0,1,0.0,,,,,
BRE_00144,BREAKFAST,1.0,1,0.0,,,,,
BRE_00145,BREAKFAST,1.0,0,0.0,,,,,
BRE_00146,BREAKFAST,1.0,1,0.0,,,,,
BRE_00147,BREAKFAST,0.0,1,0.0,,,,,
BRE_00148,BREAKFAST,1.0,1,0.0,,,,,
BRE_00149,BREAKFAST,1.0,0,0.0,,,,,
BRE_00150,BREAKFAST,0.0,1,0.0,,,,,
BRE_00151,BREAKFAST,0.0,1,0.0,,,,,
BRE_00152,BREAKFAST,1.0,1,0.0,,,,,
BRE_00153,BREAKFAST,1.0,1,0.0,,,,,
BRE_00154,BREAKFAST,1.0,1,0.0,,,,,
BRE_00155,BREAKFAST,0.0,0,1.0,,,,,
BRE_00156,BREAKFAST,0.0,1,0.0,,,,,
BRE_00157,BREAKFAST,1.0,1,0.0,,,,,
BRE_00158,BREAKFAST,1.0,1,0.0,,,,,
BRE_00159,BREAKFAST,1.0,1,0.0,,,,,
BRE_00160,BREAKFAST,0.0,0,0.0,,,,,
BRE_00161,BREAKFAST,1.0,1,0.0,,,,,
BRE_00162,BREAKFAST,1.0,1,0.0,,,,,
BRE_00163,BREAKFAST,0.0,0,1.0,,,,,
BRE_00164,BREAKFAST,1.0,1,0.0,,,,,
BRE_00165,BREAKFAST,1.0,1,0.0,,,,,
BRE_00166,BREAKFAST,1.0,1,0.0,,,,,
BRE_00167,BREAKFAST,0.0,0,1.0,,,,,
BRE_00168,BREAKFAST,1.0,1,0.0,,,,,
BRE_00169,BREAKFAST,0.0,0,1.0,,,,,
BRE_00170,BREAKFAST,1.0,1,0.0,,,,,
BRE_00171,BREAKFAST,0.0,0,1.0,,,,,
BRE_00172,BREAKFAST,1.0,1,0.0,,,,,
BRE_00173,BREAKFAST,1.0,1,0.0,,,,,
BRE_00174,BREAKFAST,1.0,1,0.0,,,,,
BRE_00175,BREAKFAST,1.0,1,0.0,,,,,
BRE_00176,BREAKFAST,0.0,1,0.0,,,,,
BRE_00177,BREAKFAST,1.0,1,0.0,,,,,
BRE_00178,BREAKFAST,0.0,0,0.0,,,,,
BRE_00179,BREAKFAST,0.0,0,1.0,,,,,
BRE_00180,BREAKFAST,1.0,1,0.0,,,,,
BRE_00181,BREAKFAST,0.0,0,1.0,,,,,
BRE_00182,BREAKFAST,1.0,1,0.0,,,,,
BRE_00183,BREAKFAST,1.0,1,0.0,,,,,
BRE_00184,BREAKFAST,1.0,1,0.0,,,,,
BRE_00185,BREAKFAST,0.0,1,0.0,,,,,
BRE_00186,BREAKFAST,1.0,1,0.0,,,,,
BRE_00187,BREAKFAST,0.0,0,1.0,,,,,
BRE_00188,BREAKFAST,1.0,1,0.0,,,,,
BRE_00189,BREAKFAST,1.0,1,0.0,,,,,
BRE_00190,BREAKFAST,0.0,1,0.0,,,,,
BRE_00191,BREAKFAST,0.0,0,1.0,,,,,
BRE_00192,BREAKFAST,0.0,0,1.0,,,,,
BRE_00193,BREAKFAST,1.0,1,0.0,,,,,
BRE_00194,BREAKFAST,1.0,0,0.0,,,,,
BRE_00195,BREAKFAST,1.0,0,0.0,,,,,
BRE_00196,BREAKFAST,1.0,1,0.0,,,,,
BRE_00197,BREAKFAST,1.0,1,0.0,,,,,
BRE_00198,BREAKFAST,1.0,1,0.0,,,,,
BRE_00199,BREAKFAST,0.0,0,1.0,,,,,
BRE_00200,BREAKFAST,1.0,1,0.0,,,,,
BRE_00201,BREAKFAST,1.0,1,0.0,,,,,
BRE_00202,BREAKFAST,1.0,0,0.0,,,,,
BRE_00203,BREAKFAST,1.0,1,0.0,,,,,
BRE_00204,BREAKFAST,1.0,1,0.0,,,,,
BRE_00205,BREAKFAST,0.0,0,1.0,,,,,
BRE_00206,BREAKFAST,0.0,0,1.0,,,,,
BRE_00207,BREAKFAST,0.0,1,0.0,,,,,
BRE_00208,BREAKFAST,1.0,1,0.0,,,,,
BRE_00209,BREAKFAST,1.0,1,0.0,,,,,
BRE_00210,BREAKFAST,1.0,1,0.0,,,,,
BRE_00211,BREAKFAST,1.0,1,0.0,,,,,
BRE_00212,BREAKFAST,0.0,0,1.0,,,,,
BRE_00213,BREAKFAST,1.0,0,0.0,,,,,
BRE_00214,BREAKFAST,1.0,1,0.0,,,,,
BRE_00215,BREAKFAST,1.0,1,0.0,,,,,
BRE_00216,BREAKFAST,1.0,1,0.0,,,,,
BRE_00217,BREAKFAST,1.0,1,0.0,,,,,
BRE_00218,BREAKFAST,1.0,1,0.0,,,,,
BRE_00219,BREAKFAST,1.0,1,0.0,,,,,
BRE_00220,BREAKFAST,1.0,1,0.0,,,,,
BRE_00221,BREAKFAST,0.0,0,1.0,,,,,
BRE_00222,BREAKFAST,0.0,0,1.0,,,,,
BRE_00223,BREAKFAST,0.0,0,1.0,,,,,
BRE_00224,BREAKFAST,0.0,0,1.0,,,,,
BRE_00225,BREAKFAST,1.0,0,0.0,,,,,
BRE_00226,BREAKFAST,0.0,1,0.0,,,,,
BRE_00227,BREAKFAST,1.0,1,0.0,,,,,
BRE_00228,BREAKFAST,1.0,1,0.0,,,,,
BRE_00229,BREAKFAST,1.0,1,0.0,,,,,
BRE_00230,BREAKFAST,1.0,1,0.0,,,,,
BRE_00231,BREAKFAST,1.0,1,0.0,,,,,
BRE_00232,BREAKFAST,0.0,0,1.0,,,,,
BRE_00233,BREAKFAST,0.0,0,1.0,,,,,
BRE_00234,BREAKFAST,1.0,1,0.0,,,,,
BRE_00235,BREAKFAST,0.0,0,0.0,,,,,
BRE_00236,BREAKFAST,1.0,0,0.0,,,,,
BRE_00237,BREAKFAST,1.0,1,0.0,,,,,
BRE_00238,BREAKFAST,1.0,1,0.0,,,,,
BRE_00239,BREAKFAST,1.0,1,0.0,,,,,
BRE_00240,BREAKFAST,1.0,1,0.0,,,,,
BRE_00241,BREAKFAST,0.0,0,1.0,,,,,
BRE_00242,BREAKFAST,0.0,0,0.0,,,,,
BRE_00243,BREAKFAST,1.0,1,0.0,,,,,
BRE_00244,BREAKFAST,0.0,0,1.0,,,,,
BRE_00245,BREAKFAST,1.0,1,0.0,,,,,
BRE_00246,BREAKFAST,1.0,1,0.0,,,,,
BRE_00247,BREAKFAST,1.0,0,0.0,,,,,
BRE_00248,BREAKFAST,1.0,1,0.0,,,,,
BRE_00249,BREAKFAST,0.0,1,0.0,,,,,
BRE_00250,BREAKFAST,1.0,1,0.0,,,,,
BRE_00251,BREAKFAST,1.0,1,0.0,,,,,
BRE_00252,BREAKFAST,1.0,1,0.0,,,,,
BRE_00253,BREAKFAST,0.0,1,0.0,,,,,
BRE_00254,BREAKFAST,1.0,1,0.0,,,,,
BRE_00255,BREAKFAST,1.0,1,0.0,,,,,
BRE_00256,BREAKFAST,0.0,0,1.0,,,,,
BRE_00257,BREAKFAST,0.0,1,0.0,,,,,
BRE_00258,BREAKFAST,1.0,1,0.0,,,,,
BRE_00259,BREAKFAST,1.0,1,0.0,,,,,
BRE_00260,BREAKFAST,1.0,1,0.0,,,,,
BRE_00261,BREAKFAST,1.0,1,0.0,,,,,
BRE_00262,BREAKFAST,1.0,1,0.0,,,,,
BRE_00263,BREAKFAST,1.0,1,0.0,,,,,
BRE_00264,BREAKFAST,1.0,1,0.0,,,,,
BRE_00265,BREAKFAST,1.0,1,0.0,,,,,
BRE_00266,BREAKFAST,0.0,1,0.0,,,,,
BRE_00267,BREAKFAST,1.0,1,0.0,,,,,
BRE_00268,BREAKFAST,0.0,1,0.0,,,,,
BRE_00269,BREAKFAST,1.0,1,0.0,,,,,
BRE_00270,BREAKFAST,0.0,0,1.0,,,,,
BRE_00271,BREAKFAST,1.0,1,0.0,,,,,
BRE_00272,BREAKFAST,1.0,1,0.0,,,,,
BRE_00273,BREAKFAST,1.0,1,0.0,,,,,
BRE_00274,BREAKFAST,0.0,0,0.0,,,,,
BRE_00275,BREAKFAST,0.0,0,1.0,,,,,
BRE_00276,BREAKFAST,1.0,1,0.0,,,,,
BRE_00277,BREAKFAST,1.0,0,0.0,,,,,
BRE_00278,BREAKFAST,1.0,1,0.0,,,,,
BRE_00279,BREAKFAST,1.0,0,0.0,,,,,
BRE_00280,BREAKFAST,1.0,1,0.0,,,,,
BRE_00281,BREAKFAST,1.0,1,0.0,,,,,
BRE_00282,BREAKFAST,1.0,1,0.0,,,,,
BRE_00283,BREAKFAST,1.0,1,0.0,,,,,
BRE_00284,BREAKFAST,1.0,1,0.0,,,,,
BRE_00285,BREAKFAST,1.0,1,0.0,,,,,
BRE_00286,BREAKFAST,1.0,1,0.0,,,,,
BRE_00287,BREAKFAST,0.0,0,1.0,,,,,
BRE_00288,BREAKFAST,0.0,0,1.0,,,,,
BRE_00289,BREAKFAST,0.0,0,1.0,,,,,
BRE_00290,BREAKFAST,1.0,1,0.0,,,,,
BRE_00291,BREAKFAST,1.0,1,0.0,,,,,
BRE_00292,BREAKFAST,1.0,0,0.0,,,,,
BRE_00293,BREAKFAST,1.0,1,0.0,,,,,
BRE_00294,BREAKFAST,1.0,1,0.0,,,,,
BRE_00295,BREAKFAST,0.0,0,1.0,,,,,
BRE_00296,BREAKFAST,1.0,1,0.0,,,,,
BRE_00297,BREAKFAST,0.0,0,1.0,,,,,
BRE_00298,BREAKFAST,1.0,1,0.0,,,,,
BRE_00299,BREAKFAST,1.0,1,0.0,,,,,
BRE_00300,BREAKFAST,0.0,0,1.0,,,,,
BRE_00301,BREAKFAST,1.0,1,0.0,,,,,
BRE_00302,BREAKFAST,1.0,1,0.0,,,,,
BRE_00303,BREAKFAST,1.0,0,0.0,,,,,
BRE_00304,BREAKFAST,1.0,0,0.0,,,,,
BRE_00305,BREAKFAST,1.0,1,0.0,,,,,
BRE_00306,BREAKFAST,1.0,1,0.0,,,,,
BRE_00307,BREAKFAST,1.0,1,0.0,,,,,
BRE_00308,BREAKFAST,0.0,0,1.0,,,,,
BRE_00309,BREAKFAST,0.0,1,0.0,,,,,
BRE_00310,BREAKFAST,1.0,1,0.0,,,,,
BRE_00311,BREAKFAST,1.0,1,0.0,,,,,
BRE_00312,BREAKFAST,1.0,1,0.0,,,,,
BRE_00313,BREAKFAST,0.0,0,0.0,,,,,
BRE_00314,BREAKFAST,1.0,1,0.0,,,,,
BRE_00315,BREAKFAST,1.0,1,0.0,,,,,
BRE_00316,BREAKFAST,0.0,0,1.0,,,,,
BRE_00317,BREAKFAST,1.0,0,0.0,,,,,
BRE_00318,BREAKFAST,1.0,1,0.0,,,,,
BRE_00319,BREAKFAST,0.0,0,1.0,,,,,
BRE_00320,BREAKFAST,1.0,1,0.0,,,,,
BRE_00321,BREAKFAST,1.0,1,0.0,,,,,
BRE_00322,BREAKFAST,1.0,1,0.0,,,,,
BRE_00323,BREAKFAST,1.0,1,0.0,,,,,
BRE_00324,BREAKFAST,1.0,1,0.0,,,,,
BRE_00325,BREAKFAST,1.0,1,0.0,,,,,
BRE_00326,BREAKFAST,0.0,0,1.0,,,,,
BRE_00327,BREAKFAST,0.0,0,1.0,,,,,
BRE_00328,BREAKFAST,0.0,0,1.0,,,,,
BRE_00329,BREAKFAST,1.0,1,0.0,,,,,
BRE_00330,BREAKFAST,1.0,1,0.0,,,,,
BRE_00331,BREAKFAST,1.0,1,0.0,,,,,
BRE_00332,BREAKFAST,1.0,1,0.0,,,,,
BRE_00333,BREAKFAST,1.0,1,0.0,,,,,
BRE_00334,BREAKFAST,1.0,1,0.0,,,,,
BRE_00335,BREAKFAST,1.0,1,0.0,,,,,
BRE_00336,BREAKFAST,1.0,1,0.0,,,,,
BRE_00337,BREAKFAST,1.0,1,0.0,,,,,
BRE_00338,BREAKFAST,1.0,1,0.0,,,,,
BRE_00339,BREAKFAST,1.0,0,0.0,,,,,
BRE_00340,BREAKFAST,1.0,1,0.0,,,,,
BRE_00341,BREAKFAST,1.0,1,0.0,,,,,
BRE_00342,BREAKFAST,1.0,0,0.0,,,,,
BRE_00343,BREAKFAST,0.0,0,1.0,,,,,
BRE_00344,BREAKFAST,1.0,1,0.0,,,,,
BRE_00345,BREAKFAST,1.0,1,0.0,,,,,
BRE_00346,BREAKFAST,1.0,1,0.0,,,,,
BRE_00347,BREAKFAST,1.0,1,0.0,,,,,
BRE_00348,BREAKFAST,1.0,1,0.0,,,,,
BRE_00349,BREAKFAST,1.0,0,0.0,,,,,
BRE_00350,BREAKFAST,1.0,1,0.0,,,,,
BRE_00351,BREAKFAST,0.0,0,1.0,,,,,
BRE_00352,BREAKFAST,1.0,1,0.0,,,,,
BRE_00353,BREAKFAST,1.0,1,0.0,,,,,
BRE_00354,BREAKFAST,1.0,1,0.0,,,,,
BRE_00355,BREAKFAST,0.0,1,0.0,,,,,
BRE_00356,BREAKFAST,1.0,1,0.0,,,,,
BRE_00357,BREAKFAST,1.0,1,0.0,,,,,
BRE_00358,BREAKFAST,0.0,0,1.0,,,,,
BRE_00359,BREAKFAST,0.0,1,0.0,,,,,
BRE_00360,BREAKFAST,1.0,1,0.0,,,,,
BRE_00361,BREAKFAST,1.0,1,0.0,,,,,
BRE_00362,BREAKFAST,1.0,1,0.0,,,,,
BRE_00363,BREAKFAST,1.0,0,0.0,,,,,
BRE_00364,BREAKFAST,1.0,1,0.0,,,,,
BRE_00365,BREAKFAST,1.0,1,0.0,,,,,
BRE_00366,BREAKFAST,1.0,1,0.0,,,,,
BRE_00367,BREAKFAST,1.0,1,0.0,,,,,
BRE_00368,BREAKFAST,1.0,1,0.0,,,,,
BRE_00369,BREAKFAST,0.0,0,1.0,,,,,
BRE_00370,BREAKFAST,0.0,1,0.0,,,,,
BRE_00371,BREAKFAST,1.0,1,0.0,,,,,
BRE_00372,BREAKFAST,1.0,1,0.0,,,,,
BRE_00373,BREAKFAST,1.0,1,0.0,,,,,
BRE_00374,BREAKFAST,0.0,0,1.0,,,,,
BRE_00375,BREAKFAST,1.0,1,0.0,,,,,
BRE_00376,BREAKFAST,0.0,1,0.0,,,,,
BRE_00377,BREAKFAST,1.0,0,0.0,,,,,
BRE_00378,BREAKFAST,1.0,0,0.0,,,,,
BRE_00379,BREAKFAST,0.0,1,0.0,,,,,
BRE_00380,BREAKFAST,1.0,1,0.0,,,,,
BRE_00381,BREAKFAST,1.0,1,0.0,,,,,
BRE_00382,BREAKFAST,1.0,1,0.0,,,,,
BRE_00383,BREAKFAST,1.0,1,0.0,,,,,
BRE_00384,BREAKFAST,1.0,1,0.0,,,,,
BRE_00385,BREAKFAST,1.0,1,0.0,,,,,
BRE_00386,BREAKFAST,1.0,1,0.0,,,,,
BRE_00387,BREAKFAST,0.0,0,1.0,,,,,
BRE_00388,BREAKFAST,1.0,1,0.0,,,,,
BRE_00389,BREAKFAST,0.0,0,0.0,,,,,
BRE_00390,BREAKFAST,1.0,1,0.0,,,,,
BRE_00391,BREAKFAST,1.0,0,0.0,,,,,
BRE_00392,BREAKFAST,0.0,0,1.0,,,,,
BRE_00393,BREAKFAST,0.0,1,0.0,,,,,
BRE_00394,BREAKFAST,1.0,1,0.0,,,,,
BRE_00395,BREAKFAST,0.0,1,0.0,,,,,
BRE_00396,BREAKFAST,0.0,0,1.0,,,,,
BRE_00397,BREAKFAST,1.0,1,0.0,,,,,
BRE_00398,BREAKFAST,1.0,1,0.0,,,,,
BRE_00399,BREAKFAST,1.0,1,0.0,,,,,
BRE_00400,BREAKFAST,0.0,0,1.0,,,,,
BRE_00401,BREAKFAST,0.0,0,1.0,,,,,
BRE_00402,BREAKFAST,1.0,1,0.0,,,,,
BRE_00403,BREAKFAST,0.0,0,0.0,,,,,
BRE_00404,BREAKFAST,1.0,1,0.0,,,,,
BRE_00405,BREAKFAST,0.0,0,1.0,,,,,
BRE_00406,BREAKFAST,0.0,0,1.0,,,,,
BRE_00407,BREAKFAST,0.0,0,1.0,,,,,
BRE_00408,BREAKFAST,1.0,1,0.0,,,,,
BRE_00409,BREAKFAST,0.0,1,0.0,,,,,
BRE_00410,BREAKFAST,0.0,1,0.0,,,,,
BRE_00411,BREAKFAST,1.0,0,0.0,,,,,
BRE_00412,BREAKFAST,1.0,1,0.0,,,,,
BRE_00413,BREAKFAST,1.0,1,0.0,,,,,
BRE_00414,BREAKFAST,1.0,1,0.0,,,,,
BRE_00415,BREAKFAST,1.0,1,0.0,,,,,
BRE_00416,BREAKFAST,1.0,1,0.0,,,,,
BRE_00417,BREAKFAST,1.0,0,0.0,,,,,
BRE_00418,BREAKFAST,1.0,1,0.0,,,,,
BRE_00419,BREAKFAST,1.0,0,0.0,,,,,
BRE_00420,BREAKFAST,0.0,1,0.0,,,,,
BRE_00421,BREAKFAST,1.0,1,0.0,,,,,
BRE_00422,BREAKFAST,1.0,1,0.0,,,,,
BRE_00423,BREAKFAST,0.0,1,0.0,,,,,
BRE_00424,BREAKFAST,1.0,1,0.0,,,,,
BRE_00425,BREAKFAST,1.0,1,0.0,,,,,
BRE_00426,BREAKFAST,1.0,1,0.0,,,,,
BRE_00427,BREAKFAST,1.0,1,0.0,,,,,
BRE_00428,BREAKFAST,0.0,0,1.0,,,,,
BRE_00429,BREAKFAST,1.0,1,0.0,,,,,
BRE_00430,BREAKFAST,0.0,1,0.0,,,,,
BRE_00431,BREAKFAST,1.0,1,0.0,,,,,
BRE_00432,BREAKFAST,0.0,0,1.0,,,,,
BRE_00433,BREAKFAST,0.0,0,1.0,,,,,
BRE_00434,BREAKFAST,0.0,0,1.0,,,,,
BRE_00435,BREAKFAST,1.0,1,0.0,,,,,
BRE_00436,BREAKFAST,0.0,0,1.0,,,,,
BRE_00437,BREAKFAST,0.0,0,1.0,,,,,
BRE_00438,BREAKFAST,1.0,1,0.0,,,,,
BRE_00439,BREAKFAST,1.0,1,0.0,,,,,
BRE_00440,BREAKFAST,1.0,0,0.0,,,,,
BRE_00441,BREAKFAST,1.0,0,0.0,,,,,
BRE_00442,BREAKFAST,0.0,0,1.0,,,,,
BRE_00443,BREAKFAST,1.0,1,0.0,,,,,
BRE_00444,BREAKFAST,1.0,1,0.0,,,,,
BRE_00445,BREAKFAST,1.0,1,0.0,,,,,
BRE_00446,BREAKFAST,1.0,1,0.0,,,,,
BRE_00447,BREAKFAST,1.0,1,0.0,,,,,
BRE_00448,BREAKFAST,1.0,1,0.0,,,,,
BRE_00449,BREAKFAST,0.0,0,1.0,,,,,
BRE_00450,BREAKFAST,0.0,1,0.0,,,,,
BRE_00451,BREAKFAST,1.0,1,0.0,,,,,
BRE_00452,BREAKFAST,0.0,1,0.0,,,,,
BRE_00453,BREAKFAST,1.0,1,0.0,,,,,
BRE_00454,BREAKFAST,1.0,1,0.0,,,,,
BRE_00455,BREAKFAST,0.0,0,1.0,,,,,
BRE_00456,BREAKFAST,1.0,1,0.0,,,,,
BRE_00457,BREAKFAST,1.0,1,0.0,,,,,
BRE_00458,BREAKFAST,1.0,1,0.0,,,,,
BRE_00459,BREAKFAST,1.0,1,0.0,,,,,
BRE_00460,BREAKFAST,1.0,1,0.0,,,,,
BRE_00461,BREAKFAST,1.0,0,0.0,,,,,
BRE_00462,BREAKFAST,1.0,0,0.0,,,,,
BRE_00463,BREAKFAST,1.0,1,0.0,,,,,
BRE_00464,BREAKFAST,0.0,0,0.0,,,,,
BRE_00465,BREAKFAST,0.0,0,1.0,,,,,
BRE_00466,BREAKFAST,1.0,1,0.0,,,,,
BRE_00467,BREAKFAST,1.0,1,0.0,,,,,
BRE_00468,BREAKFAST,1.0,1,0.0,,,,,
BRE_00469,BREAKFAST,0.0,1,0.0,,,,,
BRE_00470,BREAKFAST,1.0,1,0.0,,,,,
BRE_00471,BREAKFAST,0.0,0,1.0,,,,,
BRE_00472,BREAKFAST,1.0,1,0.0,,,,,
BRE_00473,BREAKFAST,1.0,1,0.0,,,,,
BRE_00474,BREAKFAST,1.0,1,0.0,,,,,
BRE_00475,BREAKFAST,1.0,1,0.0,,,,,
BRE_00476,BREAKFAST,0.0,1,0.0,,,,,
BRE_00477,BREAKFAST,1.0,1,0.0,,,,,
BRE_00478,BREAKFAST,0.0,0,1.0,,,,,
BRE_00479,BREAKFAST,1.0,1,0.0,,,,,
BRE_00480,BREAKFAST,0.0,0,1.0,,,,,
BRE_00481,BREAKFAST,0.0,0,1.0,,,,,
BRE_00482,BREAKFAST,1.0,1,0.0,,,,,
BRE_00483,BREAKFAST,1.0,1,0.0,,,,,
BRE_00484,BREAKFAST,1.0,1,0.0,,,,,
BRE_00485,BREAKFAST,1.0,1,0.0,,,,,
BRE_00486,BREAKFAST,0.0,1,0.0,,,,,
BRE_00487,BREAKFAST,1.0,1,0.0,,,,,
BRE_00488,BREAKFAST,1.0,0,0.0,,,,,
BRE_00489,BREAKFAST,1.0,1,0.0,,,,,
BRE_00490,BREAKFAST,0.0,0,1.0,,,,,
BRE_00491,BREAKFAST,1.0,1,0.0,,,,,
BRE_00492,BREAKFAST,0.0,0,1.0,,,,,
BRE_00493,BREAKFAST,1.0,1,0.0,,,,,
BRE_00494,BREAKFAST,1.0,1,0.0,,,,,
BRE_00495,BREAKFAST,1.0,1,0.0,,,,,
BRE_00496,BREAKFAST,0.0,0,1.0,,,,,
BRE_00497,BREAKFAST,1.0,1,0.0,,,,,
BRE_00498,BREAKFAST,1.0,1,0.0,,,,,
BRE_00499,BREAKFAST,1.0,0,0.0,,,,,
BRE_00500,BREAKFAST,0.0,0,1.0,,,,,
BRE_00501,BREAKFAST,1.0,0,0.0,,,,,
BRE_00502,BREAKFAST,1.0,1,0.0,,,,,
BRE_00503,BREAKFAST,0.0,0,1.0,,,,,
BRE_00504,BREAKFAST,1.0,1,0.0,,,,,
BRE_00505,BREAKFAST,1.0,1,0.0,,,,,
BRE_00506,BREAKFAST,1.0,1,0.0,,,,,
BRE_00507,BREAKFAST,1.0,0,0.0,,,,,
BRE_00508,BREAKFAST,0.0,0,1.0,,,,,
BRE_00509,BREAKFAST,0.0,1,0.0,,,,,
BRE_00510,BREAKFAST,1.0,0,0.0,,,,,
BRE_00511,BREAKFAST,1.0,1,0.0,,,,,
BRE_00512,BREAKFAST,0.0,0,1.0,,,,,
BRE_00513,BREAKFAST,1.0,1,0.0,,,,,
BRE_00514,BREAKFAST,1.0,1,0.0,,,,,
BRE_00515,BREAKFAST,1.0,1,0.0,,,,,
BRE_00516,BREAKFAST,1.0,0,0.0,,,,,
BRE_00517,BREAKFAST,1.0,1,0.0,,,,,
BRE_00518,BREAKFAST,1.0,0,0.0,,,,,
BRE_00519,BREAKFAST,0.0,0,1.0,,,,,
BRE_00520,BREAKFAST,1.0,1,0.0,,,,,
BRE_00521,BREAKFAST,1.0,1,0.0,,,,,
BRE_00522,BREAKFAST,0.0,0,1.0,,,,,
BRE_00523,BREAKFAST,0.0,0,0.0,,,,,
BRE_00524,BREAKFAST,0.0,0,1.0,,,,,
BRE_00525,BREAKFAST,1.0,1,0.0,,,,,
BRE_00526,BREAKFAST,0.0,0,0.0,,,,,
BRE_00527,BREAKFAST,0.0,0,1.0,,,,,
BRE_00528,BREAKFAST,1.0,1,0.0,,,,,
BRE_00529,BREAKFAST,1.0,1,0.0,,,,,
BRE_00530,BREAKFAST,1.0,1,0.0,,,,,
BRE_00531,BREAKFAST,0.0,0,1.0,,,,,
BRE_00532,BREAKFAST,0.0,1,0.0,,,,,
BRE_00533,BREAKFAST,1.0,1,0.0,,,,,
BRE_00534,BREAKFAST,0.0,0,0.0,,,,,
BRE_00535,BREAKFAST,1.0,1,0.0,,,,,
BRE_00536,BREAKFAST,1.0,1,0.0,,,,,
BRE_00537,BREAKFAST,1.0,1,0.0,,,,,
BRE_00538,BREAKFAST,1.0,1,0.0,,,,,
BRE_00539,BREAKFAST,0.0,1,0.0,,,,,
BRE_00540,BREAKFAST,0.0,0,1.0,,,,,
BRE_00541,BREAKFAST,1.0,1,0.0,,,,,
BRE_00542,BREAKFAST,1.0,1,0.0,,,,,
BRE_00543,BREAKFAST,0.0,0,1.0,,,,,
BRE_00544,BREAKFAST,1.0,1,0.0,,,,,
BRE_00545,BREAKFAST,1.0,1,0.0,,,,,
BRE_00546,BREAKFAST,1.0,1,0.0,,,,,
BRE_00547,BREAKFAST,1.0,1,0.0,,,,,
BRE_00548,BREAKFAST,1.0,0,0.0,,,,,
BRE_00549,BREAKFAST,0.0,0,1.0,,,,,
BRE_00550,BREAKFAST,1.0,1,0.0,,,,,
BRE_00551,BREAKFAST,0.0,1,0.0,,,,,
BRE_00552,BREAKFAST,0.0,0,1.0,,,,,
BRE_00553,BREAKFAST,1.0,0,0.0,,,,,
BRE_00554,BREAKFAST,0.0,1,0.0,,,,,
BRE_00555,BREAKFAST,0.0,1,0.0,,,,,
BRE_00556,BREAKFAST,0.0,1,0.0,,,,,
BRE_00557,BREAKFAST,1.0,1,0.0,,,,,
BRE_00558,BREAKFAST,0.0,0,1.0,,,,,
BRE_00559,BREAKFAST,1.0,0,0.0,,,,,
BRE_00560,BREAKFAST,1.0,1,0.0,,,,,
BRE_00561,BREAKFAST,0.0,0,1.0,,,,,
BRE_00562,BREAKFAST,1.0,1,0.0,,,,,
BRE_00563,BREAKFAST,1.0,1,0.0,,,,,
BRE_00564,BREAKFAST,1.0,1,0.0,,,,,
BRE_00565,BREAKFAST,0.0,0,1.0,,,,,
BRE_00566,BREAKFAST,1.0,1,0.0,,,,,
BRE_00567,BREAKFAST,0.0,0,1.0,,,,,
BRE_00568,BREAKFAST,0.0,0,1.0,,,,,
BRE_00569,BREAKFAST,1.0,1,0.0,,,,,
BRE_00570,BREAKFAST,1.0,1,0.0,,,,,
BRE_00571,BREAKFAST,1.0,0,0.0,,,,,
BRE_00572,BREAKFAST,1.0,1,0.0,,,,,
BRE_00573,BREAKFAST,1.0,0,0.0,,,,,
BRE_00574,BREAKFAST,0.0,0,1.0,,,,,
BRE_00575,BREAKFAST,0.0,1,0.0,,,,,
BRE_00576,BREAKFAST,1.0,1,0.0,,,,,
BRE_00577,BREAKFAST,1.0,1,0.0,,,,,
BRE_00578,BREAKFAST,1.0,1,0.0,,,,,
BRE_00579,BREAKFAST,0.0,0,1.0,,,,,
BRE_00580,BREAKFAST,1.0,1,0.0,,,,,
BRE_00581,BREAKFAST,0.0,1,0.0,,,,,
BRE_00582,BREAKFAST,0.0,0,1.0,,,,,
BRE_00583,BREAKFAST,1.0,1,0.0,,,,,
BRE_00584,BREAKFAST,1.0,1,0.0,,,,,
BRE_00585,BREAKFAST,1.0,0,0.0,,,,,
BRE_00586,BREAKFAST,0.0,1,0.0,,,,,
BRE_00587,BREAKFAST,0.0,0,1.0,,,,,
BRE_00588,BREAKFAST,0.0,0,1.0,,,,,
BRE_00589,BREAKFAST,0.0,0,1.0,,,,,
BRE_00590,BREAKFAST,1.0,1,0.0,,,,,
BRE_00591,BREAKFAST,0.0,0,1.0,,,,,
BRE_00592,BREAKFAST,1.0,1,0.0,,,,,
BRE_00593,BREAKFAST,0.0,0,1.0,,,,,
BRE_00594,BREAKFAST,1.0,1,0.0,,,,,
BRE_00595,BREAKFAST,0.0,0,1.0,,,,,
BRE_00596,BREAKFAST,1.0,1,0.0,,,,,
BRE_00597,BREAKFAST,1.0,1,0.0,,,,,
BRE_00598,BREAKFAST,1.0,1,0.0,,,,,
BRE_00599,BREAKFAST,0.0,0,1.0,,,,,
BRE_00600,BREAKFAST,1.0,1,0.0,,,,,
BRE_00601,BREAKFAST,1.0,1,0.0,,,,,
BRE_00602,BREAKFAST,0.0,0,1.0,,,,,
BRE_00603,BREAKFAST,1.0,1,0.0,,,,,
BRE_00604,BREAKFAST,1.0,1,0.0,,,,,
BRE_00605,BREAKFAST,1.0,1,0.0,,,,,
BRE_00606,BREAKFAST,0.0,1,0.0,,,,,
BRE_00607,BREAKFAST,1.0,1,0.0,,,,,
BRE_00608,BREAKFAST,1.0,1,0.0,,,,,
BRE_00609,BREAKFAST,0.0,1,0.0,,,,,
BRE_00610,BREAKFAST,1.0,1,0.0,,,,,
BRE_00611,BREAKFAST,1.0,1,0.0,,,,,
BRE_00612,BREAKFAST,1.0,1,0.0,,,,,
BRE_00613,BREAKFAST,1.0,1,0.0,,,,,
BRE_00614,BREAKFAST,1.0,0,0.0,,,,,
BRE_00615,BREAKFAST,1.0,1,0.0,,,,,
BRE_00616,BREAKFAST,0.0,0,1.0,,,,,
BRE_00617,BREAKFAST,1.0,1,0.0,,,,,
BRE_00618,BREAKFAST,1.0,1,0.0,,,,,
BRE_00619,BREAKFAST,1.0,1,0.0,,,,,
BRE_00620,BREAKFAST,1.0,1,0.0,,,,,
BRE_00621,BREAKFAST,1.0,1,0.0,,,,,
BRE_00622,BREAKFAST,1.0,1,0.0,,,,,
BRE_00623,BREAKFAST,1.0,1,0.0,,,,,
BRE_00624,BREAKFAST,1.0,1,0.0,,,,,
BRE_00625,BREAKFAST,1.0,0,0.0,,,,,
BRE_00626,BREAKFAST,0.0,0,1.0,,,,,
BRE_00627,BREAKFAST,1.0,1,0.0,,,,,
BRE_00628,BREAKFAST,1.0,1,0.0,,,,,
BRE_00629,BREAKFAST,0.0,0,1.0,,,,,
BRE_00630,BREAKFAST,1.0,0,0.0,,,,,
BRE_00631,BREAKFAST,1.0,1,0.0,,,,,
BRE_00632,BREAKFAST,0.0,0,1.0,,,,,
BRE_00633,BREAKFAST,0.0,0,1.0,,,,,
BRE_00634,BREAKFAST,0.0,0,0.0,,,,,
BRE_00635,BREAKFAST,1.0,1,0.0,,,,,
BRE_00636,BREAKFAST,0.0,0,1.0,,,,,
BRE_00637,BREAKFAST,1.0,1,0.0,,,,,
BRE_00638,BREAKFAST,1.0,1,0.0,,,,,
BRE_00639,BREAKFAST,1.0,0,0.0,,,,,
BRE_00640,BREAKFAST,1.0,1,0.0,,,,,
BRE_00641,BREAKFAST,0.0,0,1.0,,,,,
BRE_00642,BREAKFAST,1.0,1,0.0,,,,,
BRE_00643,BREAKFAST,1.0,0,0.0,,,,,
BRE_00644,BREAKFAST,1.0,1,0.0,,,,,
BRE_00645,BREAKFAST,0.0,0,1.0,,,,,
BRE_00646,BREAKFAST,1.0,1,0.0,,,,,
BRE_00647,BREAKFAST,0.0,0,1.0,,,,,
BRE_00648,BREAKFAST,1.0,1,0.0,,,,,
BRE_00649,BREAKFAST,1.0,0,0.0,,,,,
BRE_00650,BREAKFAST,0.0,0,0.0,,,,,
BRE_00651,BREAKFAST,1.0,1,0.0,,,,,
BRE_00652,BREAKFAST,0.0,0,1.0,,,,,
BRE_00653,BREAKFAST,1.0,1,0.0,,,,,
BRE_00654,BREAKFAST,1.0,1,0.0,,,,,
BRE_00655,BREAKFAST,1.0,1,0.0,,,,,
BRE_00656,BREAKFAST,1.0,1,0.0,,,,,
BRE_00657,BREAKFAST,1.0,1,0.0,,,,,
BRE_00658,BREAKFAST,0.0,1,0.0,,,,,
BRE_00659,BREAKFAST,0.0,0,1.0,,,,,
BRE_00660,BREAKFAST,0.0,1,0.0,,,,,
BRE_00661,BREAKFAST,1.0,1,0.0,,,,,
BRE_00662,BREAKFAST,1.0,1,0.0,,,,,
BRE_00663,BREAKFAST,1.0,1,0.0,,,,,
BRE_00664,BREAKFAST,0.0,0,1.0,,,,,
BRE_00665,BREAKFAST,1.0,1,0.0,,,,,
BRE_00666,BREAKFAST,1.0,1,0.0,,,,,
BRE_00667,BREAKFAST,0.0,1,0.0,,,,,
BRE_00668,BREAKFAST,0.0,1,0.0,,,,,
BRE_00669,BREAKFAST,0.0,0,1.0,,,,,
BRE_00670,BREAKFAST,0.0,1,0.0,,,,,
BRE_00671,BREAKFAST,0.0,0,1.0,,,,,
BRE_00672,BREAKFAST,0.0,1,0.0,,,,,
BRE_00673,BREAKFAST,1.0,1,0.0,,,,,
BRE_00674,BREAKFAST,1.0,1,0.0,,,,,
BRE_00675,BREAKFAST,1.0,1,0.0,,,,,
BRE_00676,BREAKFAST,0.0,0,1.0,,,,,
BRE_00677,BREAKFAST,1.0,1,0.0,,,,,
BRE_00678,BREAKFAST,1.0,1,0.0,,,,,
BRE_00679,BREAKFAST,1.0,1,0.0,,,,,
BRE_00680,BREAKFAST,1.0,1,0.0,,,,,
BRE_00681,BREAKFAST,1.0,1,0.0,,,,,
BRE_00682,BREAKFAST,0.0,0,1.0,,,,,
BRE_00683,BREAKFAST,1.0,1,0.0,,,,,
BRE_00684,BREAKFAST,0.0,0,1.0,,,,,
BRE_00685,BREAKFAST,1.0,1,0.0,,,,,
BRE_00686,BREAKFAST,1.0,1,0.0,,,,,
BRE_00687,BREAKFAST,0.0,0,1.0,,,,,
BRE_00688,BREAKFAST,1.0,1,0.0,,,,,
BRE_00689,BREAKFAST,1.0,1,0.0,,,,,
BRE_00690,BREAKFAST,1.0,1,0.0,,,,,
BRE_00691,BREAKFAST,0.0,0,1.0,,,,,
BRE_00692,BREAKFAST,1.0,1,0.0,,,,,
BRE_00693,BREAKFAST,1.0,1,0.0,,,,,
BRE_00694,BREAKFAST,0.0,1,0.0,,,,,
BRE_00695,BREAKFAST,0.0,0,0.0,,,,,
BRE_00696,BREAKFAST,1.0,1,0.0,,,,,
BRE_00697,BREAKFAST,0.0,1,0.0,,,,,
BRE_00698,BREAKFAST,1.0,1,0.0,,,,,
BRE_00699,BREAKFAST,1.0,1,0.0,,,,,
BRE_00700,BREAKFAST,1.0,0,0.0,,,,,
BRE_00701,BREAKFAST,1.0,1,0.0,,,,,
BRE_00702,BREAKFAST,1.0,1,0.0,,,,,
BRE_00703,BREAKFAST,1.0,1,0.0,,,,,
BRE_00704,BREAKFAST,1.0,1,0.0,,,,,
BRE_00705,BREAKFAST,1.0,1,0.0,,,,,
BRE_00706,BREAKFAST,1.0,1,0.0,,,,,
BRE_00707,BREAKFAST,1.0,1,0.0,,,,,
BRE_00708,BREAKFAST,1.0,1,0.0,,,,,
BRE_00709,BREAKFAST,0.0,1,0.0,,,,,
BRE_00710,BREAKFAST,0.0,1,0.0,,,,,
BRE_00711,BREAKFAST,0.0,1,0.0,,,,,
BRE_00712,BREAKFAST,1.0,1,0.0,,,,,
BRE_00713,BREAKFAST,1.0,1,0.0,,,,,
BRE_00714,BREAKFAST,1.0,1,0.0,,,,,
BRE_00715,BREAKFAST,1.0,1,0.0,,,,,
BRE_00716,BREAKFAST,1.0,0,0.0,,,,,
BRE_00717,BREAKFAST,1.0,1,0.0,,,,,
BRE_00718,BREAKFAST,1.0,1,0.0,,,,,
BRE_00719,BREAKFAST,1.0,1,0.0,,,,,
BRE_00720,BREAKFAST,0.0,0,1.0,,,,,
BRE_00721,BREAKFAST,1.0,0,0.0,,,,,
BRE_00722,BREAKFAST,1.0,1,0.0,,,,,
BRE_00723,BREAKFAST,1.0,1,0.0,,,,,
BRE_00724,BREAKFAST,1.0,0,0.0,,,,,
BRE_00725,BREAKFAST,1.0,0,0.0,,,,,
BRE_00726,BREAKFAST,1.0,1,0.0,,,,,
BRE_00727,BREAKFAST,1.0,1,0.0,,,,,
BRE_00728,BREAKFAST,1.0,0,0.0,,,,,
BRE_00729,BREAKFAST,0.0,0,1.0,,,,,
BRE_00730,BREAKFAST,0.0,1,0.0,,,,,
BRE_00731,BREAKFAST,1.0,1,0.0,,,,,
BRE_00732,BREAKFAST,1.0,1,0.0,,,,,
BRE_00733,BREAKFAST,1.0,1,0.0,,,,,
BRE_00734,BREAKFAST,1.0,0,0.0,,,,,
BRE_00735,BREAKFAST,1.0,1,0.0,,,,,
BRE_00736,BREAKFAST,1.0,1,0.0,,,,,
BRE_00737,BREAKFAST,1.0,1,0.0,,,,,
BRE_00738,BREAKFAST,1.0,1,0.0,,,,,
BRE_00739,BREAKFAST,0.0,1,0.0,,,,,
BRE_00740,BREAKFAST,1.0,1,0.0,,,,,
BRE_00741,BREAKFAST,1.0,1,0.0,,,,,
BRE_00742,BREAKFAST,1.0,0,0.0,,,,,
BRE_00743,BREAKFAST,0.0,1,0.0,,,,,
BRE_00744,BREAKFAST,1.0,1,0.0,,,,,
BRE_00745,BREAKFAST,0.0,0,1.0,,,,,
BRE_00746,BREAKFAST,0.0,0,1.0,,,,,
BRE_00747,BREAKFAST,0.0,0,0.0,,,,,
BRE_00748,BREAKFAST,1.0,0,0.0,,,,,
BRE_00749,BREAKFAST,1.0,1,0.0,,,,,
BRE_00750,BREAKFAST,0.0,1,0.0,,,,,
BRE_00751,BREAKFAST,0.0,0,0.0,,,,,
BRE_00752,BREAKFAST,0.0,0,1.0,,,,,
BRE_00753,BREAKFAST,1.0,1,0.0,,,,,
BRE_00754,BREAKFAST,1.0,0,0.0,,,,,
BRE_00755,BREAKFAST,1.0,1,0.0,,,,,
BRE_00756,BREAKFAST,1.0,1,0.0,,,,,
BRE_00757,BREAKFAST,0.0,0,1.0,,,,,
BRE_00758,BREAKFAST,0.0,1,0.0,,,,,
BRE_00759,BREAKFAST,1.0,0,0.0,,,,,
BRE_00760,BREAKFAST,1.0,1,0.0,,,,,
BRE_00761,BREAKFAST,1.0,1,0.0,,,,,
BRE_00762,BREAKFAST,1.0,1,0.0,,,,,
BRE_00763,BREAKFAST,0.0,1,0.0,,,,,
BRE_00764,BREAKFAST,0.0,0,1.0,,,,,
BRE_00765,BREAKFAST,1.0,1,0.0,,,,,
BRE_00766,BREAKFAST,1.0,1,0.0,,,,,
BRE_00767,BREAKFAST,1.0,1,0.0,,,,,
BRE_00768,BREAKFAST,1.0,0,0.0,,,,,
BRE_00769,BREAKFAST,1.0,1,0.0,,,,,
BRE_00770,BREAKFAST,1.0,1,0.0,,,,,
BRE_00771,BREAKFAST,1.0,1,0.0,,,,,
BRE_00772,BREAKFAST,1.0,1,0.0,,,,,
BRE_00773,BREAKFAST,0.0,1,0.0,,,,,
BRE_00774,BREAKFAST,0.0,1,0.0,,,,,
BRE_00775,BREAKFAST,1.0,1,0.0,,,,,
BRE_00776,BREAKFAST,1.0,0,0.0,,,,,
BRE_00777,BREAKFAST,1.0,1,0.0,,,,,
BRE_00778,BREAKFAST,0.0,0,1.0,,,,,
BRE_00779,BREAKFAST,0.0,1,0.0,,,,,
BRE_00780,BREAKFAST,1.0,1,0.0,,,,,
BRE_00781,BREAKFAST,1.0,1,0.0,,,,,
BRE_00782,BREAKFAST,1.0,1,0.0,,,,,
BRE_00783,BREAKFAST,1.0,1,0.0,,,,,
BRE_00784,BREAKFAST,1.0,1,0.0,,,,,
BRE_00785,BREAKFAST,1.0,1,0.0,,,,,
BRE_00786,BREAKFAST,0.0,0,1.0,,,,,
BRE_00787,BREAKFAST,1.0,1,0.0,,,,,
BRE_00788,BREAKFAST,0.0,0,0.0,,,,,
BRE_00789,BREAKFAST,1.0,1,0.0,,,,,
BRE_00790,BREAKFAST,1.0,0,0.0,,,,,
BRE_00791,BREAKFAST,0.0,0,1.0,,,,,
BRE_00792,BREAKFAST,1.0,1,0.0,,,,,
BRE_00793,BREAKFAST,1.0,1,0.0,,,,,
BRE_00794,BREAKFAST,1.0,1,0.0,,,,,
BRE_00795,BREAKFAST,0.0,0,1.0,,,,,
BRE_00796,BREAKFAST,1.0,0,0.0,,,,,
BRE_00797,BREAKFAST,1.0,1,0.0,,,,,
BRE_00798,BREAKFAST,1.0,1,0.0,,,,,
BRE_00799,BREAKFAST,1.0,0,0.0,,,,,
BRE_00800,BREAKFAST,1.0,1,0.0,,,,,
BRE_00801,BREAKFAST,0.0,1,0.0,,,,,
BRE_00802,BREAKFAST,0.0,0,1.0,,,,,
BRE_00803,BREAKFAST,1.0,1,0.0,,,,,
BRE_00804,BREAKFAST,1.0,0,0.0,,,,,
BRE_00805,BREAKFAST,0.0,0,1.0,,,,,
BRE_00806,BREAKFAST,1.0,1,0.0,,,,,
BRE_00807,BREAKFAST,1.0,1,0.0,,,,,
BRE_00808,BREAKFAST,0.0,1,0.0,,,,,
BRE_00809,BREAKFAST,0.0,1,0.0,,,,,
BRE_00810,BREAKFAST,0.0,1,0.0,,,,,
BRE_00811,BREAKFAST,0.0,0,1.0,,,,,
BRE_00812,BREAKFAST,1.0,1,0.0,,,,,
BRE_00813,BREAKFAST,0.0,1,0.0,,,,,
BRE_00814,BREAKFAST,1.0,1,0.0,,,,,
BRE_00815,BREAKFAST,0.0,1,0.0,,,,,
BRE_00816,BREAKFAST,1.0,1,0.0,,,,,
BRE_00817,BREAKFAST,1.0,1,0.0,,,,,
BRE_00818,BREAKFAST,1.0,1,0.0,,,,,
BRE_00819,BREAKFAST,0.0,1,0.0,,,,,
BRE_00820,BREAKFAST,0.0,0,1.0,,,,,
BRE_00821,BREAKFAST,0.0,0,1.0,,,,,
BRE_00822,BREAKFAST,0.0,0,1.0,,,,,
BRE_00823,BREAKFAST,0.0,1,0.0,,,,,
BRE_00824,BREAKFAST,1.0,1,0.0,,,,,
BRE_00825,BREAKFAST,1.0,1,0.0,,,,,
BRE_00826,BREAKFAST,1.0,0,0.0,,,,,
BRE_00827,BREAKFAST,1.0,1,0.0,,,,,
BRE_00828,BREAKFAST,0.0,1,0.0,,,,,
BRE_00829,BREAKFAST,1.0,1,0.0,,,,,
BRE_00830,BREAKFAST,1.0,1,0.0,,,,,
BRE_00831,BREAKFAST,1.0,1,0.0,,,,,
BRE_00832,BREAKFAST,0.0,1,0.0,,,,,
BRE_00833,BREAKFAST,1.0,0,0.0,,,,,
BRE_00834,BREAKFAST,1.0,1,0.0,,,,,
BRE_00835,BREAKFAST,1.0,1,0.0,,,,,
BRE_00836,BREAKFAST,1.0,1,0.0,,,,,
BRE_00837,BREAKFAST,1.0,1,0.0,,,,,
BRE_00838,BREAKFAST,1.0,1,0.0,,,,,
BRE_00839,BREAKFAST,1.0,1,0.0,,,,,
BRE_00840,BREAKFAST,1.0,1,0.0,,,,,
BRE_00841,BREAKFAST,0.0,1,0.0,,,,,
BRE_00842,BREAKFAST,0.0,0,1.0,,,,,
BRE_00843,BREAKFAST,1.0,1,0.0,,,,,
BRE_00844,BREAKFAST,0.0,1,0.0,,,,,
BRE_00845,BREAKFAST,1.0,1,0.0,,,,,
BRE_00846,BREAKFAST,1.0,1,0.0,,,,,
BRE_00847,BREAKFAST,1.0,1,0.0,,,,,
BRE_00848,BREAKFAST,1.0,1,0.0,,,,,
BRE_00849,BREAKFAST,1.0,1,0.0,,,,,
BRE_00850,BREAKFAST,1.0,1,0.0,,,,,
BRE_00851,BREAKFAST,0.0,0,1.0,,,,,
BRE_00852,BREAKFAST,0.0,0,1.0,,,,,
BRE_00853,BREAKFAST,0.0,0,1.0,,,,,
BRE_00854,BREAKFAST,1.0,1,0.0,,,,,
BRE_00855,BREAKFAST,1.0,1,0.0,,,,,
BRE_00856,BREAKFAST,0.0,1,0.0,,,,,
BRE_00857,BREAKFAST,0.0,0,0.0,,,,,
BRE_00858,BREAKFAST,1.0,1,0.0,,,,,
BRE_00859,BREAKFAST,1.0,1,0.0,,,,,
BRE_00860,BREAKFAST,0.0,1,0.0,,,,,
BRE_00861,BREAKFAST,0.0,0,1.0,,,,,
BRE_00862,BREAKFAST,1.0,1,0.0,,,,,
BRE_00863,BREAKFAST,0.0,1,0.0,,,,,
BRE_00864,BREAKFAST,1.0,1,0.0,,,,,
BRE_00865,BREAKFAST,1.0,1,0.0,,,,,
BRE_00866,BREAKFAST,0.0,1,0.0,,,,,
BRE_00867,BREAKFAST,0.0,0,1.0,,,,,
BRE_00868,BREAKFAST,1.0,1,0.0,,,,,
BRE_00869,BREAKFAST,1.0,1,0.0,,,,,
BRE_00870,BREAKFAST,1.0,1,0.0,,,,,
BRE_00871,BREAKFAST,0.0,0,1.0,,,,,
BRE_00872,BREAKFAST,1.0,0,0.0,,,,,
BRE_00873,BREAKFAST,1.0,1,0.0,,,,,
BRE_00874,BREAKFAST,1.0,1,0.0,,,,,
BRE_00875,BREAKFAST,1.0,1,0.0,,,,,
BRE_00876,BREAKFAST,0.0,1,0.0,,,,,
BRE_00877,BREAKFAST,0.0,1,0.0,,,,,
BRE_00878,BREAKFAST,0.0,1,0.0,,,,,
BRE_00879,BREAKFAST,1.0,1,0.0,,,,,
BRE_00880,BREAKFAST,1.0,1,0.0,,,,,
BRE_00881,BREAKFAST,1.0,1,0.0,,,,,
BRE_00882,BREAKFAST,0.0,0,1.0,,,,,
BRE_00883,BREAKFAST,1.0,1,0.0,,,,,
BRE_00884,BREAKFAST,1.0,1,0.0,,,,,
BRE_00885,BREAKFAST,1.0,1,0.0,,,,,
BRE_00886,BREAKFAST,0.0,0,1.0,,,,,
BRE_00887,BREAKFAST,1.0,1,0.0,,,,,
BRE_00888,BREAKFAST,0.0,0,1.0,,,,,
BRE_00889,BREAKFAST,1.0,1,0.0,,,,,
BRE_00890,BREAKFAST,1.0,1,0.0,,,,,
BRE_00891,BREAKFAST,1.0,1,0.0,,,,,
BRE_00892,BREAKFAST,1.0,1,0.0,,,,,
BRE_00893,BREAKFAST,1.0,1,0.0,,,,,
BRE_00894,BREAKFAST,1.0,1,0.0,,,,,
BRE_00895,BREAKFAST,1.0,1,0.0,,,,,
BRE_00896,BREAKFAST,1.0,0,0.0,,,,,
BRE_00897,BREAKFAST,1.0,1,0.0,,,,,
BRE_00898,BREAKFAST,0.0,0,1.0,,,,,
BRE_00899,BREAKFAST,1.0,1,0.0,,,,,
BRE_00900,BREAKFAST,1.0,1,0.0,,,,,
BRE_00901,BREAKFAST,1.0,1,0.0,,,,,
BRE_00902,BREAKFAST,1.0,1,0.0,,,,,
BRE_00903,BREAKFAST,1.0,0,0.0,,,,,
BRE_00904,BREAKFAST,1.0,1,0.0,,,,,
BRE_00905,BREAKFAST,1.0,1,0.0,,,,,
BRE_00906,BREAKFAST,1.0,1,0.0,,,,,
BRE_00907,BREAKFAST,1.0,1,0.0,,,,,
BRE_00908,BREAKFAST,1.0,1,0.0,,,,,
BRE_00909,BREAKFAST,1.0,1,0.0,,,,,
BRE_00910,BREAKFAST,1.0,1,0.0,,,,,
BRE_00911,BREAKFAST,0.0,0,0.0,,,,,
BRE_00912,BREAKFAST,1.0,1,0.0,,,,,
BRE_00913,BREAKFAST,0.0,0,0.0,,,,,
BRE_00914,BREAKFAST,1.0,1,0.0,,,,,
BRE_00915,BREAKFAST,1.0,0,0.0,,,,,
BRE_00916,BREAKFAST,1.0,1,0.0,,,,,
BRE_00917,BREAKFAST,1.0,1,0.0,,,,,
BRE_00918,BREAKFAST,1.0,0,0.0,,,,,
BRE_00919,BREAKFAST,1.0,1,0.0,,,,,
BRE_00920,BREAKFAST,1.0,1,0.0,,,,,
BRE_00921,BREAKFAST,1.0,0,0.0,,,,,
BRE_00922,BREAKFAST,1.0,1,0.0,,,,,
BRE_00923,BREAKFAST,0.0,0,1.0,,,,,
BRE_00924,BREAKFAST,1.0,1,0.0,,,,,
BRE_00925,BREAKFAST,1.0,1,0.0,,,,,
BRE_00926,BREAKFAST,1.0,1,0.0,,,,,
BRE_00927,BREAKFAST,1.0,1,0.0,,,,,
BRE_00928,BREAKFAST,0.0,1,0.0,,,,,
BRE_00929,BREAKFAST,1.0,1,0.0,,,,,
BRE_00930,BREAKFAST,1.0,1,0.0,,,,,
BRE_00931,BREAKFAST,1.0,1,0.0,,,,,
BRE_00932,BREAKFAST,0.0,1,0.0,,,,,
BRE_00933,BREAKFAST,1.0,1,0.0,,,,,
BRE_00934,BREAKFAST,0.0,1,0.0,,,,,
BRE_00935,BREAKFAST,1.0,1,0.0,,,,,
BRE_00936,BREAKFAST,1.0,1,0.0,,,,,
BRE_00937,BREAKFAST,1.0,1,0.0,,,,,
BRE_00938,BREAKFAST,1.0,1,0.0,,,,,
BRE_00939,BREAKFAST,1.0,1,0.0,,,,,
BRE_00940,BREAKFAST,1.0,1,0.0,,,,,
BRE_00941,BREAKFAST,0.0,0,1.0,,,,,
BRE_00942,BREAKFAST,0.0,0,1.0,,,,,
BRE_00943,BREAKFAST,1.0,1,0.0,,,,,
BRE_00944,BREAKFAST,1.0,1,0.0,,,,,
BRE_00945,BREAKFAST,1.0,1,0.0,,,,,
BRE_00946,BREAKFAST,1.0,1,0.0,,,,,
BRE_00947,BREAKFAST,1.0,1,0.0,,,,,
BRE_00948,BREAKFAST,1.0,1,0.0,,,,,
BRE_00949,BREAKFAST,1.0,0,0.0,,,,,
BRE_00950,BREAKFAST,0.0,1,0.0,,,,,
BRE_00951,BREAKFAST,0.0,1,0.0,,,,,
BRE_00952,BREAKFAST,1.0,1,0.0,,,,,
BRE_00953,BREAKFAST,1.0,1,0.0,,,,,
BRE_00954,BREAKFAST,1.0,0,0.0,,,,,
BRE_00955,BREAKFAST,0.0,0,1.0,,,,,
BRE_00956,BREAKFAST,0.0,1,0.0,,,,,
BRE_00957,BREAKFAST,1.0,1,0.0,,,,,
BRE_00958,BREAKFAST,0.0,0,1.0,,,,,
BRE_00959,BREAKFAST,1.0,0,0.0,,,,,
BRE_00960,BREAKFAST,1.0,0,0.0,,,,,
BRE_00961,BREAKFAST,1.0,1,0.0,,,,,
BRE_00962,BREAKFAST,1.0,1,0.0,,,,,
BRE_00963,BREAKFAST,1.0,1,0.0,,,,,
BRE_00964,BREAKFAST,1.0,0,0.0,,,,,
BRE_00965,BREAKFAST,1.0,1,0.0,,,,,
BRE_00966,BREAKFAST,0.0,0,1.0,,,,,
BRE_00967,BREAKFAST,0.0,0,1.0,,,,,
BRE_00968,BREAKFAST,0.0,0,1.0,,,,,
BRE_00969,BREAKFAST,0.0,1,0.0,,,,,
BRE_00970,BREAKFAST,1.0,0,0.0,,,,,
BRE_00971,BREAKFAST,0.0,1,0.0,,,,,
BRE_00972,BREAKFAST,0.0,0,1.0,,,,,
BRE_00973,BREAKFAST,1.0,1,0.0,,,,,
BRE_00974,BREAKFAST,1.0,1,0.0,,,,,
BRE_00975,BREAKFAST,0.0,0,1.0,,,,,
BRE_00976,BREAKFAST,1.0,1,0.0,,,,,
BRE_00977,BREAKFAST,0.0,0,1.0,,,,,
BRE_00978,BREAKFAST,1.0,1,0.0,,,,,
BRE_00979,BREAKFAST,0.0,0,1.0,,,,,
BRE_00980,BREAKFAST,1.0,1,0.0,,,,,
BRE_00981,BREAKFAST,1.0,1,0.0,,,,,
BRE_00982,BREAKFAST,1.0,1,0.0,,,,,
BRE_00983,BREAKFAST,1.0,1,0.0,,,,,
BRE_00984,BREAKFAST,1.0,1,0.0,,,,,
BRE_00985,BREAKFAST,1.0,0,0.0,,,,,
BRE_00986,BREAKFAST,0.0,0,1.0,,,,,
BRE_00987,BREAKFAST,1.0,1,0.0,,,,,
BRE_00988,BREAKFAST,1.0,1,0.0,,,,,
BRE_00989,BREAKFAST,1.0,0,0.0,,,,,
BRE_00990,BREAKFAST,0.0,1,0.0,,,,,
BRE_00991,BREAKFAST,1.0,1,0.0,,,,,
BRE_00992,BREAKFAST,1.0,1,0.0,,,,,
BRE_00993,BREAKFAST,0.0,0,1.0,,,,,
BRE_00994,BREAKFAST,1.0,1,0.0,,,,,
BRE_00995,BREAKFAST,1.0,1,0.0,,,,,
BRE_00996,BREAKFAST,0.0,1,0.0,,,,,
BRE_00997,BREAKFAST,1.0,1,0.0,,,,,
BRE_00998,BREAKFAST,1.0,1,0.0,,,,,
BRE_00999,BREAKFAST,1.0,1,0.0,,,,,
BRE_01000,BREAKFAST,1.0,1,0.0,,,,,
BRE_01001,BREAKFAST,1.0,1,0.0,,,,,
BRE_01002,BREAKFAST,0.0,0,1.0,,,,,
BRE_01003,BREAKFAST,0.0,0,1.0,,,,,
BRE_01004,BREAKFAST,1.0,1,0.0,,,,,
BRE_01005,BREAKFAST,0.0,1,0.0,,,,,
BRE_01006,BREAKFAST,1.0,0,0.0,,,,,
BRE_01007,BREAKFAST,1.0,0,0.0,,,,,
BRE_01008,BREAKFAST,1.0,1,0.0,,,,,
BRE_01009,BREAKFAST,1.0,1,0.0,,,,,
BRE_01010,BREAKFAST,0.0,0,1.0,,,,,
BRE_01011,BREAKFAST,1.0,1,0.0,,,,,
BRE_01012,BREAKFAST,1.0,1,0.0,,,,,
BRE_01013,BREAKFAST,1.0,1,0.0,,,,,
BRE_01014,BREAKFAST,1.0,1,0.0,,,,,
BRE_01015,BREAKFAST,1.0,0,0.0,,,,,
BRE_01016,BREAKFAST,0.0,1,0.0,,,,,
BRE_01017,BREAKFAST,1.0,1,0.0,,,,,
BRE_01018,BREAKFAST,1.0,0,0.0,,,,,
BRE_01019,BREAKFAST,1.0,0,0.0,,,,,
BRE_01020,BREAKFAST,1.0,1,0.0,,,,,
BRE_01021,BREAKFAST,1.0,1,0.0,,,,,
BRE_01022,BREAKFAST,1.0,1,0.0,,,,,
BRE_01023,BREAKFAST,1.0,1,0.0,,,,,
BRE_01024,BREAKFAST,0.0,1,0.0,,,,,
BRE_01025,BREAKFAST,0.0,0,1.0,,,,,
BRE_01026,BREAKFAST,0.0,0,1.0,,,,,
BRE_01027,BREAKFAST,0.0,0,1.0,,,,,
BRE_01028,BREAKFAST,0.0,0,1.0,,,,,
BRE_01029,BREAKFAST,0.0,0,1.0,,,,,
BRE_01030,BREAKFAST,0.0,1,0.0,,,,,
BRE_01031,BREAKFAST,1.0,1,0.0,,,,,
BRE_01032,BREAKFAST,0.0,0,1.0,,,,,
BRE_01033,BREAKFAST,1.0,1,0.0,,,,,
BRE_01034,BREAKFAST,1.0,1,0.0,,,,,
BRE_01035,BREAKFAST,1.0,1,0.0,,,,,
BRE_01036,BREAKFAST,1.0,1,0.0,,,,,
BRE_01037,BREAKFAST,0.0,0,1.0,,,,,
BRE_01038,BREAKFAST,1.0,1,0.0,,,,,
BRE_01039,BREAKFAST,1.0,1,0.0,,,,,
BRE_01040,BREAKFAST,1.0,1,0.0,,,,,
BRE_01041,BREAKFAST,1.0,1,0.0,,,,,
BRE_01042,BREAKFAST,1.0,1,0.0,,,,,
BRE_01043,BREAKFAST,1.0,1,0.0,,,,,
BRE_01044,BREAKFAST,1.0,1,0.0,,,,,
BRE_01045,BREAKFAST,1.0,1,0.0,,,,,
BRE_01046,BREAKFAST,0.0,1,0.0,,,,,
BRE_01047,BREAKFAST,1.0,1,0.0,,,,,
BRE_01048,BREAKFAST,1.0,1,0.0,,,,,
BRE_01049,BREAKFAST,0.0,1,0.0,,,,,
BRE_01050,BREAKFAST,0.0,1,0.0,,,,,
BRE_01051,BREAKFAST,1.0,1,0.0,,,,,
BRE_01052,BREAKFAST,1.0,1,0.0,,,,,
BRE_01053,BREAKFAST,1.0,1,0.0,,,,,
BRE_01054,BREAKFAST,0.0,1,0.0,,,,,
BRE_01055,BREAKFAST,1.0,1,0.0,,,,,
BRE_01056,BREAKFAST,1.0,1,0.0,,,,,
BRE_01057,BREAKFAST,1.0,0,0.0,,,,,
BRE_01058,BREAKFAST,1.0,1,0.0,,,,,
BRE_01059,BREAKFAST,1.0,1,0.0,,,,,
BRE_01060,BREAKFAST,1.0,1,0.0,,,,,
BRE_01061,BREAKFAST,0.0,0,1.0,,,,,
BRE_01062,BREAKFAST,1.0,1,0.0,,,,,
BRE_01063,BREAKFAST,0.0,0,1.0,,,,,
BRE_01064,BREAKFAST,0.0,0,1.0,,,,,
BRE_01065,BREAKFAST,1.0,1,0.0,,,,,
BRE_01066,BREAKFAST,1.0,1,0.0,,,,,
BRE_01067,BREAKFAST,1.0,1,0.0,,,,,
BRE_01068,BREAKFAST,1.0,1,0.0,,,,,
BRE_01069,BREAKFAST,1.0,1,0.0,,,,,
BRE_01070,BREAKFAST,1.0,1,0.0,,,,,
BRE_01071,BREAKFAST,1.0,1,0.0,,,,,
BRE_01072,BREAKFAST,0.0,1,0.0,,,,,
BRE_01073,BREAKFAST,0.0,1,0.0,,,,,
BRE_01074,BREAKFAST,1.0,1,0.0,,,,,
BRE_01075,BREAKFAST,0.0,0,1.0,,,,,
BRE_01076,BREAKFAST,1.0,0,0.0,,,,,
BRE_01077,BREAKFAST,1.0,1,0.0,,,,,
BRE_01078,BREAKFAST,1.0,1,0.0,,,,,
BRE_01079,BREAKFAST,0.0,1,0.0,,,,,
BRE_01080,BREAKFAST,1.0,1,0.0,,,,,
BRE_01081,BREAKFAST,1.0,1,0.0,,,,,
BRE_01082,BREAKFAST,1.0,1,0.0,,,,,
BRE_01083,BREAKFAST,1.0,0,0.0,,,,,
BRE_01084,BREAKFAST,1.0,1,0.0,,,,,
BRE_01085,BREAKFAST,0.0,0,1.0,,,,,
BRE_01086,BREAKFAST,1.0,1,0.0,,,,,
BRE_01087,BREAKFAST,1.0,0,0.0,,,,,
BRE_01088,BREAKFAST,0.0,1,0.0,,,,,
BRE_01089,BREAKFAST,0.0,0,1.0,,,,,
BRE_01090,BREAKFAST,1.0,1,0.0,,,,,
BRE_01091,BREAKFAST,1.0,1,0.0,,,,,
BRE_01092,BREAKFAST,1.0,0,0.0,,,,,
BRE_01093,BREAKFAST,1.0,1,0.0,,,,,
BRE_01094,BREAKFAST,0.0,1,0.0,,,,,
BRE_01095,BREAKFAST,0.0,0,1.0,,,,,
BRE_01096,BREAKFAST,1.0,1,0.0,,,,,
BRE_01097,BREAKFAST,1.0,0,0.0,,,,,
BRE_01098,BREAKFAST,1.0,1,0.0,,,,,
BRE_01099,BREAKFAST,0.0,1,0.0,,,,,
BRE_01100,BREAKFAST,1.0,1,0.0,,,,,
BRE_01101,BREAKFAST,0.0,1,0.0,,,,,
BRE_01102,BREAKFAST,0.0,1,0.0,,,,,
BRE_01103,BREAKFAST,1.0,1,0.0,,,,,
BRE_01104,BREAKFAST,1.0,1,0.0,,,,,
BRE_01105,BREAKFAST,1.0,1,0.0,,,,,
BRE_01106,BREAKFAST,1.0,1,0.0,,,,,
BRE_01107,BREAKFAST,1.0,1,0.0,,,,,
BRE_01108,BREAKFAST,1.0,1,0.0,,,,,
BRE_01109,BREAKFAST,1.0,1,0.0,,,,,
BRE_01110,BREAKFAST,1.0,1,0.0,,,,,
BRE_01111,BREAKFAST,1.0,1,0.0,,,,,
BRE_01112,BREAKFAST,1.0,1,0.0,,,,,
BRE_01113,BREAKFAST,1.0,1,0.0,,,,,
BRE_01114,BREAKFAST,0.0,0,1.0,,,,,
BRE_01115,BREAKFAST,1.0,1,0.0,,,,,
BRE_01116,BREAKFAST,1.0,1,0.0,,,,,
BRE_01117,BREAKFAST,1.0,1,0.0,,,,,
BRE_01118,BREAKFAST,1.0,1,0.0,,,,,
BRE_01119,BREAKFAST,1.0,0,0.0,,,,,
BRE_01120,BREAKFAST,1.0,0,0.0,,,,,
BRE_01121,BREAKFAST,1.0,0,0.0,,,,,
BRE_01122,BREAKFAST,0.0,0,1.0,,,,,
BRE_01123,BREAKFAST,1.0,1,0.0,,,,,
BRE_01124,BREAKFAST,1.0,1,0.0,,,,,
BRE_01125,BREAKFAST,0.0,0,1.0,,,,,
BRE_01126,BREAKFAST,0.0,1,0.0,,,,,
BRE_01127,BREAKFAST,0.0,0,0.0,,,,,
BRE_01128,BREAKFAST,1.0,1,0.0,,,,,
BRE_01129,BREAKFAST,1.0,1,0.0,,,,,
BRE_01130,BREAKFAST,1.0,0,0.0,,,,,
BRE_01131,BREAKFAST,0.0,0,1.0,,,,,
BRE_01132,BREAKFAST,0.0,1,0.0,,,,,
BRE_01133,BREAKFAST,0.0,0,1.0,,,,,
BRE_01134,BREAKFAST,0.0,1,0.0,,,,,
BRE_01135,BREAKFAST,0.0,0,1.0,,,,,
BRE_01136,BREAKFAST,0.0,1,0.0,,,,,
BRE_01137,BREAKFAST,1.0,1,0.0,,,,,
BRE_01138,BREAKFAST,0.0,0,1.0,,,,,
BRE_01139,BREAKFAST,0.0,0,1.0,,,,,
BRE_01140,BREAKFAST,1.0,1,0.0,,,,,
BRE_01141,BREAKFAST,1.0,1,0.0,,,,,
BRE_01142,BREAKFAST,0.0,0,1.0,,,,,
BRE_01143,BREAKFAST,1.0,1,0.0,,,,,
BRE_01144,BREAKFAST,1.0,1,0.0,,,,,
BRE_01145,BREAKFAST,1.0,1,0.0,,,,,
BRE_01146,BREAKFAST,1.0,1,0.0,,,,,
BRE_01147,BREAKFAST,0.0,1,0.0,,,,,
BRE_01148,BREAKFAST,1.0,1,0.0,,,,,
BRE_01149,BREAKFAST,1.0,1,0.0,,,,,
BRE_01150,BREAKFAST,1.0,1,0.0,,,,,
BRE_01151,BREAKFAST,0.0,0,0.0,,,,,
BRE_01152,BREAKFAST,1.0,1,0.0,,,,,
BRE_01153,BREAKFAST,1.0,1,0.0,,,,,
BRE_01154,BREAKFAST,1.0,1,0.0,,,,,
BRE_01155,BREAKFAST,1.0,0,0.0,,,,,
BRE_01156,BREAKFAST,1.0,1,0.0,,,,,
BRE_01157,BREAKFAST,1.0,1,0.0,,,,,
BRE_01158,BREAKFAST,0.0,1,0.0,,,,,
BRE_01159,BREAKFAST,0.0,0,1.0,,,,,
BRE_01160,BREAKFAST,0.0,1,0.0,,,,,
BRE_01161,BREAKFAST,0.0,1,0.0,,,,,
BRE_01162,BREAKFAST,1.0,1,0.0,,,,,
BRE_01163,BREAKFAST,1.0,1,0.0,,,,,
BRE_01164,BREAKFAST,1.0,1,0.0,,,,,
BRE_01165,BREAKFAST,0.0,1,0.0,,,,,
BRE_01166,BREAKFAST,0.0,1,0.0,,,,,
BRE_01167,BREAKFAST,1.0,1,0.0,,,,,
BRE_01168,BREAKFAST,1.0,1,0.0,,,,,
BRE_01169,BREAKFAST,1.0,1,0.0,,,,,
BRE_01170,BREAKFAST,1.0,1,0.0,,,,,
BRE_01171,BREAKFAST,1.0,1,0.0,,,,,
BRE_01172,BREAKFAST,1.0,1,0.0,,,,,
BRE_01173,BREAKFAST,1.0,1,0.0,,,,,
BRE_01174,BREAKFAST,1.0,1,0.0,,,,,
BRE_01175,BREAKFAST,1.0,0,0.0,,,,,
BRE_01176,BREAKFAST,1.0,1,0.0,,,,,
BRE_01177,BREAKFAST,0.0,0,0.0,,,,,
BRE_01178,BREAKFAST,0.0,1,0.0,,,,,
BRE_01179,BREAKFAST,1.0,1,0.0,,,,,
BRE_01180,BREAKFAST,1.0,1,0.0,,,,,
BRE_01181,BREAKFAST,1.0,1,0.0,,,,,
BRE_01182,BREAKFAST,1.0,1,0.0,,,,,
BRE_01183,BREAKFAST,1.0,1,0.0,,,,,
BRE_01184,BREAKFAST,1.0,1,0.0,,,,,
BRE_01185,BREAKFAST,1.0,1,0.0,,,,,
BRE_01186,BREAKFAST,1.0,1,0.0,,,,,
BRE_01187,BREAKFAST,1.0,1,0.0,,,,,
BRE_01188,BREAKFAST,1.0,1,0.0,,,,,
BRE_01189,BREAKFAST,1.0,1,0.0,,,,,
BRE_01190,BREAKFAST,0.0,1,0.0,,,,,
BRE_01191,BREAKFAST,1.0,1,0.0,,,,,
BRE_01192,BREAKFAST,1.0,1,0.0,,,,,
BRE_01193,BREAKFAST,1.0,1,0.0,,,,,
BRE_01194,BREAKFAST,0.0,0,0.0,,,,,
BRE_01195,BREAKFAST,1.0,1,0.0,,,,,
BRE_01196,BREAKFAST,1.0,1,0.0,,,,,
BRE_01197,BREAKFAST,1.0,0,0.0,,,,,
BRE_01198,BREAKFAST,1.0,1,0.0,,,,,
BRE_01199,BREAKFAST,0.0,1,0.0,,,,,
BRE_01200,BREAKFAST,1.0,0,0.0,,,,,
BRE_01201,BREAKFAST,1.0,1,0.0,,,,,
BRE_01202,BREAKFAST,1.0,1,0.0,,,,,
BRE_01203,BREAKFAST,0.0,0,1.0,,,,,
BRE_01204,BREAKFAST,1.0,1,0.0,,,,,
BRE_01205,BREAKFAST,0.0,0,1.0,,,,,
BRE_01206,BREAKFAST,1.0,1,0.0,,,,,
BRE_01207,BREAKFAST,1.0,1,0.0,,,,,
BRE_01208,BREAKFAST,1.0,0,0.0,,,,,
BRE_01209,BREAKFAST,0.0,1,0.0,,,,,
BRE_01210,BREAKFAST,0.0,1,0.0,,,,,
BRE_01211,BREAKFAST,1.0,1,0.0,,,,,
BRE_01212,BREAKFAST,1.0,1,0.0,,,,,
BRE_01213,BREAKFAST,0.0,1,0.0,,,,,
BRE_01214,BREAKFAST,0.0,0,0.0,,,,,
BRE_01215,BREAKFAST,1.0,1,0.0,,,,,
BRE_01216,BREAKFAST,0.0,0,1.0,,,,,
BRE_01217,BREAKFAST,1.0,1,0.0,,,,,
BRE_01218,BREAKFAST,1.0,1,0.0,,,,,
BRE_01219,BREAKFAST,1.0,1,0.0,,,,,
BRE_01220,BREAKFAST,1.0,1,0.0,,,,,
BRE_01221,BREAKFAST,1.0,1,0.0,,,,,
BRE_01222,BREAKFAST,1.0,1,0.0,,,,,
BRE_01223,BREAKFAST,1.0,1,0.0,,,,,
BRE_01224,BREAKFAST,1.0,1,0.0,,,,,
BRE_01225,BREAKFAST,1.0,1,0.0,,,,,
BRE_01226,BREAKFAST,1.0,1,0.0,,,,,
BRE_01227,BREAKFAST,1.0,1,0.0,,,,,
BRE_01228,BREAKFAST,1.0,1,0.0,,,,,
BRE_01229,BREAKFAST,0.0,0,1.0,,,,,
BRE_01230,BREAKFAST,0.0,1,0.0,,,,,
BRE_01231,BREAKFAST,1.0,1,0.0,,,,,
BRE_01232,BREAKFAST,0.0,0,1.0,,,,,
BRE_01233,BREAKFAST,0.0,0,1.0,,,,,
BRE_01234,BREAKFAST,0.0,0,1.0,,,,,
BRE_01235,BREAKFAST,1.0,0,0.0,,,,,
BRE_01236,BREAKFAST,1.0,1,0.0,,,,,
BRE_01237,BREAKFAST,1.0,1,0.0,,,,,
BRE_01238,BREAKFAST,1.0,1,0.0,,,,,
BRE_01239,BREAKFAST,1.0,0,0.0,,,,,
BRE_01240,BREAKFAST,1.0,1,0.0,,,,,
BRE_01241,BREAKFAST,1.0,1,0.0,,,,,
BRE_01242,BREAKFAST,1.0,1,0.0,,,,,
BRE_01243,BREAKFAST,1.0,1,0.0,,,,,
BRE_01244,BREAKFAST,1.0,1,0.0,,,,,
BRE_01245,BREAKFAST,1.0,1,0.0,,,,,
BRE_01246,BREAKFAST,1.0,0,0.0,,,,,
BRE_01247,BREAKFAST,0.0,0,1.0,,,,,
BRE_01248,BREAKFAST,1.0,0,0.0,,,,,
BRE_01249,BREAKFAST,1.0,1,0.0,,,,,
BRE_01250,BREAKFAST,1.0,1,0.0,,,,,
BRE_01251,BREAKFAST,1.0,1,0.0,,,,,
BRE_01252,BREAKFAST,1.0,1,0.0,,,,,
BRE_01253,BREAKFAST,1.0,0,0.0,,,,,
BRE_01254,BREAKFAST,0.0,0,1.0,,,,,
BRE_01255,BREAKFAST,1.0,1,0.0,,,,,
BRE_01256,BREAKFAST,1.0,1,0.0,,,,,
BRE_01257,BREAKFAST,1.0,1,0.0,,,,,
BRE_01258,BREAKFAST,0.0,0,1.0,,,,,
BRE_01259,BREAKFAST,1.0,1,0.0,,,,,
BRE_01260,BREAKFAST,1.0,1,0.0,,,,,
BRE_01261,BREAKFAST,1.0,1,0.0,,,,,
BRE_01262,BREAKFAST,1.0,1,0.0,,,,,
BRE_01263,BREAKFAST,0.0,1,0.0,,,,,
BRE_01264,BREAKFAST,1.0,0,0.0,,,,,
BRE_01265,BREAKFAST,0.0,0,1.0,,,,,
BRE_01266,BREAKFAST,1.0,0,0.0,,,,,
BRE_01267,BREAKFAST,1.0,1,0.0,,,,,
BRE_01268,BREAKFAST,1.0,1,0.0,,,,,
BRE_01269,BREAKFAST,1.0,0,0.0,,,,,
BRE_01270,BREAKFAST,1.0,1,0.0,,,,,
BRE_01271,BREAKFAST,1.0,1,0.0,,,,,
BRE_01272,BREAKFAST,1.0,1,0.0,,,,,
BRE_01273,BREAKFAST,1.0,1,0.0,,,,,
BRE_01274,BREAKFAST,0.0,1,0.0,,,,,
BRE_01275,BREAKFAST,1.0,1,0.0,,,,,
BRE_01276,BREAKFAST,0.0,1,0.0,,,,,
BRE_01277,BREAKFAST,1.0,1,0.0,,,,,
BRE_01278,BREAKFAST,1.0,1,0.0,,,,,
BRE_01279,BREAKFAST,1.0,1,0.0,,,,,
BRE_01280,BREAKFAST,1.0,1,0.0,,,,,
BRE_01281,BREAKFAST,0.0,0,1.0,,,,,
BRE_01282,BREAKFAST,1.0,1,0.0,,,,,
BRE_01283,BREAKFAST,0.0,1,0.0,,,,,
BRE_01284,BREAKFAST,0.0,0,1.0,,,,,
BRE_01285,BREAKFAST,0.0,0,1.0,,,,,
BRE_01286,BREAKFAST,0.0,0,1.0,,,,,
BRE_01287,BREAKFAST,1.0,1,0.0,,,,,
BRE_01288,BREAKFAST,1.0,1,0.0,,,,,
BRE_01289,BREAKFAST,0.0,0,1.0,,,,,
BRE_01290,BREAKFAST,1.0,1,0.0,,,,,
BRE_01291,BREAKFAST,1.0,1,0.0,,,,,
BRE_01292,BREAKFAST,1.0,0,0.0,,,,,
BRE_01293,BREAKFAST,0.0,0,1.0,,,,,
BRE_01294,BREAKFAST,1.0,1,0.0,,,,,
BRE_01295,BREAKFAST,1.0,1,0.0,,,,,
BRE_01296,BREAKFAST,1.0,1,0.0,,,,,
BRE_01297,BREAKFAST,1.0,1,0.0,,,,,
BRE_01298,BREAKFAST,0.0,0,1.0,,,,,
BRE_01299,BREAKFAST,1.0,1,0.0,,,,,
BRE_01300,BREAKFAST,1.0,1,0.0,,,,,
BRE_01301,BREAKFAST,1.0,1,0.0,,,,,
BRE_01302,BREAKFAST,1.0,0,0.0,,,,,
BRE_01303,BREAKFAST,0.0,0,1.0,,,,,
BRE_01304,BREAKFAST,0.0,1,0.0,,,,,
BRE_01305,BREAKFAST,0.0,0,1.0,,,,,
BRE_01306,BREAKFAST,1.0,1,0.0,,,,,
BRE_01307,BREAKFAST,1.0,1,0.0,,,,,
BRE_01308,BREAKFAST,1.0,0,0.0,,,,,
BRE_01309,BREAKFAST,1.0,1,0.0,,,,,
BRE_01310,BREAKFAST,0.0,0,1.0,,,,,
BRE_01311,BREAKFAST,0.0,1,0.0,,,,,
BRE_01312,BREAKFAST,1.0,1,0.0,,,,,
BRE_01313,BREAKFAST,1.0,1,0.0,,,,,
BRE_01314,BREAKFAST,1.0,1,0.0,,,,,
BRE_01315,BREAKFAST,0.0,1,0.0,,,,,
BRE_01316,BREAKFAST,0.0,0,1.0,,,,,
BRE_01317,BREAKFAST,1.0,1,0.0,,,,,
BRE_01318,BREAKFAST,1.0,1,0.0,,,,,
BRE_01319,BREAKFAST,1.0,0,0.0,,,,,
BRE_01320,BREAKFAST,1.0,1,0.0,,,,,
BRE_01321,BREAKFAST,1.0,1,0.0,,,,,
BRE_01322,BREAKFAST,1.0,1,0.0,,,,,
BRE_01323,BREAKFAST,0.0,0,1.0,,,,,
BRE_01324,BREAKFAST,1.0,0,0.0,,,,,
BRE_01325,BREAKFAST,1.0,1,0.0,,,,,
BRE_01326,BREAKFAST,1.0,1,0.0,,,,,
BRE_01327,BREAKFAST,1.0,1,0.0,,,,,
BRE_01328,BREAKFAST,1.0,1,0.0,,,,,
BRE_01329,BREAKFAST,0.0,0,1.0,,,,,
BRE_01330,BREAKFAST,1.0,1,0.0,,,,,
BRE_01331,BREAKFAST,1.0,1,0.0,,,,,
BRE_01332,BREAKFAST,0.0,0,1.0,,,,,
BRE_01333,BREAKFAST,1.0,1,0.0,,,,,
BRE_01334,BREAKFAST,0.0,0,0.0,,,,,
BRE_01335,BREAKFAST,0.0,1,0.0,,,,,
BRE_01336,BREAKFAST,1.0,1,0.0,,,,,
BRE_01337,BREAKFAST,0.0,1,0.0,,,,,
BRE_01338,BREAKFAST,1.0,1,0.0,,,,,
BRE_01339,BREAKFAST,1.0,1,0.0,,,,,
BRE_01340,BREAKFAST,1.0,1,0.0,,,,,
BRE_01341,BREAKFAST,1.0,1,0.0,,,,,
BRE_01342,BREAKFAST,0.0,0,1.0,,,,,
BRE_01343,BREAKFAST,0.0,1,0.0,,,,,
BRE_01344,BREAKFAST,1.0,1,0.0,,,,,
BRE_01345,BREAKFAST,1.0,1,0.0,,,,,
BRE_01346,BREAKFAST,0.0,1,0.0,,,,,
BRE_01347,BREAKFAST,1.0,1,0.0,,,,,
BRE_01348,BREAKFAST,1.0,1,0.0,,,,,
BRE_01349,BREAKFAST,0.0,0,1.0,,,,,
BRE_01350,BREAKFAST,1.0,1,0.0,,,,,
BRE_01351,BREAKFAST,1.0,1,0.0,,,,,
BRE_01352,BREAKFAST,0.0,1,0.0,,,,,
BRE_01353,BREAKFAST,1.0,1,0.0,,,,,
BRE_01354,BREAKFAST,1.0,1,0.0,,,,,
BRE_01355,BREAKFAST,1.0,0,0.0,,,,,
BRE_01356,BREAKFAST,1.0,1,0.0,,,,,
BRE_01357,BREAKFAST,1.0,0,0.0,,,,,
BRE_01358,BREAKFAST,1.0,1,0.0,,,,,
BRE_01359,BREAKFAST,0.0,0,1.0,,,,,
BRE_01360,BREAKFAST,1.0,1,0.0,,,,,
BRE_01361,BREAKFAST,1.0,1,0.0,,,,,
BRE_01362,BREAKFAST,0.0,1,0.0,,,,,
BRE_01363,BREAKFAST,1.0,0,0.0,,,,,
BRE_01364,BREAKFAST,1.0,1,0.0,,,,,
BRE_01365,BREAKFAST,1.0,0,0.0,,,,,
BRE_01366,BREAKFAST,0.0,0,1.0,,,,,
BRE_01367,BREAKFAST,1.0,1,0.0,,,,,
BRE_01368,BREAKFAST,1.0,1,0.0,,,,,
BRE_01369,BREAKFAST,0.0,0,1.0,,,,,
BRE_01370,BREAKFAST,1.0,1,0.0,,,,,
BRE_01371,BREAKFAST,1.0,1,0.0,,,,,
BRE_01372,BREAKFAST,1.0,1,0.0,,,,,
BRE_01373,BREAKFAST,1.0,1,0.0,,,,,
BRE_01374,BREAKFAST,1.0,0,0.0,,,,,
BRE_01375,BREAKFAST,0.0,1,0.0,,,,,
BRE_01376,BREAKFAST,1.0,1,0.0,,,,,
BRE_01377,BREAKFAST,1.0,0,0.0,,,,,
BRE_01378,BREAKFAST,0.0,1,0.0,,,,,
BRE_01379,BREAKFAST,0.0,0,0.0,,,,,
BRE_01380,BREAKFAST,1.0,1,0.0,,,,,
BRE_01381,BREAKFAST,0.0,1,0.0,,,,,
BRE_01382,BREAKFAST,0.0,0,1.0,,,,,
BRE_01383,BREAKFAST,0.0,1,0.0,,,,,
BRE_01384,BREAKFAST,0.0,0,1.0,,,,,
BRE_01385,BREAKFAST,1.0,1,0.0,,,,,
BRE_01386,BREAKFAST,0.0,1,0.0,,,,,
BRE_01387,BREAKFAST,1.0,1,0.0,,,,,
BRE_01388,BREAKFAST,0.0,0,1.0,,,,,
BRE_01389,BREAKFAST,1.0,1,0.0,,,,,
BRE_01390,BREAKFAST,0.0,0,0.0,,,,,
BRE_01391,BREAKFAST,1.0,1,0.0,,,,,
BRE_01392,BREAKFAST,1.0,0,0.0,,,,,
BRE_01393,BREAKFAST,1.0,1,0.0,,,,,
BRE_01394,BREAKFAST,0.0,1,0.0,,,,,
BRE_01395,BREAKFAST,0.0,0,1.0,,,,,
BRE_01396,BREAKFAST,1.0,1,0.0,,,,,
BRE_01397,BREAKFAST,0.0,1,0.0,,,,,
BRE_01398,BREAKFAST,1.0,1,0.0,,,,,
BRE_01399,BREAKFAST,1.0,1,0.0,,,,,
BRE_01400,BREAKFAST,0.0,0,1.0,,,,,
BRE_01401,BREAKFAST,1.0,0,0.0,,,,,
BRE_01402,BREAKFAST,1.0,1,0.0,,,,,
BRE_01403,BREAKFAST,0.0,1,0.0,,,,,
BRE_01404,BREAKFAST,1.0,1,0.0,,,,,
BRE_01405,BREAKFAST,1.0,1,0.0,,,,,
BRE_01406,BREAKFAST,1.0,1,0.0,,,,,
BRE_01407,BREAKFAST,1.0,1,0.0,,,,,
BRE_01408,BREAKFAST,0.0,1,0.0,,,,,
BRE_01409,BREAKFAST,0.0,1,0.0,,,,,
BRE_01410,BREAKFAST,1.0,1,0.0,,,,,
BRE_01411,BREAKFAST,1.0,1,0.0,,,,,
BRE_01412,BREAKFAST,1.0,1,0.0,,,,,
BRE_01413,BREAKFAST,1.0,1,0.0,,,,,
BRE_01414,BREAKFAST,1.0,1,0.0,,,,,
BRE_01415,BREAKFAST,1.0,0,0.0,,,,,
BRE_01416,BREAKFAST,1.0,1,0.0,,,,,
BRE_01417,BREAKFAST,0.0,1,0.0,,,,,
BRE_01418,BREAKFAST,0.0,0,1.0,,,,,
BRE_01419,BREAKFAST,0.0,0,1.0,,,,,
BRE_01420,BREAKFAST,1.0,1,0.0,,,,,
BRE_01421,BREAKFAST,1.0,1,0.0,,,,,
BRE_01422,BREAKFAST,1.0,1,0.0,,,,,
BRE_01423,BREAKFAST,0.0,1,0.0,,,,,
BRE_01424,BREAKFAST,1.0,1,0.0,,,,,
BRE_01425,BREAKFAST,1.0,1,0.0,,,,,
BRE_01426,BREAKFAST,1.0,1,0.0,,,,,
BRE_01427,BREAKFAST,1.0,0,0.0,,,,,
BRE_01428,BREAKFAST,0.0,0,1.0,,,,,
BRE_01429,BREAKFAST,0.0,1,0.0,,,,,
BRE_01430,BREAKFAST,1.0,1,0.0,,,,,
BRE_01431,BREAKFAST,1.0,0,0.0,,,,,
BRE_01432,BREAKFAST,1.0,1,0.0,,,,,
BRE_01433,BREAKFAST,1.0,0,0.0,,,,,
BRE_01434,BREAKFAST,1.0,1,0.0,,,,,
BRE_01435,BREAKFAST,1.0,0,0.0,,,,,
BRE_01436,BREAKFAST,0.0,1,0.0,,,,,
BRE_01437,BREAKFAST,1.0,0,0.0,,,,,
BRE_01438,BREAKFAST,1.0,1,0.0,,,,,
BRE_01439,BREAKFAST,1.0,1,0.0,,,,,
BRE_01440,BREAKFAST,0.0,0,0.0,,,,,
BRE_01441,BREAKFAST,0.0,0,1.0,,,,,
BRE_01442,BREAKFAST,1.0,1,0.0,,,,,
BRE_01443,BREAKFAST,1.0,1,0.0,,,,,
BRE_01444,BREAKFAST,0.0,0,1.0,,,,,
BRE_01445,BREAKFAST,1.0,1,0.0,,,,,
BRE_01446,BREAKFAST,0.0,0,1.0,,,,,
BRE_01447,BREAKFAST,1.0,1,0.0,,,,,
BRE_01448,BREAKFAST,1.0,1,0.0,,,,,
BRE_01449,BREAKFAST,1.0,1,0.0,,,,,
BRE_01450,BREAKFAST,0.0,0,1.0,,,,,
BRE_01451,BREAKFAST,1.0,0,0.0,,,,,
BRE_01452,BREAKFAST,0.0,0,1.0,,,,,
BRE_01453,BREAKFAST,1.0,1,0.0,,,,,
BRE_01454,BREAKFAST,1.0,1,0.0,,,,,
BRE_01455,BREAKFAST,0.0,0,1.0,,,,,
BRE_01456,BREAKFAST,1.0,1,0.0,,,,,
BRE_01457,BREAKFAST,1.0,1,0.0,,,,,
BRE_01458,BREAKFAST,1.0,0,0.0,,,,,
BRE_01459,BREAKFAST,1.0,1,0.0,,,,,
BRE_01460,BREAKFAST,1.0,1,0.0,,,,,
BRE_01461,BREAKFAST,1.0,1,0.0,,,,,
BRE_01462,BREAKFAST,0.0,1,0.0,,,,,
BRE_01463,BREAKFAST,0.0,0,1.0,,,,,
BRE_01464,BREAKFAST,1.0,1,0.0,,,,,
BRE_01465,BREAKFAST,0.0,0,1.0,,,,,
BRE_01466,BREAKFAST,1.0,1,0.0,,,,,
BRE_01467,BREAKFAST,1.0,0,0.0,,,,,
BRE_01468,BREAKFAST,1.0,0,0.0,,,,,
BRE_01469,BREAKFAST,1.0,1,0.0,,,,,
BRE_01470,BREAKFAST,1.0,1,0.0,,,,,
BRE_01471,BREAKFAST,1.0,1,0.0,,,,,
BRE_01472,BREAKFAST,0.0,0,1.0,,,,,
BRE_01473,BREAKFAST,1.0,1,0.0,,,,,
BRE_01474,BREAKFAST,1.0,1,0.0,,,,,
BRE_01475,BREAKFAST,0.0,0,1.0,,,,,
BRE_01476,BREAKFAST,1.0,1,0.0,,,,,
BRE_01477,BREAKFAST,1.0,0,0.0,,,,,
BRE_01478,BREAKFAST,0.0,0,1.0,,,,,
BRE_01479,BREAKFAST,1.0,1,0.0,,,,,
BRE_01480,BREAKFAST,1.0,1,0.0,,,,,
BRE_01481,BREAKFAST,1.0,0,0.0,,,,,
BRE_01482,BREAKFAST,0.0,0,1.0,,,,,
BRE_01483,BREAKFAST,1.0,1,0.0,,,,,
BRE_01484,BREAKFAST,1.0,1,0.0,,,,,
BRE_01485,BREAKFAST,0.0,0,1.0,,,,,
BRE_01486,BREAKFAST,1.0,1,0.0,,,,,
BRE_01487,BREAKFAST,0.0,1,0.0,,,,,
BRE_01488,BREAKFAST,1.0,1,0.0,,,,,
BRE_01489,BREAKFAST,1.0,1,0.0,,,,,
BRE_01490,BREAKFAST,0.0,1,0.0,,,,,
BRE_01491,BREAKFAST,1.0,1,0.0,,,,,
BRE_01492,BREAKFAST,1.0,1,0.0,,,,,
BRE_01493,BREAKFAST,1.0,1,0.0,,,,,
BRE_01494,BREAKFAST,1.0,1,0.0,,,,,
BRE_01495,BREAKFAST,1.0,1,0.0,,,,,
BRE_01496,BREAKFAST,0.0,0,1.0,,,,,
BRE_01497,BREAKFAST,1.0,1,0.0,,,,,
BRE_01498,BREAKFAST,0.0,0,1.0,,,,,
BRE_01499,BREAKFAST,1.0,1,0.0,,,,,
BRE_01500,BREAKFAST,0.0,0,1.0,,,,,
BRE_01501,BREAKFAST,0.0,0,1.0,,,,,
BRE_01502,BREAKFAST,1.0,1,0.0,,,,,
BRE_01503,BREAKFAST,1.0,1,0.0,,,,,
BRE_01504,BREAKFAST,1.0,1,0.0,,,,,
BRE_01505,BREAKFAST,1.0,1,0.0,,,,,
BRE_01506,BREAKFAST,1.0,1,0.0,,,,,
BRE_01507,BREAKFAST,1.0,0,0.0,,,,,
BRE_01508,BREAKFAST,1.0,1,0.0,,,,,
BRE_01509,BREAKFAST,1.0,1,0.0,,,,,
BRE_01510,BREAKFAST,1.0,1,0.0,,,,,
BRE_01511,BREAKFAST,1.0,1,0.0,,,,,
BRE_01512,BREAKFAST,0.0,0,1.0,,,,,
BRE_01513,BREAKFAST,0.0,0,1.0,,,,,
BRE_01514,BREAKFAST,1.0,1,0.0,,,,,
BRE_01515,BREAKFAST,0.0,0,1.0,,,,,
BRE_01516,BREAKFAST,1.0,0,0.0,,,,,
BRE_01517,BREAKFAST,1.0,1,0.0,,,,,
BRE_01518,BREAKFAST,1.0,0,0.0,,,,,
BRE_01519,BREAKFAST,1.0,1,0.0,,,,,
BRE_01520,BREAKFAST,1.0,1,0.0,,,,,
BRE_01521,BREAKFAST,1.0,1,0.0,,,,,
BRE_01522,BREAKFAST,1.0,1,0.0,,,,,
BRE_01523,BREAKFAST,0.0,0,1.0,,,,,
BRE_01524,BREAKFAST,1.0,1,0.0,,,,,
BRE_01525,BREAKFAST,1.0,1,0.0,,,,,
BRE_01526,BREAKFAST,1.0,1,0.0,,,,,
BRE_01527,BREAKFAST,1.0,1,0.0,,,,,
BRE_01528,BREAKFAST,1.0,1,0.0,,,,,
BRE_01529,BREAKFAST,1.0,1,0.0,,,,,
BRE_01530,BREAKFAST,1.0,1,0.0,,,,,
BRE_01531,BREAKFAST,1.0,1,0.0,,,,,
BRE_01532,BREAKFAST,0.0,1,0.0,,,,,
BRE_01533,BREAKFAST,0.0,1,0.0,,,,,
BRE_01534,BREAKFAST,1.0,1,0.0,,,,,
BRE_01535,BREAKFAST,1.0,1,0.0,,,,,
BRE_01536,BREAKFAST,1.0,1,0.0,,,,,
BRE_01537,BREAKFAST,0.0,0,1.0,,,,,
BRE_01538,BREAKFAST,1.0,1,0.0,,,,,
BRE_01539,BREAKFAST,0.0,0,1.0,,,,,
BRE_01540,BREAKFAST,0.0,0,1.0,,,,,
BRE_01541,BREAKFAST,0.0,0,1.0,,,,,
BRE_01542,BREAKFAST,1.0,1,0.0,,,,,
BRE_01543,BREAKFAST,1.0,1,0.0,,,,,
BRE_01544,BREAKFAST,0.0,0,1.0,,,,,
BRE_01545,BREAKFAST,1.0,0,0.0,,,,,
BRE_01546,BREAKFAST,0.0,0,1.0,,,,,
BRE_01547,BREAKFAST,1.0,0,0.0,,,,,
BRE_01548,BREAKFAST,0.0,1,0.0,,,,,
BRE_01549,BREAKFAST,1.0,1,0.0,,,,,
BRE_01550,BREAKFAST,1.0,1,0.0,,,,,
BRE_01551,BREAKFAST,0.0,1,0.0,,,,,
BRE_01552,BREAKFAST,1.0,1,0.0,,,,,
BRE_01553,BREAKFAST,0.0,0,1.0,,,,,
BRE_01554,BREAKFAST,1.0,0,0.0,,,,,
BRE_01555,BREAKFAST,1.0,1,0.0,,,,,
BRE_01556,BREAKFAST,1.0,1,0.0,,,,,
BRE_01557,BREAKFAST,1.0,1,0.0,,,,,
BRE_01558,BREAKFAST,0.0,1,0.0,,,,,
BRE_01559,BREAKFAST,1.0,1,0.0,,,,,
BRE_01560,BREAKFAST,1.0,1,0.0,,,,,
BRE_01561,BREAKFAST,1.0,1,0.0,,,,,
BRE_01562,BREAKFAST,1.0,1,0.0,,,,,
BRE_01563,BREAKFAST,0.0,0,1.0,,,,,
BRE_01564,BREAKFAST,0.0,1,0.0,,,,,
BRE_01565,BREAKFAST,1.0,1,0.0,,,,,
BRE_01566,BREAKFAST,1.0,1,0.0,,,,,
BRE_01567,BREAKFAST,1.0,1,0.0,,,,,
BRE_01568,BREAKFAST,1.0,0,0.0,,,,,
BRE_01569,BREAKFAST,1.0,1,0.0,,,,,
BRE_01570,BREAKFAST,1.0,0,0.0,,,,,
BRE_01571,BREAKFAST,1.0,1,0.0,,,,,
BRE_01572,BREAKFAST,0.0,0,0.0,,,,,
BRE_01573,BREAKFAST,1.0,1,0.0,,,,,
BRE_01574,BREAKFAST,1.0,0,0.0,,,,,
BRE_01575,BREAKFAST,1.0,1,0.0,,,,,
BRE_01576,BREAKFAST,1.0,1,0.0,,,,,
BRE_01577,BREAKFAST,1.0,1,0.0,,,,,
BRE_01578,BREAKFAST,0.0,0,1.0,,,,,
BRE_01579,BREAKFAST,1.0,1,0.0,,,,,
BRE_01580,BREAKFAST,1.0,1,0.0,,,,,
BRE_01581,BREAKFAST,1.0,1,0.0,,,,,
BRE_01582,BREAKFAST,1.0,1,0.0,,,,,
BRE_01583,BREAKFAST,1.0,1,0.0,,,,,
BRE_01584,BREAKFAST,0.0,0,1.0,,,,,
BRE_01585,BREAKFAST,1.0,1,0.0,,,,,
BRE_01586,BREAKFAST,0.0,1,0.0,,,,,
BRE_01587,BREAKFAST,1.0,0,0.0,,,,,
BRE_01588,BREAKFAST,1.0,1,0.0,,,,,
BRE_01589,BREAKFAST,1.0,1,0.0,,,,,
BRE_01590,BREAKFAST,1.0,1,0.0,,,,,
BRE_01591,BREAKFAST,1.0,0,0.0,,,,,
BRE_01592,BREAKFAST,1.0,1,0.0,,,,,
BRE_01593,BREAKFAST,1.0,0,0.0,,,,,
BRE_01594,BREAKFAST,1.0,1,0.0,,,,,
BRE_01595,BREAKFAST,0.0,1,0.0,,,,,
BRE_01596,BREAKFAST,0.0,0,1.0,,,,,
BRE_01597,BREAKFAST,1.0,1,0.0,,,,,
BRE_01598,BREAKFAST,0.0,0,1.0,,,,,
BRE_01599,BREAKFAST,1.0,1,0.0,,,,,
BRE_01600,BREAKFAST,1.0,1,0.0,,,,,
BRE_01601,BREAKFAST,1.0,1,0.0,,,,,
BRE_01602,BREAKFAST,1.0,1,0.0,,,,,
BRE_01603,BREAKFAST,1.0,1,0.0,,,,,
BRE_01604,BREAKFAST,1.0,1,0.0,,,,,
BRE_01605,BREAKFAST,1.0,1,0.0,,,,,
BRE_01606,BREAKFAST,0.0,0,1.0,,,,,
BRE_01607,BREAKFAST,1.0,1,0.0,,,,,
BRE_01608,BREAKFAST,0.0,0,1.0,,,,,
BRE_01609,BREAKFAST,1.0,1,0.0,,,,,
BRE_01610,BREAKFAST,0.0,0,1.0,,,,,
BRE_01611,BREAKFAST,0.0,0,1.0,,,,,
BRE_01612,BREAKFAST,1.0,0,0.0,,,,,
BRE_01613,BREAKFAST,0.0,0,1.0,,,,,
BRE_01614,BREAKFAST,1.0,1,0.0,,,,,
BRE_01615,BREAKFAST,0.0,0,1.0,,,,,
BRE_01616,BREAKFAST,1.0,1,0.0,,,,,
BRE_01617,BREAKFAST,1.0,1,0.0,,,,,
BRE_01618,BREAKFAST,0.0,0,1.0,,,,,
BRE_01619,BREAKFAST,1.0,1,0.0,,,,,
BRE_01620,BREAKFAST,1.0,1,0.0,,,,,
BRE_01621,BREAKFAST,0.0,0,1.0,,,,,
BRE_01622,BREAKFAST,1.0,1,0.0,,,,,
BRE_01623,BREAKFAST,0.0,0,0.0,,,,,
BRE_01624,BREAKFAST,1.0,1,0.0,,,,,
BRE_01625,BREAKFAST,0.0,0,1.0,,,,,
BRE_01626,BREAKFAST,0.0,1,0.0,,,,,
BRE_01627,BREAKFAST,1.0,1,0.0,,,,,
BRE_01628,BREAKFAST,1.0,1,0.0,,,,,
BRE_01629,BREAKFAST,1.0,1,0.0,,,,,
BRE_01630,BREAKFAST,1.0,1,0.0,,,,,
BRE_01631,BREAKFAST,1.0,1,0.0,,,,,
BRE_01632,BREAKFAST,1.0,0,0.0,,,,,
BRE_01633,BREAKFAST,1.0,1,0.0,,,,,
BRE_01634,BREAKFAST,1.0,0,0.0,,,,,
BRE_01635,BREAKFAST,0.0,1,0.0,,,,,
BRE_01636,BREAKFAST,1.0,1,0.0,,,,,
BRE_01637,BREAKFAST,1.0,1,0.0,,,,,
BRE_01638,BREAKFAST,1.0,1,0.0,,,,,
BRE_01639,BREAKFAST,1.0,1,0.0,,,,,
BRE_01640,BREAKFAST,1.0,1,0.0,,,,,
BRE_01641,BREAKFAST,0.0,1,0.0,,,,,
BRE_01642,BREAKFAST,0.0,0,0.0,,,,,
BRE_01643,BREAKFAST,1.0,1,0.0,,,,,
BRE_01644,BREAKFAST,1.0,1,0.0,,,,,
BRE_01645,BREAKFAST,1.0,1,0.0,,,,,
BRE_01646,BREAKFAST,0.0,0,1.0,,,,,
BRE_01647,BREAKFAST,1.0,1,0.0,,,,,
BRE_01648,BREAKFAST,1.0,1,0.0,,,,,
BRE_01649,BREAKFAST,0.0,1,0.0,,,,,
BRE_01650,BREAKFAST,1.0,1,0.0,,,,,
BRE_01651,BREAKFAST,1.0,1,0.0,,,,,
BRE_01652,BREAKFAST,0.0,0,1.0,,,,,
BRE_01653,BREAKFAST,1.0,0,0.0,,,,,
BRE_01654,BREAKFAST,1.0,0,0.0,,,,,
BRE_01655,BREAKFAST,1.0,1,0.0,,,,,
BRE_01656,BREAKFAST,1.0,1,0.0,,,,,
BRE_01657,BREAKFAST,1.0,1,0.0,,,,,
BRE_01658,BREAKFAST,0.0,0,1.0,,,,,
BRE_01659,BREAKFAST,1.0,1,0.0,,,,,
BRE_01660,BREAKFAST,1.0,1,0.0,,,,,
BRE_01661,BREAKFAST,1.0,1,0.0,,,,,
BRE_01662,BREAKFAST,1.0,1,0.0,,,,,
BRE_01663,BREAKFAST,1.0,1,0.0,,,,,
BRE_01664,BREAKFAST,1.0,1,0.0,,,,,
BRE_01665,BREAKFAST,1.0,0,0.0,,,,,
BRE_01666,BREAKFAST,1.0,1,0.0,,,,,
BRE_01667,BREAKFAST,1.0,1,0.0,,,,,
BRE_01668,BREAKFAST,1.0,1,0.0,,,,,
BRE_01669,BREAKFAST,1.0,1,0.0,,,,,
BRE_01670,BREAKFAST,1.0,1,0.0,,,,,
BRE_01671,BREAKFAST,1.0,1,0.0,,,,,
BRE_01672,BREAKFAST,1.0,1,0.0,,,,,
BRE_01673,BREAKFAST,0.0,0,1.0,,,,,
BRE_01674,BREAKFAST,1.0,1,0.0,,,,,
BRE_01675,BREAKFAST,1.0,0,0.0,,,,,
BRE_01676,BREAKFAST,0.0,0,1.0,,,,,
BRE_01677,BREAKFAST,1.0,1,0.0,,,,,
BRE_01678,BREAKFAST,1.0,1,0.0,,,,,
BRE_01679,BREAKFAST,1.0,1,0.0,,,,,
BRE_01680,BREAKFAST,0.0,0,1.0,,,,,
BRE_01681,BREAKFAST,1.0,1,0.0,,,,,
BRE_01682,BREAKFAST,0.0,0,0.0,,,,,
BRE_01683,BREAKFAST,1.0,1,0.0,,,,,
BRE_01684,BREAKFAST,1.0,1,0.0,,,,,
BRE_01685,BREAKFAST,1.0,1,0.0,,,,,
BRE_01686,BREAKFAST,1.0,1,0.0,,,,,
BRE_01687,BREAKFAST,1.0,1,0.0,,,,,
BRE_01688,BREAKFAST,1.0,1,0.0,,,,,
BRE_01689,BREAKFAST,0.0,0,1.0,,,,,
BRE_01690,BREAKFAST,1.0,1,0.0,,,,,
BRE_01691,BREAKFAST,0.0,1,0.0,,,,,
BRE_01692,BREAKFAST,0.0,1,0.0,,,,,
BRE_01693,BREAKFAST,1.0,1,0.0,,,,,
BRE_01694,BREAKFAST,1.0,0,0.0,,,,,
BRE_01695,BREAKFAST,1.0,1,0.0,,,,,
BRE_01696,BREAKFAST,1.0,1,0.0,,,,,
BRE_01697,BREAKFAST,0.0,0,1.0,,,,,
BRE_01698,BREAKFAST,1.0,1,0.0,,,,,
BRE_01699,BREAKFAST,1.0,1,0.0,,,,,
BRE_01700,BREAKFAST,1.0,1,0.0,,,,,
BRE_01701,BREAKFAST,0.0,1,0.0,,,,,
BRE_01702,BREAKFAST,1.0,1,0.0,,,,,
BRE_01703,BREAKFAST,1.0,1,0.0,,,,,
BRE_01704,BREAKFAST,1.0,1,0.0,,,,,
BRE_01705,BREAKFAST,0.0,1,0.0,,,,,
BRE_01706,BREAKFAST,1.0,1,0.0,,,,,
BRE_01707,BREAKFAST,0.0,1,0.0,,,,,
BRE_01708,BREAKFAST,0.0,0,1.0,,,,,
BRE_01709,BREAKFAST,0.0,1,0.0,,,,,
BRE_01710,BREAKFAST,1.0,1,0.0,,,,,
BRE_01711,BREAKFAST,0.0,1,0.0,,,,,
BRE_01712,BREAKFAST,0.0,0,1.0,,,,,
BRE_01713,BREAKFAST,1.0,1,0.0,,,,,
BRE_01714,BREAKFAST,1.0,1,0.0,,,,,
BRE_01715,BREAKFAST,0.0,0,1.0,,,,,
BRE_01716,BREAKFAST,1.0,1,0.0,,,,,
BRE_01717,BREAKFAST,1.0,0,0.0,,,,,
BRE_01718,BREAKFAST,1.0,1,0.0,,,,,
BRE_01719,BREAKFAST,1.0,1,0.0,,,,,
BRE_01720,BREAKFAST,1.0,1,0.0,,,,,
BRE_01721,BREAKFAST,1.0,0,0.0,,,,,
BRE_01722,BREAKFAST,1.0,1,0.0,,,,,
BRE_01723,BREAKFAST,0.0,0,1.0,,,,,
BRE_01724,BREAKFAST,1.0,1,0.0,,,,,
BRE_01725,BREAKFAST,1.0,0,0.0,,,,,
BRE_01726,BREAKFAST,0.0,1,0.0,,,,,
BRE_01727,BREAKFAST,0.0,0,1.0,,,,,
BRE_01728,BREAKFAST,0.0,1,0.0,,,,,
BRE_01729,BREAKFAST,0.0,1,0.0,,,,,
BRE_01730,BREAKFAST,1.0,1,0.0,,,,,
BRE_01731,BREAKFAST,1.0,1,0.0,,,,,
BRE_01732,BREAKFAST,1.0,1,0.0,,,,,
BRE_01733,BREAKFAST,1.0,1,0.0,,,,,
BRE_01734,BREAKFAST,1.0,1,0.0,,,,,
BRE_01735,BREAKFAST,0.0,0,1.0,,,,,
BRE_01736,BREAKFAST,1.0,0,0.0,,,,,
BRE_01737,BREAKFAST,1.0,0,0.0,,,,,
BRE_01738,BREAKFAST,1.0,1,0.0,,,,,
BRE_01739,BREAKFAST,1.0,1,0.0,,,,,
BRE_01740,BREAKFAST,1.0,1,0.0,,,,,
BRE_01741,BREAKFAST,1.0,1,0.0,,,,,
BRE_01742,BREAKFAST,1.0,1,0.0,,,,,
BRE_01743,BREAKFAST,1.0,1,0.0,,,,,
BRE_01744,BREAKFAST,0.0,0,1.0,,,,,
BRE_01745,BREAKFAST,0.0,0,1.0,,,,,
BRE_01746,BREAKFAST,1.0,1,0.0,,,,,
BRE_01747,BREAKFAST,0.0,1,0.0,,,,,
BRE_01748,BREAKFAST,0.0,1,0.0,,,,,
BRE_01749,BREAKFAST,1.0,1,0.0,,,,,
BRE_01750,BREAKFAST,1.0,1,0.0,,,,,
BRE_01751,BREAKFAST,0.0,1,0.0,,,,,
BRE_01752,BREAKFAST,1.0,1,0.0,,,,,
BRE_01753,BREAKFAST,1.0,1,0.0,,,,,
BRE_01754,BREAKFAST,1.0,1,0.0,,,,,
BRE_01755,BREAKFAST,1.0,1,0.0,,,,,
BRE_01756,BREAKFAST,1.0,1,0.0,,,,,
BRE_01757,BREAKFAST,1.0,1,0.0,,,,,
BRE_01758,BREAKFAST,1.0,1,0.0,,,,,
BRE_01759,BREAKFAST,1.0,0,0.0,,,,,
BRE_01760,BREAKFAST,0.0,0,0.0,,,,,
BRE_01761,BREAKFAST,0.0,0,1.0,,,,,
BRE_01762,BREAKFAST,1.0,1,0.0,,,,,
BRE_01763,BREAKFAST,0.0,0,0.0,,,,,
BRE_01764,BREAKFAST,1.0,1,0.0,,,,,
BRE_01765,BREAKFAST,0.0,1,0.0,,,,,
BRE_01766,BREAKFAST,1.0,1,0.0,,,,,
BRE_01767,BREAKFAST,1.0,1,0.0,,,,,
BRE_01768,BREAKFAST,0.0,1,0.0,,,,,
BRE_01769,BREAKFAST,1.0,1,0.0,,,,,
BRE_01770,BREAKFAST,0.0,1,0.0,,,,,
BRE_01771,BREAKFAST,1.0,0,0.0,,,,,
BRE_01772,BREAKFAST,1.0,1,0.0,,,,,
BRE_01773,BREAKFAST,1.0,1,0.0,,,,,
BRE_01774,BREAKFAST,1.0,1,0.0,,,,,
BRE_01775,BREAKFAST,1.0,0,0.0,,,,,
BRE_01776,BREAKFAST,1.0,1,0.0,,,,,
BRE_01777,BREAKFAST,1.0,1,0.0,,,,,
BRE_01778,BREAKFAST,1.0,1,0.0,,,,,
BRE_01779,BREAKFAST,1.0,1,0.0,,,,,
BRE_01780,BREAKFAST,1.0,1,0.0,,,,,
BRE_01781,BREAKFAST,1.0,1,0.0,,,,,
BRE_01782,BREAKFAST,0.0,0,1.0,,,,,
BRE_01783,BREAKFAST,0.0,0,1.0,,,,,
BRE_01784,BREAKFAST,1.0,1,0.0,,,,,
BRE_01785,BREAKFAST,1.0,1,0.0,,,,,
BRE_01786,BREAKFAST,1.0,1,0.0,,,,,
BRE_01787,BREAKFAST,1.0,1,0.0,,,,,
BRE_01788,BREAKFAST,0.0,1,0.0,,,,,
BRE_01789,BREAKFAST,1.0,1,0.0,,,,,
BRE_01790,BREAKFAST,1.0,1,0.0,,,,,
BRE_01791,BREAKFAST,1.0,1,0.0,,,,,
BRE_01792,BREAKFAST,0.0,1,0.0,,,,,
BRE_01793,BREAKFAST,1.0,1,0.0,,,,,
BRE_01794,BREAKFAST,1.0,1,0.0,,,,,
BRE_01795,BREAKFAST,0.0,1,0.0,,,,,
BRE_01796,BREAKFAST,1.0,1,0.0,,,,,
BRE_01797,BREAKFAST,0.0,0,0.0,,,,,
BRE_01798,BREAKFAST,0.0,0,1.0,,,,,
BRE_01799,BREAKFAST,1.0,1,0.0,,,,,
BRE_01800,BREAKFAST,1.0,1,0.0,,,,,
BRE_01801,BREAKFAST,1.0,1,0.0,,,,,
BRE_01802,BREAKFAST,1.0,1,0.0,,,,,
BRE_01803,BREAKFAST,0.0,0,1.0,,,,,
BRE_01804,BREAKFAST,1.0,1,0.0,,,,,
BRE_01805,BREAKFAST,0.0,1,0.0,,,,,
BRE_01806,BREAKFAST,0.0,0,1.0,,,,,
BRE_01807,BREAKFAST,1.0,0,0.0,,,,,
BRE_01808,BREAKFAST,0.0,0,1.0,,,,,
BRE_01809,BREAKFAST,1.0,1,0.0,,,,,
BRE_01810,BREAKFAST,0.0,1,0.0,,,,,
BRE_01811,BREAKFAST,0.0,0,1.0,,,,,
BRE_01812,BREAKFAST,1.0,1,0.0,,,,,
BRE_01813,BREAKFAST,1.0,1,0.0,,,,,
BRE_01814,BREAKFAST,1.0,1,0.0,,,,,
BRE_01815,BREAKFAST,1.0,1,0.0,,,,,
BRE_01816,BREAKFAST,1.0,0,0.0,,,,,
BRE_01817,BREAKFAST,1.0,1,0.0,,,,,
BRE_01818,BREAKFAST,0.0,0,1.0,,,,,
BRE_01819,BREAKFAST,0.0,0,1.0,,,,,
BRE_01820,BREAKFAST,1.0,1,0.0,,,,,
BRE_01821,BREAKFAST,1.0,1,0.0,,,,,
BRE_01822,BREAKFAST,1.0,1,0.0,,,,,
BRE_01823,BREAKFAST,1.0,1,0.0,,,,,
BRE_01824,BREAKFAST,1.0,1,0.0,,,,,
BRE_01825,BREAKFAST,1.0,1,0.0,,,,,
BRE_01826,BREAKFAST,1.0,0,0.0,,,,,
BRE_01827,BREAKFAST,1.0,1,0.0,,,,,
BRE_01828,BREAKFAST,0.0,1,0.0,,,,,
BRE_01829,BREAKFAST,1.0,1,0.0,,,,,
BRE_01830,BREAKFAST,1.0,0,0.0,,,,,
BRE_01831,BREAKFAST,1.0,0,0.0,,,,,
BRE_01832,BREAKFAST,0.0,1,0.0,,,,,
BRE_01833,BREAKFAST,0.0,1,0.0,,,,,
BRE_01834,BREAKFAST,0.0,0,1.0,,,,,
BRE_01835,BREAKFAST,1.0,0,0.0,,,,,
BRE_01836,BREAKFAST,0.0,0,1.0,,,,,
BRE_01837,BREAKFAST,1.0,1,0.0,,,,,
BRE_01838,BREAKFAST,1.0,0,0.0,,,,,
BRE_01839,BREAKFAST,1.0,1,0.0,,,,,
BRE_01840,BREAKFAST,1.0,1,0.0,,,,,
BRE_01841,BREAKFAST,1.0,1,0.0,,,,,
BRE_01842,BREAKFAST,1.0,1,0.0,,,,,
BRE_01843,BREAKFAST,1.0,1,0.0,,,,,
BRE_01844,BREAKFAST,1.0,1,0.0,,,,,
BRE_01845,BREAKFAST,1.0,1,0.0,,,,,
BRE_01846,BREAKFAST,0.0,0,1.0,,,,,
BRE_01847,BREAKFAST,1.0,1,0.0,,,,,
BRE_01848,BREAKFAST,1.0,1,0.0,,,,,
BRE_01849,BREAKFAST,0.0,1,0.0,,,,,
BRE_01850,BREAKFAST,1.0,1,0.0,,,,,
BRE_01851,BREAKFAST,1.0,1,0.0,,,,,
BRE_01852,BREAKFAST,1.0,1,0.0,,,,,
BRE_01853,BREAKFAST,1.0,1,0.0,,,,,
BRE_01854,BREAKFAST,0.0,1,0.0,,,,,
BRE_01855,BREAKFAST,1.0,1,0.0,,,,,
BRE_01856,BREAKFAST,1.0,1,0.0,,,,,
BRE_01857,BREAKFAST,1.0,1,0.0,,,,,
BRE_01858,BREAKFAST,1.0,0,0.0,,,,,
BRE_01859,BREAKFAST,1.0,1,0.0,,,,,
BRE_01860,BREAKFAST,1.0,0,0.0,,,,,
BRE_01861,BREAKFAST,1.0,1,0.0,,,,,
BRE_01862,BREAKFAST,1.0,0,0.0,,,,,
BRE_01863,BREAKFAST,0.0,1,0.0,,,,,
BRE_01864,BREAKFAST,0.0,1,0.0,,,,,
BRE_01865,BREAKFAST,1.0,1,0.0,,,,,
BRE_01866,BREAKFAST,1.0,1,0.0,,,,,
BRE_01867,BREAKFAST,1.0,1,0.0,,,,,
BRE_01868,BREAKFAST,1.0,1,0.0,,,,,
BRE_01869,BREAKFAST,1.0,0,0.0,,,,,
BRE_01870,BREAKFAST,1.0,1,0.0,,,,,
BRE_01871,BREAKFAST,1.0,1,0.0,,,,,
BRE_01872,BREAKFAST,1.0,1,0.0,,,,,
BRE_01873,BREAKFAST,1.0,1,0.0,,,,,
BRE_01874,BREAKFAST,0.0,1,0.0,,,,,
BRE_01875,BREAKFAST,1.0,1,0.0,,,,,
BRE_01876,BREAKFAST,1.0,1,0.0,,,,,
BRE_01877,BREAKFAST,1.0,1,0.0,,,,,
BRE_01878,BREAKFAST,1.0,0,0.0,,,,,
BRE_01879,BREAKFAST,1.0,0,0.0,,,,,
BRE_01880,BREAKFAST,1.0,1,0.0,,,,,
BRE_01881,BREAKFAST,1.0,0,0.0,,,,,
BRE_01882,BREAKFAST,1.0,1,0.0,,,,,
BRE_01883,BREAKFAST,0.0,0,1.0,,,,,
BRE_01884,BREAKFAST,1.0,1,0.0,,,,,
BRE_01885,BREAKFAST,1.0,1,0.0,,,,,
BRE_01886,BREAKFAST,1.0,0,0.0,,,,,
BRE_01887,BREAKFAST,1.0,1,0.0,,,,,
BRE_01888,BREAKFAST,1.0,1,0.0,,,,,
BRE_01889,BREAKFAST,1.0,1,0.0,,,,,
BRE_01890,BREAKFAST,1.0,1,0.0,,,,,
BRE_01891,BREAKFAST,1.0,1,0.0,,,,,
BRE_01892,BREAKFAST,1.0,1,0.0,,,,,
BRE_01893,BREAKFAST,0.0,0,1.0,,,,,
BRE_01894,BREAKFAST,1.0,1,0.0,,,,,
BRE_01895,BREAKFAST,1.0,1,0.0,,,,,
BRE_01896,BREAKFAST,0.0,0,1.0,,,,,
BRE_01897,BREAKFAST,1.0,1,0.0,,,,,
BRE_01898,BREAKFAST,1.0,1,0.0,,,,,
BRE_01899,BREAKFAST,1.0,1,0.0,,,,,
BRE_01900,BREAKFAST,0.0,0,1.0,,,,,
BRE_01901,BREAKFAST,0.0,1,0.0,,,,,
BRE_01902,BREAKFAST,1.0,1,0.0,,,,,
BRE_01903,BREAKFAST,1.0,1,0.0,,,,,
BRE_01904,BREAKFAST,0.0,0,1.0,,,,,
BRE_01905,BREAKFAST,1.0,1,0.0,,,,,
BRE_01906,BREAKFAST,1.0,1,0.0,,,,,
BRE_01907,BREAKFAST,1.0,1,0.0,,,,,
BRE_01908,BREAKFAST,1.0,1,0.0,,,,,
BRE_01909,BREAKFAST,1.0,1,0.0,,,,,
BRE_01910,BREAKFAST,0.0,0,1.0,,,,,
BRE_01911,BREAKFAST,0.0,0,1.0,,,,,
BRE_01912,BREAKFAST,1.0,1,0.0,,,,,
BRE_01913,BREAKFAST,1.0,1,0.0,,,,,
BRE_01914,BREAKFAST,1.0,1,0.0,,,,,
BRE_01915,BREAKFAST,1.0,1,0.0,,,,,
BRE_01916,BREAKFAST,1.0,1,0.0,,,,,
BRE_01917,BREAKFAST,1.0,1,0.0,,,,,
BRE_01918,BREAKFAST,1.0,1,0.0,,,,,
BRE_01919,BREAKFAST,0.0,0,1.0,,,,,
BRE_01920,BREAKFAST,0.0,0,1.0,,,,,
BRE_01921,BREAKFAST,1.0,1,0.0,,,,,
BRE_01922,BREAKFAST,1.0,1,0.0,,,,,
BRE_01923,BREAKFAST,0.0,1,0.0,,,,,
BRE_01924,BREAKFAST,1.0,1,0.0,,,,,
BRE_01925,BREAKFAST,0.0,1,0.0,,,,,
BRE_01926,BREAKFAST,1.0,1,0.0,,,,,
BRE_01927,BREAKFAST,1.0,1,0.0,,,,,
BRE_01928,BREAKFAST,0.0,0,1.0,,,,,
BRE_01929,BREAKFAST,0.0,1,0.0,,,,,
BRE_01930,BREAKFAST,0.0,0,0.0,,,,,
BRE_01931,BREAKFAST,1.0,1,0.0,,,,,
BRE_01932,BREAKFAST,1.0,1,0.0,,,,,
BRE_01933,BREAKFAST,1.0,1,0.0,,,,,
BRE_01934,BREAKFAST,1.0,1,0.0,,,,,
BRE_01935,BREAKFAST,1.0,1,0.0,,,,,
BRE_01936,BREAKFAST,1.0,0,0.0,,,,,
BRE_01937,BREAKFAST,1.0,0,0.0,,,,,
BRE_01938,BREAKFAST,1.0,1,0.0,,,,,
BRE_01939,BREAKFAST,1.0,1,0.0,,,,,
BRE_01940,BREAKFAST,1.0,1,0.0,,,,,
BRE_01941,BREAKFAST,1.0,0,0.0,,,,,
BRE_01942,BREAKFAST,1.0,0,0.0,,,,,
BRE_01943,BREAKFAST,1.0,1,0.0,,,,,
BRE_01944,BREAKFAST,1.0,0,0.0,,,,,
BRE_01945,BREAKFAST,1.0,1,0.0,,,,,
BRE_01946,BREAKFAST,0.0,0,1.0,,,,,
BRE_01947,BREAKFAST,1.0,0,0.0,,,,,
BRE_01948,BREAKFAST,1.0,1,0.0,,,,,
BRE_01949,BREAKFAST,1.0,1,0.0,,,,,
BRE_01950,BREAKFAST,1.0,1,0.0,,,,,
BRE_01951,BREAKFAST,1.0,1,0.0,,,,,
BRE_01952,BREAKFAST,0.0,0,1.0,,,,,
BRE_01953,BREAKFAST,1.0,1,0.0,,,,,
BRE_01954,BREAKFAST,1.0,1,0.0,,,,,
BRE_01955,BREAKFAST,0.0,0,1.0,,,,,
BRE_01956,BREAKFAST,0.0,0,1.0,,,,,
BRE_01957,BREAKFAST,1.0,1,0.0,,,,,
BRE_01958,BREAKFAST,1.0,1,0.0,,,,,
BRE_01959,BREAKFAST,0.0,0,1.0,,,,,
BRE_01960,BREAKFAST,0.0,1,0.0,,,,,
BRE_01961,BREAKFAST,1.0,1,0.0,,,,,
BRE_01962,BREAKFAST,0.0,1,0.0,,,,,
BRE_01963,BREAKFAST,0.0,1,0.0,,,,,
BRE_01964,BREAKFAST,0.0,1,0.0,,,,,
BRE_01965,BREAKFAST,1.0,1,0.0,,,,,
BRE_01966,BREAKFAST,0.0,1,0.0,,,,,
BRE_01967,BREAKFAST,1.0,1,0.0,,,,,
BRE_01968,BREAKFAST,1.0,1,0.0,,,,,
BRE_01969,BREAKFAST,1.0,1,0.0,,,,,
BRE_01970,BREAKFAST,0.0,1,0.0,,,,,
BRE_01971,BREAKFAST,1.0,1,0.0,,,,,
BRE_01972,BREAKFAST,1.0,1,0.0,,,,,
BRE_01973,BREAKFAST,1.0,1,0.0,,,,,
BRE_01974,BREAKFAST,1.0,1,0.0,,,,,
BRE_01975,BREAKFAST,1.0,1,0.0,,,,,
BRE_01976,BREAKFAST,0.0,0,0.0,,,,,
BRE_01977,BREAKFAST,1.0,1,0.0,,,,,
BRE_01978,BREAKFAST,1.0,1,0.0,,,,,
BRE_01979,BREAKFAST,0.0,0,1.0,,,,,
BRE_01980,BREAKFAST,1.0,1,0.0,,,,,
BRE_01981,BREAKFAST,0.0,0,1.0,,,,,
BRE_01982,BREAKFAST,0.0,0,1.0,,,,,
BRE_01983,BREAKFAST,1.0,1,0.0,,,,,
BRE_01984,BREAKFAST,1.0,1,0.0,,,,,
BRE_01985,BREAKFAST,0.0,0,1.0,,,,,
BRE_01986,BREAKFAST,1.0,1,0.0,,,,,
BRE_01987,BREAKFAST,0.0,0,1.0,,,,,
BRE_01988,BREAKFAST,0.0,0,1.0,,,,,
BRE_01989,BREAKFAST,1.0,1,0.0,,,,,
BRE_01990,BREAKFAST,1.0,1,0.0,,,,,
BRE_01991,BREAKFAST,1.0,1,0.0,,,,,
BRE_01992,BREAKFAST,1.0,1,0.0,,,,,
BRE_01993,BREAKFAST,1.0,1,0.0,,,,,
BRE_01994,BREAKFAST,0.0,0,0.0,,,,,
BRE_01995,BREAKFAST,0.0,0,1.0,,,,,
BRE_01996,BREAKFAST,1.0,1,0.0,,,,,
BRE_01997,BREAKFAST,1.0,1,0.0,,,,,
BRE_01998,BREAKFAST,1.0,1,0.0,,,,,
BRE_01999,BREAKFAST,1.0,0,0.0,,,,,
BRE_02000,BREAKFAST,1.0,1,0.0,,,,,
BRE_02001,BREAKFAST,1.0,1,0.0,,,,,
BRE_02002,BREAKFAST,1.0,0,0.0,,,,,
BRE_02003,BREAKFAST,1.0,0,0.0,,,,,
BRE_02004,BREAKFAST,1.0,0,0.0,,,,,
BRE_02005,BREAKFAST,1.0,1,0.0,,,,,
BRE_02006,BREAKFAST,0.0,0,1.0,,,,,
BRE_02007,BREAKFAST,1.0,1,0.0,,,,,
BRE_02008,BREAKFAST,0.0,0,1.0,,,,,
BRE_02009,BREAKFAST,0.0,0,1.0,,,,,
BRE_02010,BREAKFAST,0.0,0,1.0,,,,,
BRE_02011,BREAKFAST,0.0,1,0.0,,,,,
BRE_02012,BREAKFAST,1.0,1,0.0,,,,,
BRE_02013,BREAKFAST,1.0,1,0.0,,,,,
BRE_02014,BREAKFAST,1.0,1,0.0,,,,,
BRE_02015,BREAKFAST,0.0,0,0.0,,,,,
BRE_02016,BREAKFAST,1.0,1,0.0,,,,,
BRE_02017,BREAKFAST,1.0,1,0.0,,,,,
BRE_02018,BREAKFAST,1.0,0,0.0,,,,,
BRE_02019,BREAKFAST,1.0,1,0.0,,,,,
BRE_02020,BREAKFAST,0.0,0,0.0,,,,,
BRE_02021,BREAKFAST,1.0,0,0.0,,,,,
BRE_02022,BREAKFAST,1.0,1,0.0,,,,,
BRE_02023,BREAKFAST,1.0,1,0.0,,,,,
BRE_02024,BREAKFAST,0.0,0,1.0,,,,,
BRE_02025,BREAKFAST,1.0,1,0.0,,,,,
BRE_02026,BREAKFAST,0.0,0,1.0,,,,,
BRE_02027,BREAKFAST,1.0,1,0.0,,,,,
BRE_02028,BREAKFAST,0.0,0,1.0,,,,,
BRE_02029,BREAKFAST,1.0,0,0.0,,,,,
BRE_02030,BREAKFAST,1.0,1,0.0,,,,,
BRE_02031,BREAKFAST,1.0,1,0.0,,,,,
BRE_02032,BREAKFAST,0.0,1,0.0,,,,,
BRE_02033,BREAKFAST,1.0,1,0.0,,,,,
BRE_02034,BREAKFAST,1.0,1,0.0,,,,,
BRE_02035,BREAKFAST,0.0,1,0.0,,,,,
BRE_02036,BREAKFAST,1.0,1,0.0,,,,,
BRE_02037,BREAKFAST,1.0,1,0.0,,,,,
BRE_02038,BREAKFAST,1.0,1,0.0,,,,,
BRE_02039,BREAKFAST,1.0,1,0.0,,,,,
BRE_02040,BREAKFAST,0.0,0,1.0,,,,,
BRE_02041,BREAKFAST,1.0,1,0.0,,,,,
BRE_02042,BREAKFAST,1.0,1,0.0,,,,,
BRE_02043,BREAKFAST,1.0,1,0.0,,,,,
BRE_02044,BREAKFAST,1.0,1,0.0,,,,,
BRE_02045,BREAKFAST,1.0,1,0.0,,,,,
BRE_02046,BREAKFAST,1.0,1,0.0,,,,,
BRE_02047,BREAKFAST,0.0,1,0.0,,,,,
BRE_02048,BREAKFAST,1.0,1,0.0,,,,,
BRE_02049,BREAKFAST,1.0,1,0.0,,,,,
BRE_02050,BREAKFAST,1.0,0,0.0,,,,,
BRE_02051,BREAKFAST,0.0,0,1.0,,,,,
BRE_02052,BREAKFAST,0.0,1,0.0,,,,,
BRE_02053,BREAKFAST,0.0,0,1.0,,,,,
BRE_02054,BREAKFAST,1.0,1,0.0,,,,,
BRE_02055,BREAKFAST,1.0,1,0.0,,,,,
BRE_02056,BREAKFAST,1.0,1,0.0,,,,,
BRE_02057,BREAKFAST,0.0,1,0.0,,,,,
BRE_02058,BREAKFAST,0.0,0,1.0,,,,,
BRE_02059,BREAKFAST,1.0,1,0.0,,,,,
BRE_02060,BREAKFAST,1.0,0,0.0,,,,,
BRE_02061,BREAKFAST,1.0,1,0.0,,,,,
BRE_02062,BREAKFAST,0.0,0,1.0,,,,,
BRE_02063,BREAKFAST,1.0,1,0.0,,,,,
BRE_02064,BREAKFAST,1.0,1,0.0,,,,,
BRE_02065,BREAKFAST,0.0,0,1.0,,,,,
BRE_02066,BREAKFAST,0.0,1,0.0,,,,,
BRE_02067,BREAKFAST,0.0,1,0.0,,,,,
BRE_02068,BREAKFAST,0.0,1,0.0,,,,,
BRE_02069,BREAKFAST,1.0,0,0.0,,,,,
BRE_02070,BREAKFAST,0.0,0,1.0,,,,,
BRE_02071,BREAKFAST,0.0,1,0.0,,,,,
BRE_02072,BREAKFAST,1.0,1,0.0,,,,,
BRE_02073,BREAKFAST,1.0,1,0.0,,,,,
BRE_02074,BREAKFAST,0.0,1,0.0,,,,,
BRE_02075,BREAKFAST,1.0,1,0.0,,,,,
BRE_02076,BREAKFAST,1.0,1,0.0,,,,,
BRE_02077,BREAKFAST,1.0,1,0.0,,,,,
BRE_02078,BREAKFAST,1.0,1,0.0,,,,,
BRE_02079,BREAKFAST,1.0,1,0.0,,,,,
BRE_02080,BREAKFAST,0.0,0,1.0,,,,,
BRE_02081,BREAKFAST,1.0,1,0.0,,,,,
BRE_02082,BREAKFAST,1.0,1,0.0,,,,,
BRE_02083,BREAKFAST,0.0,0,0.0,,,,,
BRE_02084,BREAKFAST,1.0,1,0.0,,,,,
BRE_02085,BREAKFAST,1.0,1,0.0,,,,,
BRE_02086,BREAKFAST,1.0,1,0.0,,,,,
BRE_02087,BREAKFAST,0.0,0,1.0,,,,,
BRE_02088,BREAKFAST,1.0,1,0.0,,,,,
BRE_02089,BREAKFAST,1.0,1,0.0,,,,,
BRE_02090,BREAKFAST,1.0,1,0.0,,,,,
BRE_02091,BREAKFAST,1.0,0,0.0,,,,,
BRE_02092,BREAKFAST,1.0,1,0.0,,,,,
BRE_02093,BREAKFAST,1.0,1,0.0,,,,,
BRE_02094,BREAKFAST,0.0,0,1.0,,,,,
BRE_02095,BREAKFAST,1.0,1,0.0,,,,,
BRE_02096,BREAKFAST,0.0,0,1.0,,,,,
BRE_02097,BREAKFAST,1.0,1,0.0,,,,,
BRE_02098,BREAKFAST,1.0,1,0.0,,,,,
BRE_02099,BREAKFAST,0.0,0,1.0,,,,,
BRE_02100,BREAKFAST,1.0,1,0.0,,,,,
BRE_02101,BREAKFAST,1.0,1,0.0,,,,,
BRE_02102,BREAKFAST,0.0,1,0.0,,,,,
BRE_02103,BREAKFAST,0.0,0,1.0,,,,,
BRE_02104,BREAKFAST,0.0,0,0.0,,,,,
BRE_02105,BREAKFAST,0.0,1,0.0,,,,,
BRE_02106,BREAKFAST,1.0,1,0.0,,,,,
BRE_02107,BREAKFAST,0.0,0,1.0,,,,,
BRE_02108,BREAKFAST,1.0,1,0.0,,,,,
BRE_02109,BREAKFAST,0.0,1,0.0,,,,,
BRE_02110,BREAKFAST,0.0,1,0.0,,,,,
BRE_02111,BREAKFAST,1.0,1,0.0,,,,,
BRE_02112,BREAKFAST,0.0,0,1.0,,,,,
BRE_02113,BREAKFAST,1.0,1,0.0,,,,,
BRE_02114,BREAKFAST,1.0,1,0.0,,,,,
BRE_02115,BREAKFAST,1.0,1,0.0,,,,,
BRE_02116,BREAKFAST,1.0,1,0.0,,,,,
BRE_02117,BREAKFAST,1.0,1,0.0,,,,,
BRE_02118,BREAKFAST,0.0,0,1.0,,,,,
BRE_02119,BREAKFAST,1.0,1,0.0,,,,,
BRE_02120,BREAKFAST,1.0,1,0.0,,,,,
BRE_02121,BREAKFAST,1.0,1,0.0,,,,,
BRE_02122,BREAKFAST,1.0,1,0.0,,,,,
BRE_02123,BREAKFAST,1.0,1,0.0,,,,,
BRE_02124,BREAKFAST,1.0,1,0.0,,,,,
BRE_02125,BREAKFAST,1.0,1,0.0,,,,,
BRE_02126,BREAKFAST,1.0,0,0.0,,,,,
BRE_02127,BREAKFAST,1.0,1,0.0,,,,,
BRE_02128,BREAKFAST,0.0,0,1.0,,,,,
BRE_02129,BREAKFAST,0.0,1,0.0,,,,,
BRE_02130,BREAKFAST,0.0,0,1.0,,,,,
BRE_02131,BREAKFAST,1.0,0,0.0,,,,,
BRE_02132,BREAKFAST,0.0,1,0.0,,,,,
BRE_02133,BREAKFAST,1.0,1,0.0,,,,,
BRE_02134,BREAKFAST,1.0,1,0.0,,,,,
BRE_02135,BREAKFAST,1.0,0,0.0,,,,,
BRE_02136,BREAKFAST,1.0,1,0.0,,,,,
BRE_02137,BREAKFAST,0.0,0,0.0,,,,,
BRE_02138,BREAKFAST,1.0,1,0.0,,,,,
BRE_02139,BREAKFAST,0.0,0,0.0,,,,,
BRE_02140,BREAKFAST,0.0,1,0.0,,,,,
BRE_02141,BREAKFAST,0.0,0,1.0,,,,,
BRE_02142,BREAKFAST,1.0,1,0.0,,,,,
BRE_02143,BREAKFAST,1.0,1,0.0,,,,,
BRE_02144,BREAKFAST,1.0,1,0.0,,,,,
BRE_02145,BREAKFAST,0.0,1,0.0,,,,,
BRE_02146,BREAKFAST,1.0,1,0.0,,,,,
BRE_02147,BREAKFAST,1.0,1,0.0,,,,,
BRE_02148,BREAKFAST,1.0,1,0.0,,,,,
BRE_02149,BREAKFAST,0.0,1,0.0,,,,,
BRE_02150,BREAKFAST,1.0,1,0.0,,,,,
BRE_02151,BREAKFAST,1.0,1,0.0,,,,,
BRE_02152,BREAKFAST,1.0,1,0.0,,,,,
BRE_02153,BREAKFAST,1.0,1,0.0,,,,,
BRE_02154,BREAKFAST,1.0,1,0.0,,,,,
BRE_02155,BREAKFAST,1.0,1,0.0,,,,,
BRE_02156,BREAKFAST,0.0,0,1.0,,,,,
BRE_02157,BREAKFAST,1.0,1,0.0,,,,,
BRE_02158,BREAKFAST,1.0,1,0.0,,,,,
BRE_02159,BREAKFAST,0.0,0,1.0,,,,,
BRE_02160,BREAKFAST,0.0,0,1.0,,,,,
BRE_02161,BREAKFAST,1.0,1,0.0,,,,,
BRE_02162,BREAKFAST,1.0,1,0.0,,,,,
BRE_02163,BREAKFAST,1.0,1,0.0,,,,,
BRE_02164,BREAKFAST,0.0,0,1.0,,,,,
BRE_02165,BREAKFAST,0.0,0,1.0,,,,,
BRE_02166,BREAKFAST,0.0,0,1.0,,,,,
BRE_02167,BREAKFAST,0.0,1,0.0,,,,,
BRE_02168,BREAKFAST,1.0,1,0.0,,,,,
BRE_02169,BREAKFAST,1.0,1,0.0,,,,,
BRE_02170,BREAKFAST,1.0,1,0.0,,,,,
BRE_02171,BREAKFAST,1.0,0,0.0,,,,,
BRE_02172,BREAKFAST,1.0,0,0.0,,,,,
BRE_02173,BREAKFAST,1.0,0,0.0,,,,,
BRE_02174,BREAKFAST,1.0,1,0.0,,,,,
BRE_02175,BREAKFAST,1.0,1,0.0,,,,,
BRE_02176,BREAKFAST,1.0,1,0.0,,,,,
BRE_02177,BREAKFAST,1.0,1,0.0,,,,,
BRE_02178,BREAKFAST,0.0,1,0.0,,,,,
BRE_02179,BREAKFAST,0.0,0,1.0,,,,,
BRE_02180,BREAKFAST,0.0,0,1.0,,,,,
BRE_02181,BREAKFAST,0.0,0,1.0,,,,,
BRE_02182,BREAKFAST,1.0,1,0.0,,,,,
BRE_02183,BREAKFAST,0.0,0,1.0,,,,,
BRE_02184,BREAKFAST,0.0,0,1.0,,,,,
BRE_02185,BREAKFAST,1.0,1,0.0,,,,,
BRE_02186,BREAKFAST,1.0,1,0.0,,,,,
BRE_02187,BREAKFAST,1.0,1,0.0,,,,,
BRE_02188,BREAKFAST,0.0,0,1.0,,,,,
BRE_02189,BREAKFAST,1.0,1,0.0,,,,,
BRE_02190,BREAKFAST,0.0,0,1.0,,,,,
BRE_02191,BREAKFAST,0.0,1,0.0,,,,,
BRE_02192,BREAKFAST,0.0,0,1.0,,,,,
BRE_02193,BREAKFAST,1.0,1,0.0,,,,,
BRE_02194,BREAKFAST,1.0,0,0.0,,,,,
BRE_02195,BREAKFAST,1.0,1,0.0,,,,,
BRE_02196,BREAKFAST,0.0,1,0.0,,,,,
BRE_02197,BREAKFAST,1.0,1,0.0,,,,,
BRE_02198,BREAKFAST,1.0,1,0.0,,,,,
BRE_02199,BREAKFAST,1.0,1,0.0,,,,,
BRE_02200,BREAKFAST,1.0,0,0.0,,,,,
BRE_02201,BREAKFAST,1.0,1,0.0,,,,,
BRE_02202,BREAKFAST,1.0,1,0.0,,,,,
BRE_02203,BREAKFAST,1.0,1,0.0,,,,,
BRE_02204,BREAKFAST,1.0,0,0.0,,,,,
BRE_02205,BREAKFAST,1.0,1,0.0,,,,,
BRE_02206,BREAKFAST,1.0,1,0.0,,,,,
BRE_02207,BREAKFAST,1.0,1,0.0,,,,,
BRE_02208,BREAKFAST,0.0,0,1.0,,,,,
BRE_02209,BREAKFAST,0.0,1,0.0,,,,,
BRE_02210,BREAKFAST,1.0,1,0.0,,,,,
BRE_02211,BREAKFAST,1.0,1,0.0,,,,,
BRE_02212,BREAKFAST,0.0,0,1.0,,,,,
BRE_02213,BREAKFAST,1.0,1,0.0,,,,,
BRE_02214,BREAKFAST,1.0,1,0.0,,,,,
BRE_02215,BREAKFAST,1.0,0,0.0,,,,,
BRE_02216,BREAKFAST,1.0,1,0.0,,,,,
BRE_02217,BREAKFAST,1.0,0,0.0,,,,,
BRE_02218,BREAKFAST,1.0,1,0.0,,,,,
BRE_02219,BREAKFAST,1.0,1,0.0,,,,,
BRE_02220,BREAKFAST,0.0,0,1.0,,,,,
BRE_02221,BREAKFAST,1.0,1,0.0,,,,,
BRE_02222,BREAKFAST,1.0,1,0.0,,,,,
BRE_02223,BREAKFAST,0.0,1,0.0,,,,,
BRE_02224,BREAKFAST,0.0,0,0.0,,,,,
BRE_02225,BREAKFAST,0.0,0,0.0,,,,,
BRE_02226,BREAKFAST,1.0,1,0.0,,,,,
BRE_02227,BREAKFAST,1.0,1,0.0,,,,,
BRE_02228,BREAKFAST,0.0,0,1.0,,,,,
BRE_02229,BREAKFAST,1.0,0,0.0,,,,,
BRE_02230,BREAKFAST,0.0,1,0.0,,,,,
BRE_02231,BREAKFAST,1.0,1,0.0,,,,,
BRE_02232,BREAKFAST,1.0,1,0.0,,,,,
BRE_02233,BREAKFAST,1.0,1,0.0,,,,,
BRE_02234,BREAKFAST,1.0,1,0.0,,,,,
BRE_02235,BREAKFAST,0.0,0,1.0,,,,,
BRE_02236,BREAKFAST,1.0,1,0.0,,,,,
BRE_02237,BREAKFAST,1.0,1,0.0,,,,,
BRE_02238,BREAKFAST,1.0,1,0.0,,,,,
BRE_02239,BREAKFAST,0.0,0,1.0,,,,,
BRE_02240,BREAKFAST,1.0,0,0.0,,,,,
BRE_02241,BREAKFAST,1.0,1,0.0,,,,,
BRE_02242,BREAKFAST,0.0,0,1.0,,,,,
BRE_02243,BREAKFAST,1.0,1,0.0,,,,,
BRE_02244,BREAKFAST,0.0,0,1.0,,,,,
BRE_02245,BREAKFAST,1.0,0,0.0,,,,,
BRE_02246,BREAKFAST,1.0,1,0.0,,,,,
BRE_02247,BREAKFAST,0.0,0,1.0,,,,,
BRE_02248,BREAKFAST,1.0,1,0.0,,,,,
BRE_02249,BREAKFAST,1.0,1,0.0,,,,,
BRE_02250,BREAKFAST,1.0,1,0.0,,,,,
BRE_02251,BREAKFAST,1.0,1,0.0,,,,,
BRE_02252,BREAKFAST,1.0,1,0.0,,,,,
BRE_02253,BREAKFAST,1.0,0,0.0,,,,,
BRE_02254,BREAKFAST,1.0,1,0.0,,,,,
BRE_02255,BREAKFAST,0.0,1,0.0,,,,,
BRE_02256,BREAKFAST,0.0,1,0.0,,,,,
BRE_02257,BREAKFAST,1.0,1,0.0,,,,,
BRE_02258,BREAKFAST,1.0,1,0.0,,,,,
BRE_02259,BREAKFAST,0.0,0,1.0,,,,,
BRE_02260,BREAKFAST,1.0,0,0.0,,,,,
BRE_02261,BREAKFAST,1.0,1,0.0,,,,,
BRE_02262,BREAKFAST,1.0,1,0.0,,,,,
BRE_02263,BREAKFAST,0.0,0,1.0,,,,,
BRE_02264,BREAKFAST,0.0,1,0.0,,,,,
BRE_02265,BREAKFAST,1.0,1,0.0,,,,,
BRE_02266,BREAKFAST,1.0,1,0.0,,,,,
BRE_02267,BREAKFAST,0.0,0,1.0,,,,,
BRE_02268,BREAKFAST,1.0,1,0.0,,,,,
BRE_02269,BREAKFAST,1.0,1,0.0,,,,,
BRE_02270,BREAKFAST,0.0,0,1.0,,,,,
BRE_02271,BREAKFAST,1.0,1,0.0,,,,,
BRE_02272,BREAKFAST,0.0,0,1.0,,,,,
BRE_02273,BREAKFAST,1.0,1,0.0,,,,,
BRE_02274,BREAKFAST,0.0,0,1.0,,,,,
BRE_02275,BREAKFAST,1.0,1,0.0,,,,,
BRE_02276,BREAKFAST,1.0,1,0.0,,,,,
BRE_02277,BREAKFAST,1.0,0,0.0,,,,,
BRE_02278,BREAKFAST,1.0,1,0.0,,,,,
BRE_02279,BREAKFAST,1.0,1,0.0,,,,,
BRE_02280,BREAKFAST,0.0,1,0.0,,,,,
BRE_02281,BREAKFAST,1.0,1,0.0,,,,,
BRE_02282,BREAKFAST,1.0,1,0.0,,,,,
BRE_02283,BREAKFAST,0.0,0,1.0,,,,,
BRE_02284,BREAKFAST,1.0,1,0.0,,,,,
BRE_02285,BREAKFAST,1.0,1,0.0,,,,,
BRE_02286,BREAKFAST,1.0,0,0.0,,,,,
BRE_02287,BREAKFAST,1.0,1,0.0,,,,,
BRE_02288,BREAKFAST,0.0,0,1.0,,,,,
BRE_02289,BREAKFAST,1.0,1,0.0,,,,,
BRE_02290,BREAKFAST,1.0,0,0.0,,,,,
BRE_02291,BREAKFAST,1.0,1,0.0,,,,,
BRE_02292,BREAKFAST,1.0,0,0.0,,,,,
BRE_02293,BREAKFAST,1.0,0,0.0,,,,,
BRE_02294,BREAKFAST,1.0,0,0.0,,,,,
BRE_02295,BREAKFAST,1.0,1,0.0,,,,,
BRE_02296,BREAKFAST,1.0,1,0.0,,,,,
BRE_02297,BREAKFAST,1.0,1,0.0,,,,,
BRE_02298,BREAKFAST,1.0,0,0.0,,,,,
BRE_02299,BREAKFAST,1.0,1,0.0,,,,,
BRE_02300,BREAKFAST,0.0,0,1.0,,,,,
BRE_02301,BREAKFAST,0.0,0,1.0,,,,,
BRE_02302,BREAKFAST,1.0,1,0.0,,,,,
BRE_02303,BREAKFAST,0.0,0,1.0,,,,,
BRE_02304,BREAKFAST,1.0,1,0.0,,,,,
BRE_02305,BREAKFAST,1.0,1,0.0,,,,,
BRE_02306,BREAKFAST,1.0,1,0.0,,,,,
BRE_02307,BREAKFAST,1.0,0,0.0,,,,,
BRE_02308,BREAKFAST,0.0,0,0.0,,,,,
BRE_02309,BREAKFAST,1.0,1,0.0,,,,,
BRE_02310,BREAKFAST,1.0,1,0.0,,,,,
BRE_02311,BREAKFAST,0.0,0,1.0,,,,,
BRE_02312,BREAKFAST,1.0,1,0.0,,,,,
BRE_02313,BREAKFAST,1.0,0,0.0,,,,,
BRE_02314,BREAKFAST,1.0,1,0.0,,,,,
BRE_02315,BREAKFAST,0.0,1,0.0,,,,,
BRE_02316,BREAKFAST,1.0,1,0.0,,,,,
BRE_02317,BREAKFAST,1.0,1,0.0,,,,,
BRE_02318,BREAKFAST,1.0,1,0.0,,,,,
BRE_02319,BREAKFAST,1.0,1,0.0,,,,,
BRE_02320,BREAKFAST,1.0,1,0.0,,,,,
BRE_02321,BREAKFAST,0.0,0,1.0,,,,,
BRE_02322,BREAKFAST,1.0,1,0.0,,,,,
BRE_02323,BREAKFAST,1.0,1,0.0,,,,,
BRE_02324,BREAKFAST,1.0,1,0.0,,,,,
BRE_02325,BREAKFAST,0.0,0,0.0,,,,,
BRE_02326,BREAKFAST,0.0,0,1.0,,,,,
BRE_02327,BREAKFAST,1.0,1,0.0,,,,,
BRE_02328,BREAKFAST,0.0,0,1.0,,,,,
BRE_02329,BREAKFAST,0.0,0,1.0,,,,,
BRE_02330,BREAKFAST,1.0,1,0.0,,,,,
BRE_02331,BREAKFAST,1.0,1,0.0,,,,,
BRE_02332,BREAKFAST,1.0,1,0.0,,,,,
BRE_02333,BREAKFAST,1.0,0,0.0,,,,,
BRE_02334,BREAKFAST,1.0,1,0.0,,,,,
BRE_02335,BREAKFAST,0.0,0,1.0,,,,,
BRE_02336,BREAKFAST,1.0,1,0.0,,,,,
BRE_02337,BREAKFAST,1.0,1,0.0,,,,,
BRE_02338,BREAKFAST,1.0,1,0.0,,,,,
BRE_02339,BREAKFAST,1.0,1,0.0,,,,,
BRE_02340,BREAKFAST,1.0,1,0.0,,,,,
BRE_02341,BREAKFAST,1.0,1,0.0,,,,,
BRE_02342,BREAKFAST,1.0,1,0.0,,,,,
BRE_02343,BREAKFAST,1.0,1,0.0,,,,,
BRE_02344,BREAKFAST,1.0,1,0.0,,,,,
BRE_02345,BREAKFAST,1.0,1,0.0,,,,,
BRE_02346,BREAKFAST,0.0,0,1.0,,,,,
BRE_02347,BREAKFAST,1.0,1,0.0,,,,,
BRE_02348,BREAKFAST,1.0,0,0.0,,,,,
BRE_02349,BREAKFAST,1.0,1,0.0,,,,,
BRE_02350,BREAKFAST,1.0,1,0.0,,,,,
BRE_02351,BREAKFAST,1.0,1,0.0,,,,,
BRE_02352,BREAKFAST,1.0,1,0.0,,,,,
BRE_02353,BREAKFAST,1.0,1,0.0,,,,,
BRE_02354,BREAKFAST,1.0,1,0.0,,,,,
BRE_02355,BREAKFAST,1.0,1,0.0,,,,,
BRE_02356,BREAKFAST,1.0,1,0.0,,,,,
BRE_02357,BREAKFAST,1.0,1,0.0,,,,,
BRE_02358,BREAKFAST,1.0,1,0.0,,,,,
BRE_02359,BREAKFAST,1.0,1,0.0,,,,,
BRE_02360,BREAKFAST,1.0,0,0.0,,,,,
BRE_02361,BREAKFAST,1.0,1,0.0,,,,,
BRE_02362,BREAKFAST,1.0,1,0.0,,,,,
BRE_02363,BREAKFAST,1.0,0,0.0,,,,,
BRE_02364,BREAKFAST,1.0,1,0.0,,,,,
BRE_02365,BREAKFAST,1.0,1,0.0,,,,,
BRE_02366,BREAKFAST,1.0,1,0.0,,,,,
BRE_02367,BREAKFAST,0.0,1,0.0,,,,,
BRE_02368,BREAKFAST,0.0,1,0.0,,,,,
BRE_02369,BREAKFAST,1.0,1,0.0,,,,,
BRE_02370,BREAKFAST,1.0,1,0.0,,,,,
BRE_02371,BREAKFAST,0.0,1,0.0,,,,,
BRE_02372,BREAKFAST,1.0,1,0.0,,,,,
BRE_02373,BREAKFAST,1.0,1,0.0,,,,,
BRE_02374,BREAKFAST,0.0,0,1.0,,,,,
BRE_02375,BREAKFAST,0.0,0,1.0,,,,,
BRE_02376,BREAKFAST,1.0,1,0.0,,,,,
BRE_02377,BREAKFAST,1.0,0,0.0,,,,,
BRE_02378,BREAKFAST,1.0,1,0.0,,,,,
BRE_02379,BREAKFAST,0.0,1,0.0,,,,,
BRE_02380,BREAKFAST,0.0,1,0.0,,,,,
BRE_02381,BREAKFAST,0.0,0,1.0,,,,,
BRE_02382,BREAKFAST,1.0,1,0.0,,,,,
BRE_02383,BREAKFAST,1.0,1,0.0,,,,,
BRE_02384,BREAKFAST,1.0,1,0.0,,,,,
BRE_02385,BREAKFAST,1.0,1,0.0,,,,,
BRE_02386,BREAKFAST,1.0,1,0.0,,,,,
BRE_02387,BREAKFAST,1.0,1,0.0,,,,,
BRE_02388,BREAKFAST,1.0,1,0.0,,,,,
BRE_02389,BREAKFAST,1.0,1,0.0,,,,,
BRE_02390,BREAKFAST,1.0,0,0.0,,,,,
BRE_02391,BREAKFAST,1.0,1,0.0,,,,,
BRE_02392,BREAKFAST,0.0,1,0.0,,,,,
BRE_02393,BREAKFAST,1.0,1,0.0,,,,,
BRE_02394,BREAKFAST,1.0,1,0.0,,,,,
BRE_02395,BREAKFAST,1.0,1,0.0,,,,,
BRE_02396,BREAKFAST,1.0,1,0.0,,,,,
BRE_02397,BREAKFAST,0.0,0,1.0,,,,,
BRE_02398,BREAKFAST,0.0,0,1.0,,,,,
BRE_02399,BREAKFAST,0.0,0,1.0,,,,,
BRE_02400,BREAKFAST,1.0,0,0.0,,,,,
BRE_02401,BREAKFAST,1.0,1,0.0,,,,,
BRE_02402,BREAKFAST,1.0,1,0.0,,,,,
BRE_02403,BREAKFAST,1.0,1,0.0,,,,,
BRE_02404,BREAKFAST,1.0,1,0.0,,,,,
BRE_02405,BREAKFAST,1.0,1,0.0,,,,,
BRE_02406,BREAKFAST,0.0,0,1.0,,,,,
BRE_02407,BREAKFAST,1.0,1,0.0,,,,,
BRE_02408,BREAKFAST,1.0,1,0.0,,,,,
BRE_02409,BREAKFAST,0.0,0,1.0,,,,,
BRE_02410,BREAKFAST,1.0,1,0.0,,,,,
BRE_02411,BREAKFAST,1.0,1,0.0,,,,,
BRE_02412,BREAKFAST,0.0,1,0.0,,,,,
BRE_02413,BREAKFAST,1.0,1,0.0,,,,,
BRE_02414,BREAKFAST,1.0,1,0.0,,,,,
BRE_02415,BREAKFAST,1.0,0,0.0,,,,,
BRE_02416,BREAKFAST,1.0,1,0.0,,,,,
BRE_02417,BREAKFAST,1.0,1,0.0,,,,,
BRE_02418,BREAKFAST,1.0,0,0.0,,,,,
BRE_02419,BREAKFAST,1.0,1,0.0,,,,,
BRE_02420,BREAKFAST,0.0,0,1.0,,,,,
BRE_02421,BREAKFAST,0.0,1,0.0,,,,,
BRE_02422,BREAKFAST,0.0,1,0.0,,,,,
BRE_02423,BREAKFAST,0.0,1,0.0,,,,,
BRE_02424,BREAKFAST,1.0,1,0.0,,,,,
BRE_02425,BREAKFAST,0.0,0,1.0,,,,,
BRE_02426,BREAKFAST,0.0,1,0.0,,,,,
BRE_02427,BREAKFAST,0.0,0,1.0,,,,,
BRE_02428,BREAKFAST,0.0,1,0.0,,,,,
BRE_02429,BREAKFAST,0.0,0,1.0,,,,,
BRE_02430,BREAKFAST,1.0,1,0.0,,,,,
BRE_02431,BREAKFAST,1.0,1,0.0,,,,,
BRE_02432,BREAKFAST,1.0,1,0.0,,,,,
BRE_02433,BREAKFAST,1.0,1,0.0,,,,,
BRE_02434,BREAKFAST,1.0,1,0.0,,,,,
BRE_02435,BREAKFAST,1.0,1,0.0,,,,,
BRE_02436,BREAKFAST,0.0,0,1.0,,,,,
BRE_02437,BREAKFAST,0.0,0,1.0,,,,,
BRE_02438,BREAKFAST,1.0,1,0.0,,,,,
BRE_02439,BREAKFAST,1.0,1,0.0,,,,,
BRE_02440,BREAKFAST,1.0,1,0.0,,,,,
BRE_02441,BREAKFAST,0.0,0,1.0,,,,,
BRE_02442,BREAKFAST,1.0,1,0.0,,,,,
BRE_02443,BREAKFAST,1.0,1,0.0,,,,,
BRE_02444,BREAKFAST,1.0,1,0.0,,,,,
BRE_02445,BREAKFAST,0.0,1,0.0,,,,,
BRE_02446,BREAKFAST,1.0,1,0.0,,,,,
BRE_02447,BREAKFAST,1.0,0,0.0,,,,,
BRE_02448,BREAKFAST,1.0,1,0.0,,,,,
BRE_02449,BREAKFAST,1.0,0,0.0,,,,,
BRE_02450,BREAKFAST,0.0,1,0.0,,,,,
BRE_02451,BREAKFAST,1.0,1,0.0,,,,,
BRE_02452,BREAKFAST,1.0,1,0.0,,,,,
BRE_02453,BREAKFAST,1.0,1,0.0,,,,,
BRE_02454,BREAKFAST,1.0,1,0.0,,,,,
BRE_02455,BREAKFAST,0.0,1,0.0,,,,,
BRE_02456,BREAKFAST,1.0,1,0.0,,,,,
BRE_02457,BREAKFAST,1.0,1,0.0,,,,,
BRE_02458,BREAKFAST,1.0,1,0.0,,,,,
BRE_02459,BREAKFAST,1.0,1,0.0,,,,,
BRE_02460,BREAKFAST,0.0,0,1.0,,,,,
BRE_02461,BREAKFAST,1.0,1,0.0,,,,,
BRE_02462,BREAKFAST,0.0,1,0.0,,,,,
BRE_02463,BREAKFAST,1.0,1,0.0,,,,,
BRE_02464,BREAKFAST,1.0,0,0.0,,,,,
BRE_02465,BREAKFAST,0.0,0,1.0,,,,,
BRE_02466,BREAKFAST,1.0,1,0.0,,,,,
BRE_02467,BREAKFAST,0.0,1,0.0,,,,,
BRE_02468,BREAKFAST,1.0,1,0.0,,,,,
BRE_02469,BREAKFAST,1.0,1,0.0,,,,,
BRE_02470,BREAKFAST,1.0,0,0.0,,,,,
BRE_02471,BREAKFAST,1.0,1,0.0,,,,,
BRE_02472,BREAKFAST,1.0,1,0.0,,,,,
BRE_02473,BREAKFAST,1.0,1,0.0,,,,,
BRE_02474,BREAKFAST,0.0,0,1.0,,,,,
BRE_02475,BREAKFAST,1.0,1,0.0,,,,,
BRE_02476,BREAKFAST,0.0,0,1.0,,,,,
BRE_02477,BREAKFAST,1.0,1,0.0,,,,,
BRE_02478,BREAKFAST,1.0,1,0.0,,,,,
BRE_02479,BREAKFAST,1.0,0,0.0,,,,,
BRE_02480,BREAKFAST,1.0,1,0.0,,,,,
BRE_02481,BREAKFAST,1.0,0,0.0,,,,,
BRE_02482,BREAKFAST,0.0,0,0.0,,,,,
BRE_02483,BREAKFAST,0.0,1,0.0,,,,,
BRE_02484,BREAKFAST,1.0,0,0.0,,,,,
BRE_02485,BREAKFAST,1.0,1,0.0,,,,,
BRE_02486,BREAKFAST,1.0,1,0.0,,,,,
BRE_02487,BREAKFAST,1.0,1,0.0,,,,,
BRE_02488,BREAKFAST,1.0,1,0.0,,,,,
BRE_02489,BREAKFAST,1.0,1,0.0,,,,,
BRE_02490,BREAKFAST,1.0,1,0.0,,,,,
BRE_02491,BREAKFAST,1.0,1,0.0,,,,,
BRE_02492,BREAKFAST,0.0,1,0.0,,,,,
BRE_02493,BREAKFAST,0.0,0,1.0,,,,,
BRE_02494,BREAKFAST,0.0,1,0.0,,,,,
BRE_02495,BREAKFAST,1.0,0,0.0,,,,,
BRE_02496,BREAKFAST,1.0,1,0.0,,,,,
BRE_02497,BREAKFAST,1.0,1,0.0,,,,,
BRE_02498,BREAKFAST,1.0,1,0.0,,,,,
BRE_02499,BREAKFAST,0.0,0,1.0,,,,,
BRE_02500,BREAKFAST,1.0,1,0.0,,,,,
BRE_02501,BREAKFAST,1.0,1,0.0,,,,,
BRE_02502,BREAKFAST,1.0,1,0.0,,,,,
BRE_02503,BREAKFAST,0.0,0,1.0,,,,,
BRE_02504,BREAKFAST,0.0,0,1.0,,,,,
BRE_02505,BREAKFAST,1.0,1,0.0,,,,,
BRE_02506,BREAKFAST,1.0,1,0.0,,,,,
BRE_02507,BREAKFAST,1.0,1,0.0,,,,,
BRE_02508,BREAKFAST,1.0,1,0.0,,,,,
BRE_02509,BREAKFAST,0.0,1,0.0,,,,,
BRE_02510,BREAKFAST,1.0,1,0.0,,,,,
BRE_02511,BREAKFAST,1.0,1,0.0,,,,,
BRE_02512,BREAKFAST,1.0,1,0.0,,,,,
BRE_02513,BREAKFAST,1.0,1,0.0,,,,,
BRE_02514,BREAKFAST,1.0,1,0.0,,,,,
BRE_02515,BREAKFAST,1.0,1,0.0,,,,,
BRE_02516,BREAKFAST,1.0,1,0.0,,,,,
BRE_02517,BREAKFAST,1.0,1,0.0,,,,,
BRE_02518,BREAKFAST,1.0,1,0.0,,,,,
BRE_02519,BREAKFAST,1.0,1,0.0,,,,,
BRE_02520,BREAKFAST,1.0,1,0.0,,,,,
BRE_02521,BREAKFAST,1.0,1,0.0,,,,,
BRE_02522,BREAKFAST,1.0,1,0.0,,,,,
BRE_02523,BREAKFAST,0.0,1,0.0,,,,,
BRE_02524,BREAKFAST,1.0,0,0.0,,,,,
BRE_02525,BREAKFAST,1.0,1,0.0,,,,,
BRE_02526,BREAKFAST,1.0,1,0.0,,,,,
BRE_02527,BREAKFAST,1.0,1,0.0,,,,,
BRE_02528,BREAKFAST,1.0,1,0.0,,,,,
BRE_02529,BREAKFAST,1.0,1,0.0,,,,,
BRE_02530,BREAKFAST,0.0,0,0.0,,,,,
BRE_02531,BREAKFAST,0.0,0,1.0,,,,,
BRE_02532,BREAKFAST,1.0,1,0.0,,,,,
BRE_02533,BREAKFAST,1.0,1,0.0,,,,,
BRE_02534,BREAKFAST,1.0,1,0.0,,,,,
BRE_02535,BREAKFAST,1.0,1,0.0,,,,,
BRE_02536,BREAKFAST,1.0,1,0.0,,,,,
BRE_02537,BREAKFAST,1.0,1,0.0,,,,,
BRE_02538,BREAKFAST,0.0,1,0.0,,,,,
BRE_02539,BREAKFAST,0.0,0,0.0,,,,,
BRE_02540,BREAKFAST,1.0,1,0.0,,,,,
BRE_02541,BREAKFAST,1.0,1,0.0,,,,,
BRE_02542,BREAKFAST,1.0,1,0.0,,,,,
BRE_02543,BREAKFAST,1.0,0,0.0,,,,,
BRE_02544,BREAKFAST,0.0,0,1.0,,,,,
BRE_02545,BREAKFAST,1.0,1,0.0,,,,,
BRE_02546,BREAKFAST,0.0,1,0.0,,,,,
BRE_02547,BREAKFAST,1.0,1,0.0,,,,,
BRE_02548,BREAKFAST,1.0,1,0.0,,,,,
BRE_02549,BREAKFAST,1.0,1,0.0,,,,,
BRE_02550,BREAKFAST,1.0,1,0.0,,,,,
BRE_02551,BREAKFAST,0.0,0,1.0,,,,,
BRE_02552,BREAKFAST,1.0,1,0.0,,,,,
BRE_02553,BREAKFAST,0.0,0,1.0,,,,,
BRE_02554,BREAKFAST,1.0,1,0.0,,,,,
BRE_02555,BREAKFAST,1.0,0,0.0,,,,,
BRE_02556,BREAKFAST,1.0,1,0.0,,,,,
BRE_02557,BREAKFAST,1.0,1,0.0,,,,,
BRE_02558,BREAKFAST,1.0,1,0.0,,,,,
BRE_02559,BREAKFAST,1.0,1,0.0,,,,,
BRE_02560,BREAKFAST,1.0,1,0.0,,,,,
BRE_02561,BREAKFAST,1.0,1,0.0,,,,,
BRE_02562,BREAKFAST,0.0,0,1.0,,,,,
BRE_02563,BREAKFAST,1.0,1,0.0,,,,,
BRE_02564,BREAKFAST,0.0,0,1.0,,,,,
BRE_02565,BREAKFAST,0.0,1,0.0,,,,,
BRE_02566,BREAKFAST,1.0,1,0.0,,,,,
BRE_02567,BREAKFAST,1.0,1,0.0,,,,,
BRE_02568,BREAKFAST,1.0,0,0.0,,,,,
BRE_02569,BREAKFAST,1.0,1,0.0,,,,,
BRE_02570,BREAKFAST,0.0,0,1.0,,,,,
BRE_02571,BREAKFAST,0.0,1,0.0,,,,,
BRE_02572,BREAKFAST,0.0,0,1.0,,,,,
BRE_02573,BREAKFAST,1.0,1,0.0,,,,,
BRE_02574,BREAKFAST,0.0,0,1.0,,,,,
BRE_02575,BREAKFAST,1.0,0,0.0,,,,,
BRE_02576,BREAKFAST,1.0,1,0.0,,,,,
BRE_02577,BREAKFAST,1.0,1,0.0,,,,,
BRE_02578,BREAKFAST,1.0,1,0.0,,,,,
BRE_02579,BREAKFAST,1.0,1,0.0,,,,,
BRE_02580,BREAKFAST,1.0,1,0.0,,,,,
BRE_02581,BREAKFAST,0.0,0,1.0,,,,,
BRE_02582,BREAKFAST,1.0,0,0.0,,,,,
BRE_02583,BREAKFAST,1.0,1,0.0,,,,,
BRE_02584,BREAKFAST,0.0,0,1.0,,,,,
BRE_02585,BREAKFAST,0.0,0,1.0,,,,,
BRE_02586,BREAKFAST,1.0,1,0.0,,,,,
BRE_02587,BREAKFAST,1.0,0,0.0,,,,,
BRE_02588,BREAKFAST,1.0,0,0.0,,,,,
BRE_02589,BREAKFAST,1.0,1,0.0,,,,,
BRE_02590,BREAKFAST,0.0,0,1.0,,,,,
BRE_02591,BREAKFAST,1.0,1,0.0,,,,,
BRE_02592,BREAKFAST,1.0,1,0.0,,,,,
BRE_02593,BREAKFAST,1.0,1,0.0,,,,,
BRE_02594,BREAKFAST,1.0,1,0.0,,,,,
BRE_02595,BREAKFAST,1.0,1,0.0,,,,,
BRE_02596,BREAKFAST,1.0,1,0.0,,,,,
BRE_02597,BREAKFAST,1.0,1,0.0,,,,,
BRE_02598,BREAKFAST,0.0,0,1.0,,,,,
BRE_02599,BREAKFAST,1.0,1,0.0,,,,,
BRE_02600,BREAKFAST,0.0,0,1.0,,,,,
BRE_02601,BREAKFAST,1.0,1,0.0,,,,,
BRE_02602,BREAKFAST,0.0,0,0.0,,,,,
BRE_02603,BREAKFAST,0.0,0,1.0,,,,,
BRE_02604,BREAKFAST,1.0,1,0.0,,,,,
BRE_02605,BREAKFAST,0.0,0,1.0,,,,,
BRE_02606,BREAKFAST,0.0,0,1.0,,,,,
BRE_02607,BREAKFAST,1.0,1,0.0,,,,,
BRE_02608,BREAKFAST,1.0,1,0.0,,,,,
BRE_02609,BREAKFAST,0.0,0,0.0,,,,,
BRE_02610,BREAKFAST,1.0,1,0.0,,,,,
BRE_02611,BREAKFAST,1.0,1,0.0,,,,,
BRE_02612,BREAKFAST,1.0,1,0.0,,,,,
BRE_02613,BREAKFAST,0.0,0,1.0,,,,,
BRE_02614,BREAKFAST,0.0,0,1.0,,,,,
BRE_02615,BREAKFAST,1.0,1,0.0,,,,,
BRE_02616,BREAKFAST,1.0,1,0.0,,,,,
BRE_02617,BREAKFAST,0.0,0,1.0,,,,,
BRE_02618,BREAKFAST,1.0,1,0.0,,,,,
BRE_02619,BREAKFAST,1.0,1,0.0,,,,,
BRE_02620,BREAKFAST,1.0,1,0.0,,,,,
BRE_02621,BREAKFAST,0.0,0,1.0,,,,,
BRE_02622,BREAKFAST,1.0,0,0.0,,,,,
BRE_02623,BREAKFAST,1.0,1,0.0,,,,,
BRE_02624,BREAKFAST,1.0,1,0.0,,,,,
BRE_02625,BREAKFAST,1.0,1,0.0,,,,,
BRE_02626,BREAKFAST,1.0,1,0.0,,,,,
BRE_02627,BREAKFAST,0.0,0,1.0,,,,,
BRE_02628,BREAKFAST,1.0,1,0.0,,,,,
BRE_02629,BREAKFAST,0.0,0,1.0,,,,,
BRE_02630,BREAKFAST,0.0,0,0.0,,,,,
BRE_02631,BREAKFAST,1.0,1,0.0,,,,,
BRE_02632,BREAKFAST,0.0,0,1.0,,,,,
BRE_02633,BREAKFAST,0.0,0,1.0,,,,,
BRE_02634,BREAKFAST,1.0,1,0.0,,,,,
BRE_02635,BREAKFAST,1.0,1,0.0,,,,,
BRE_02636,BREAKFAST,1.0,1,0.0,,,,,
BRE_02637,BREAKFAST,1.0,0,0.0,,,,,
BRE_02638,BREAKFAST,1.0,1,0.0,,,,,
BRE_02639,BREAKFAST,0.0,0,1.0,,,,,
BRE_02640,BREAKFAST,0.0,1,0.0,,,,,
BRE_02641,BREAKFAST,1.0,1,0.0,,,,,
BRE_02642,BREAKFAST,0.0,0,1.0,,,,,
BRE_02643,BREAKFAST,1.0,1,0.0,,,,,
BRE_02644,BREAKFAST,1.0,1,0.0,,,,,
BRE_02645,BREAKFAST,1.0,1,0.0,,,,,
BRE_02646,BREAKFAST,1.0,0,0.0,,,,,
BRE_02647,BREAKFAST,1.0,1,0.0,,,,,
BRE_02648,BREAKFAST,1.0,1,0.0,,,,,
BRE_02649,BREAKFAST,1.0,0,0.0,,,,,
BRE_02650,BREAKFAST,1.0,1,0.0,,,,,
BRE_02651,BREAKFAST,0.0,0,1.0,,,,,
BRE_02652,BREAKFAST,1.0,1,0.0,,,,,
BRE_02653,BREAKFAST,1.0,1,0.0,,,,,
BRE_02654,BREAKFAST,1.0,0,0.0,,,,,
BRE_02655,BREAKFAST,1.0,1,0.0,,,,,
BRE_02656,BREAKFAST,0.0,0,0.0,,,,,
BRE_02657,BREAKFAST,0.0,1,0.0,,,,,
BRE_02658,BREAKFAST,1.0,1,0.0,,,,,
BRE_02659,BREAKFAST,1.0,1,0.0,,,,,
BRE_02660,BREAKFAST,0.0,1,0.0,,,,,
BRE_02661,BREAKFAST,0.0,0,1.0,,,,,
BRE_02662,BREAKFAST,0.0,1,0.0,,,,,
BRE_02663,BREAKFAST,1.0,1,0.0,,,,,
BRE_02664,BREAKFAST,1.0,1,0.0,,,,,
BRE_02665,BREAKFAST,1.0,1,0.0,,,,,
BRE_02666,BREAKFAST,0.0,0,1.0,,,,,
BRE_02667,BREAKFAST,1.0,1,0.0,,,,,
BRE_02668,BREAKFAST,1.0,1,0.0,,,,,
BRE_02669,BREAKFAST,1.0,0,0.0,,,,,
BRE_02670,BREAKFAST,0.0,0,1.0,,,,,
BRE_02671,BREAKFAST,1.0,1,0.0,,,,,
BRE_02672,BREAKFAST,0.0,0,0.0,,,,,
BRE_02673,BREAKFAST,1.0,1,0.0,,,,,
BRE_02674,BREAKFAST,0.0,0,1.0,,,,,
BRE_02675,BREAKFAST,1.0,1,0.0,,,,,
BRE_02676,BREAKFAST,1.0,1,0.0,,,,,
BRE_02677,BREAKFAST,1.0,1,0.0,,,,,
BRE_02678,BREAKFAST,1.0,1,0.0,,,,,
BRE_02679,BREAKFAST,1.0,1,0.0,,,,,
BRE_02680,BREAKFAST,0.0,0,0.0,,,,,
BRE_02681,BREAKFAST,0.0,1,0.0,,,,,
BRE_02682,BREAKFAST,0.0,0,1.0,,,,,
BRE_02683,BREAKFAST,0.0,0,1.0,,,,,
BRE_02684,BREAKFAST,1.0,1,0.0,,,,,
BRE_02685,BREAKFAST,1.0,1,0.0,,,,,
BRE_02686,BREAKFAST,1.0,1,0.0,,,,,
BRE_02687,BREAKFAST,1.0,1,0.0,,,,,
BRE_02688,BREAKFAST,0.0,1,0.0,,,,,
BRE_02689,BREAKFAST,1.0,1,0.0,,,,,
BRE_02690,BREAKFAST,0.0,1,0.0,,,,,
BRE_02691,BREAKFAST,1.0,1,0.0,,,,,
BRE_02692,BREAKFAST,1.0,1,0.0,,,,,
BRE_02693,BREAKFAST,0.0,1,0.0,,,,,
BRE_02694,BREAKFAST,1.0,1,0.0,,,,,
BRE_02695,BREAKFAST,1.0,1,0.0,,,,,
BRE_02696,BREAKFAST,0.0,1,0.0,,,,,
BRE_02697,BREAKFAST,1.0,1,0.0,,,,,
BRE_02698,BREAKFAST,1.0,1,0.0,,,,,
BRE_02699,BREAKFAST,0.0,0,1.0,,,,,
BRE_02700,BREAKFAST,0.0,1,0.0,,,,,
BRE_02701,BREAKFAST,1.0,1,0.0,,,,,
BRE_02702,BREAKFAST,1.0,1,0.0,,,,,
BRE_02703,BREAKFAST,1.0,1,0.0,,,,,
BRE_02704,BREAKFAST,0.0,1,0.0,,,,,
BRE_02705,BREAKFAST,1.0,0,0.0,,,,,
BRE_02706,BREAKFAST,1.0,1,0.0,,,,,
BRE_02707,BREAKFAST,0.0,0,1.0,,,,,
BRE_02708,BREAKFAST,1.0,1,0.0,,,,,
BRE_02709,BREAKFAST,1.0,1,0.0,,,,,
BRE_02710,BREAKFAST,1.0,1,0.0,,,,,
BRE_02711,BREAKFAST,0.0,0,1.0,,,,,
BRE_02712,BREAKFAST,0.0,1,0.0,,,,,
BRE_02713,BREAKFAST,0.0,1,0.0,,,,,
BRE_02714,BREAKFAST,1.0,1,0.0,,,,,
BRE_02715,BREAKFAST,1.0,1,0.0,,,,,
BRE_02716,BREAKFAST,1.0,1,0.0,,,,,
BRE_02717,BREAKFAST,1.0,1,0.0,,,,,
BRE_02718,BREAKFAST,1.0,1,0.0,,,,,
BRE_02719,BREAKFAST,1.0,1,0.0,,,,,
BRE_02720,BREAKFAST,0.0,0,1.0,,,,,
BRE_02721,BREAKFAST,0.0,0,1.0,,,,,
BRE_02722,BREAKFAST,0.0,1,0.0,,,,,
BRE_02723,BREAKFAST,1.0,1,0.0,,,,,
BRE_02724,BREAKFAST,1.0,1,0.0,,,,,
BRE_02725,BREAKFAST,1.0,1,0.0,,,,,
BRE_02726,BREAKFAST,0.0,0,1.0,,,,,
BRE_02727,BREAKFAST,0.0,1,0.0,,,,,
BRE_02728,BREAKFAST,0.0,0,1.0,,,,,
BRE_02729,BREAKFAST,1.0,0,0.0,,,,,
BRE_02730,BREAKFAST,0.0,0,1.0,,,,,
BRE_02731,BREAKFAST,1.0,1,0.0,,,,,
BRE_02732,BREAKFAST,0.0,1,0.0,,,,,
BRE_02733,BREAKFAST,1.0,1,0.0,,,,,
BRE_02734,BREAKFAST,1.0,1,0.0,,,,,
BRE_02735,BREAKFAST,1.0,1,0.0,,,,,
BRE_02736,BREAKFAST,1.0,0,0.0,,,,,
BRE_02737,BREAKFAST,0.0,0,1.0,,,,,
BRE_02738,BREAKFAST,1.0,1,0.0,,,,,
BRE_02739,BREAKFAST,0.0,0,1.0,,,,,
BRE_02740,BREAKFAST,0.0,1,0.0,,,,,
BRE_02741,BREAKFAST,0.0,0,1.0,,,,,
BRE_02742,BREAKFAST,1.0,1,0.0,,,,,
BRE_02743,BREAKFAST,1.0,1,0.0,,,,,
BRE_02744,BREAKFAST,1.0,1,0.0,,,,,
BRE_02745,BREAKFAST,1.0,1,0.0,,,,,
BRE_02746,BREAKFAST,1.0,1,0.0,,,,,
BRE_02747,BREAKFAST,1.0,1,0.0,,,,,
BRE_02748,BREAKFAST,0.0,1,0.0,,,,,
BRE_02749,BREAKFAST,1.0,1,0.0,,,,,
BRE_02750,BREAKFAST,0.0,0,1.0,,,,,
BRE_02751,BREAKFAST,1.0,1,0.0,,,,,
BRE_02752,BREAKFAST,1.0,1,0.0,,,,,
BRE_02753,BREAKFAST,1.0,1,0.0,,,,,
BRE_02754,BREAKFAST,1.0,0,0.0,,,,,
BRE_02755,BREAKFAST,1.0,1,0.0,,,,,
BRE_02756,BREAKFAST,1.0,1,0.0,,,,,
BRE_02757,BREAKFAST,0.0,1,0.0,,,,,
BRE_02758,BREAKFAST,0.0,1,0.0,,,,,
BRE_02759,BREAKFAST,1.0,1,0.0,,,,,
BRE_02760,BREAKFAST,0.0,1,0.0,,,,,
BRE_02761,BREAKFAST,1.0,1,0.0,,,,,
BRE_02762,BREAKFAST,0.0,1,0.0,,,,,
BRE_02763,BREAKFAST,0.0,0,1.0,,,,,
BRE_02764,BREAKFAST,1.0,1,0.0,,,,,
BRE_02765,BREAKFAST,1.0,1,0.0,,,,,
BRE_02766,BREAKFAST,1.0,1,0.0,,,,,
BRE_02767,BREAKFAST,1.0,1,0.0,,,,,
BRE_02768,BREAKFAST,0.0,1,0.0,,,,,
BRE_02769,BREAKFAST,0.0,0,1.0,,,,,
BRE_02770,BREAKFAST,1.0,1,0.0,,,,,
BRE_02771,BREAKFAST,0.0,0,0.0,,,,,
BRE_02772,BREAKFAST,1.0,0,0.0,,,,,
BRE_02773,BREAKFAST,1.0,0,0.0,,,,,
BRE_02774,BREAKFAST,1.0,1,0.0,,,,,
BRE_02775,BREAKFAST,0.0,0,1.0,,,,,
BRE_02776,BREAKFAST,1.0,1,0.0,,,,,
BRE_02777,BREAKFAST,0.0,0,1.0,,,,,
BRE_02778,BREAKFAST,1.0,1,0.0,,,,,
BRE_02779,BREAKFAST,1.0,1,0.0,,,,,
BRE_02780,BREAKFAST,1.0,0,0.0,,,,,
BRE_02781,BREAKFAST,1.0,1,0.0,,,,,
BRE_02782,BREAKFAST,1.0,0,0.0,,,,,
BRE_02783,BREAKFAST,0.0,0,1.0,,,,,
BRE_02784,BREAKFAST,0.0,0,1.0,,,,,
BRE_02785,BREAKFAST,1.0,1,0.0,,,,,
BRE_02786,BREAKFAST,0.0,0,1.0,,,,,
BRE_02787,BREAKFAST,1.0,1,0.0,,,,,
BRE_02788,BREAKFAST,1.0,1,0.0,,,,,
BRE_02789,BREAKFAST,1.0,1,0.0,,,,,
BRE_02790,BREAKFAST,1.0,1,0.0,,,,,
BRE_02791,BREAKFAST,1.0,1,0.0,,,,,
BRE_02792,BREAKFAST,1.0,1,0.0,,,,,
BRE_02793,BREAKFAST,0.0,0,1.0,,,,,
BRE_02794,BREAKFAST,1.0,1,0.0,,,,,
BRE_02795,BREAKFAST,1.0,1,0.0,,,,,
BRE_02796,BREAKFAST,1.0,1,0.0,,,,,
BRE_02797,BREAKFAST,1.0,1,0.0,,,,,
BRE_02798,BREAKFAST,0.0,0,1.0,,,,,
BRE_02799,BREAKFAST,1.0,1,0.0,,,,,
BRE_02800,BREAKFAST,1.0,1,0.0,,,,,
BRE_02801,BREAKFAST,0.0,1,0.0,,,,,
BRE_02802,BREAKFAST,1.0,1,0.0,,,,,
BRE_02803,BREAKFAST,1.0,0,0.0,,,,,
BRE_02804,BREAKFAST,1.0,1,0.0,,,,,
BRE_02805,BREAKFAST,1.0,0,0.0,,,,,
BRE_02806,BREAKFAST,1.0,1,0.0,,,,,
BRE_02807,BREAKFAST,1.0,1,0.0,,,,,
BRE_02808,BREAKFAST,0.0,1,0.0,,,,,
BRE_02809,BREAKFAST,1.0,1,0.0,,,,,
BRE_02810,BREAKFAST,0.0,1,0.0,,,,,
BRE_02811,BREAKFAST,1.0,1,0.0,,,,,
BRE_02812,BREAKFAST,1.0,1,0.0,,,,,
BRE_02813,BREAKFAST,1.0,1,0.0,,,,,
BRE_02814,BREAKFAST,1.0,0,0.0,,,,,
BRE_02815,BREAKFAST,1.0,1,0.0,,,,,
BRE_02816,BREAKFAST,1.0,1,0.0,,,,,
BRE_02817,BREAKFAST,0.0,0,1.0,,,,,
BRE_02818,BREAKFAST,1.0,0,0.0,,,,,
BRE_02819,BREAKFAST,1.0,1,0.0,,,,,
BRE_02820,BREAKFAST,1.0,0,0.0,,,,,
BRE_02821,BREAKFAST,0.0,0,1.0,,,,,
BRE_02822,BREAKFAST,0.0,1,0.0,,,,,
BRE_02823,BREAKFAST,1.0,0,0.0,,,,,
BRE_02824,BREAKFAST,1.0,1,0.0,,,,,
BRE_02825,BREAKFAST,1.0,1,0.0,,,,,
BRE_02826,BREAKFAST,0.0,0,0.0,,,,,
BRE_02827,BREAKFAST,0.0,0,1.0,,,,,
BRE_02828,BREAKFAST,1.0,1,0.0,,,,,
BRE_02829,BREAKFAST,1.0,1,0.0,,,,,
BRE_02830,BREAKFAST,0.0,0,1.0,,,,,
BRE_02831,BREAKFAST,0.0,1,0.0,,,,,
BRE_02832,BREAKFAST,1.0,1,0.0,,,,,
BRE_02833,BREAKFAST,1.0,1,0.0,,,,,
BRE_02834,BREAKFAST,1.0,1,0.0,,,,,
BRE_02835,BREAKFAST,0.0,0,1.0,,,,,
BRE_02836,BREAKFAST,1.0,1,0.0,,,,,
BRE_02837,BREAKFAST,1.0,1,0.0,,,,,
BRE_02838,BREAKFAST,1.0,1,0.0,,,,,
BRE_02839,BREAKFAST,1.0,1,0.0,,,,,
BRE_02840,BREAKFAST,1.0,1,0.0,,,,,
BRE_02841,BREAKFAST,1.0,0,0.0,,,,,
BRE_02842,BREAKFAST,0.0,1,0.0,,,,,
BRE_02843,BREAKFAST,0.0,1,0.0,,,,,
BRE_02844,BREAKFAST,1.0,1,0.0,,,,,
BRE_02845,BREAKFAST,1.0,1,0.0,,,,,
BRE_02846,BREAKFAST,0.0,1,0.0,,,,,
BRE_02847,BREAKFAST,1.0,1,0.0,,,,,
BRE_02848,BREAKFAST,0.0,0,0.0,,,,,
BRE_02849,BREAKFAST,1.0,1,0.0,,,,,
BRE_02850,BREAKFAST,1.0,1,0.0,,,,,
BRE_02851,BREAKFAST,1.0,1,0.0,,,,,
BRE_02852,BREAKFAST,1.0,1,0.0,,,,,
BRE_02853,BREAKFAST,0.0,1,0.0,,,,,
BRE_02854,BREAKFAST,0.0,1,0.0,,,,,
BRE_02855,BREAKFAST,1.0,1,0.0,,,,,
BRE_02856,BREAKFAST,0.0,1,0.0,,,,,
BRE_02857,BREAKFAST,0.0,0,1.0,,,,,
BRE_02858,BREAKFAST,1.0,1,0.0,,,,,
BRE_02859,BREAKFAST,0.0,0,1.0,,,,,
BRE_02860,BREAKFAST,0.0,1,0.0,,,,,
BRE_02861,BREAKFAST,0.0,0,1.0,,,,,
BRE_02862,BREAKFAST,0.0,0,0.0,,,,,
BRE_02863,BREAKFAST,1.0,1,0.0,,,,,
BRE_02864,BREAKFAST,0.0,0,1.0,,,,,
BRE_02865,BREAKFAST,1.0,1,0.0,,,,,
BRE_02866,BREAKFAST,1.0,1,0.0,,,,,
BRE_02867,BREAKFAST,1.0,1,0.0,,,,,
BRE_02868,BREAKFAST,1.0,1,0.0,,,,,
BRE_02869,BREAKFAST,1.0,1,0.0,,,,,
BRE_02870,BREAKFAST,0.0,0,1.0,,,,,
BRE_02871,BREAKFAST,1.0,1,0.0,,,,,
BRE_02872,BREAKFAST,1.0,1,0.0,,,,,
BRE_02873,BREAKFAST,1.0,0,0.0,,,,,
BRE_02874,BREAKFAST,0.0,1,0.0,,,,,
BRE_02875,BREAKFAST,1.0,1,0.0,,,,,
BRE_02876,BREAKFAST,1.0,1,0.0,,,,,
BRE_02877,BREAKFAST,0.0,1,0.0,,,,,
BRE_02878,BREAKFAST,1.0,1,0.0,,,,,
BRE_02879,BREAKFAST,0.0,1,0.0,,,,,
BRE_02880,BREAKFAST,1.0,1,0.0,,,,,
BRE_02881,BREAKFAST,1.0,1,0.0,,,,,
BRE_02882,BREAKFAST,0.0,0,1.0,,,,,
BRE_02883,BREAKFAST,1.0,1,0.0,,,,,
BRE_02884,BREAKFAST,1.0,1,0.0,,,,,
BRE_02885,BREAKFAST,1.0,1,0.0,,,,,
BRE_02886,BREAKFAST,1.0,1,0.0,,,,,
BRE_02887,BREAKFAST,1.0,1,0.0,,,,,
BRE_02888,BREAKFAST,1.0,1,0.0,,,,,
BRE_02889,BREAKFAST,1.0,0,0.0,,,,,
BRE_02890,BREAKFAST,1.0,1,0.0,,,,,
BRE_02891,BREAKFAST,1.0,1,0.0,,,,,
BRE_02892,BREAKFAST,1.0,1,0.0,,,,,
BRE_02893,BREAKFAST,0.0,0,1.0,,,,,
BRE_02894,BREAKFAST,1.0,1,0.0,,,,,
BRE_02895,BREAKFAST,1.0,1,0.0,,,,,
BRE_02896,BREAKFAST,1.0,1,0.0,,,,,
BRE_02897,BREAKFAST,1.0,1,0.0,,,,,
BRE_02898,BREAKFAST,1.0,1,0.0,,,,,
BRE_02899,BREAKFAST,1.0,1,0.0,,,,,
BRE_02900,BREAKFAST,0.0,0,1.0,,,,,
BRE_02901,BREAKFAST,0.0,0,1.0,,,,,
BRE_02902,BREAKFAST,1.0,1,0.0,,,,,
BRE_02903,BREAKFAST,1.0,1,0.0,,,,,
BRE_02904,BREAKFAST,1.0,0,0.0,,,,,
BRE_02905,BREAKFAST,1.0,1,0.0,,,,,
BRE_02906,BREAKFAST,1.0,1,0.0,,,,,
BRE_02907,BREAKFAST,1.0,1,0.0,,,,,
BRE_02908,BREAKFAST,1.0,1,0.0,,,,,
BRE_02909,BREAKFAST,1.0,1,0.0,,,,,
BRE_02910,BREAKFAST,0.0,0,1.0,,,,,
BRE_02911,BREAKFAST,1.0,1,0.0,,,,,
BRE_02912,BREAKFAST,1.0,1,0.0,,,,,
BRE_02913,BREAKFAST,1.0,1,0.0,,,,,
BRE_02914,BREAKFAST,1.0,1,0.0,,,,,
BRE_02915,BREAKFAST,0.0,0,1.0,,,,,
BRE_02916,BREAKFAST,0.0,0,1.0,,,,,
BRE_02917,BREAKFAST,1.0,0,0.0,,,,,
BRE_02918,BREAKFAST,0.0,1,0.0,,,,,
BRE_02919,BREAKFAST,1.0,1,0.0,,,,,
BRE_02920,BREAKFAST,1.0,1,0.0,,,,,
BRE_02921,BREAKFAST,1.0,1,0.0,,,,,
BRE_02922,BREAKFAST,0.0,1,0.0,,,,,
BRE_02923,BREAKFAST,1.0,1,0.0,,,,,
BRE_02924,BREAKFAST,1.0,1,0.0,,,,,
BRE_02925,BREAKFAST,1.0,0,0.0,,,,,
BRE_02926,BREAKFAST,0.0,0,1.0,,,,,
BRE_02927,BREAKFAST,1.0,1,0.0,,,,,
BRE_02928,BREAKFAST,1.0,1,0.0,,,,,
BRE_02929,BREAKFAST,0.0,1,0.0,,,,,
BRE_02930,BREAKFAST,1.0,1,0.0,,,,,
BRE_02931,BREAKFAST,0.0,0,1.0,,,,,
BRE_02932,BREAKFAST,1.0,1,0.0,,,,,
BRE_02933,BREAKFAST,1.0,1,0.0,,,,,
BRE_02934,BREAKFAST,0.0,1,0.0,,,,,
BRE_02935,BREAKFAST,1.0,1,0.0,,,,,
BRE_02936,BREAKFAST,1.0,1,0.0,,,,,
BRE_02937,BREAKFAST,1.0,1,0.0,,,,,
BRE_02938,BREAKFAST,1.0,1,0.0,,,,,
BRE_02939,BREAKFAST,1.0,1,0.0,,,,,
BRE_02940,BREAKFAST,0.0,0,1.0,,,,,
BRE_02941,BREAKFAST,1.0,1,0.0,,,,,
BRE_02942,BREAKFAST,1.0,1,0.0,,,,,
BRE_02943,BREAKFAST,1.0,1,0.0,,,,,
BRE_02944,BREAKFAST,1.0,1,0.0,,,,,
BRE_02945,BREAKFAST,0.0,0,1.0,,,,,
BRE_02946,BREAKFAST,0.0,0,1.0,,,,,
BRE_02947,BREAKFAST,0.0,0,1.0,,,,,
BRE_02948,BREAKFAST,0.0,0,0.0,,,,,
BRE_02949,BREAKFAST,1.0,1,0.0,,,,,
BRE_02950,BREAKFAST,0.0,0,1.0,,,,,
BRE_02951,BREAKFAST,1.0,1,0.0,,,,,
BRE_02952,BREAKFAST,0.0,0,1.0,,,,,
BRE_02953,BREAKFAST,0.0,0,1.0,,,,,
BRE_02954,BREAKFAST,0.0,0,1.0,,,,,
BRE_02955,BREAKFAST,1.0,0,0.0,,,,,
BRE_02956,BREAKFAST,0.0,1,0.0,,,,,
BRE_02957,BREAKFAST,1.0,0,0.0,,,,,
BRE_02958,BREAKFAST,1.0,1,0.0,,,,,
BRE_02959,BREAKFAST,1.0,1,0.0,,,,,
BRE_02960,BREAKFAST,0.0,0,1.0,,,,,
BRE_02961,BREAKFAST,1.0,1,0.0,,,,,
BRE_02962,BREAKFAST,1.0,1,0.0,,,,,
BRE_02963,BREAKFAST,1.0,1,0.0,,,,,
BRE_02964,BREAKFAST,1.0,1,0.0,,,,,
BRE_02965,BREAKFAST,0.0,0,1.0,,,,,
BRE_02966,BREAKFAST,1.0,1,0.0,,,,,
BRE_02967,BREAKFAST,1.0,0,0.0,,,,,
BRE_02968,BREAKFAST,0.0,0,1.0,,,,,
BRE_02969,BREAKFAST,1.0,1,0.0,,,,,
BRE_02970,BREAKFAST,0.0,0,1.0,,,,,
BRE_02971,BREAKFAST,1.0,1,0.0,,,,,
BRE_02972,BREAKFAST,1.0,1,0.0,,,,,
BRE_02973,BREAKFAST,1.0,1,0.0,,,,,
BRE_02974,BREAKFAST,0.0,1,0.0,,,,,
BRE_02975,BREAKFAST,1.0,1,0.0,,,,,
BRE_02976,BREAKFAST,1.0,1,0.0,,,,,
BRE_02977,BREAKFAST,1.0,1,0.0,,,,,
BRE_02978,BREAKFAST,0.0,0,1.0,,,,,
BRE_02979,BREAKFAST,1.0,1,0.0,,,,,
BRE_02980,BREAKFAST,1.0,1,0.0,,,,,
BRE_02981,BREAKFAST,0.0,0,1.0,,,,,
BRE_02982,BREAKFAST,1.0,1,0.0,,,,,
BRE_02983,BREAKFAST,0.0,0,1.0,,,,,
BRE_02984,BREAKFAST,1.0,1,0.0,,,,,
BRE_02985,BREAKFAST,0.0,0,1.0,,,,,
BRE_02986,BREAKFAST,0.0,0,0.0,,,,,
BRE_02987,BREAKFAST,1.0,0,0.0,,,,,
BRE_02988,BREAKFAST,1.0,1,0.0,,,,,
BRE_02989,BREAKFAST,1.0,1,0.0,,,,,
BRE_02990,BREAKFAST,1.0,1,0.0,,,,,
BRE_02991,BREAKFAST,1.0,1,0.0,,,,,
BRE_02992,BREAKFAST,0.0,0,0.0,,,,,
BRE_02993,BREAKFAST,1.0,1,0.0,,,,,
BRE_02994,BREAKFAST,0.0,1,0.0,,,,,
BRE_02995,BREAKFAST,0.0,0,1.0,,,,,
BRE_02996,BREAKFAST,1.0,1,0.0,,,,,
BRE_02997,BREAKFAST,1.0,0,0.0,,,,,
BRE_02998,BREAKFAST,0.0,0,1.0,,,,,
BRE_02999,BREAKFAST,1.0,1,0.0,,,,,
BRE_03000,BREAKFAST,0.0,0,1.0,,,,,
BRE_03001,BREAKFAST,1.0,1,0.0,,,,,
BRE_03002,BREAKFAST,0.0,1,0.0,,,,,
BRE_03003,BREAKFAST,1.0,1,0.0,,,,,
BRE_03004,BREAKFAST,0.0,0,1.0,,,,,
BRE_03005,BREAKFAST,0.0,1,0.0,,,,,
BRE_03006,BREAKFAST,1.0,1,0.0,,,,,
BRE_03007,BREAKFAST,1.0,0,0.0,,,,,
BRE_03008,BREAKFAST,0.0,1,0.0,,,,,
BRE_03009,BREAKFAST,1.0,1,0.0,,,,,
BRE_03010,BREAKFAST,0.0,1,0.0,,,,,
BRE_03011,BREAKFAST,0.0,1,0.0,,,,,
BRE_03012,BREAKFAST,1.0,1,0.0,,,,,
BRE_03013,BREAKFAST,0.0,0,1.0,,,,,
BRE_03014,BREAKFAST,0.0,1,0.0,,,,,
BRE_03015,BREAKFAST,0.0,0,1.0,,,,,
BRE_03016,BREAKFAST,0.0,1,0.0,,,,,
BRE_03017,BREAKFAST,1.0,1,0.0,,,,,
BRE_03018,BREAKFAST,1.0,0,0.0,,,,,
BRE_03019,BREAKFAST,1.0,1,0.0,,,,,
BRE_03020,BREAKFAST,0.0,1,0.0,,,,,
BRE_03021,BREAKFAST,1.0,1,0.0,,,,,
BRE_03022,BREAKFAST,1.0,1,0.0,,,,,
BRE_03023,BREAKFAST,1.0,1,0.0,,,,,
BRE_03024,BREAKFAST,0.0,0,1.0,,,,,
BRE_03025,BREAKFAST,1.0,1,0.0,,,,,
BRE_03026,BREAKFAST,1.0,0,0.0,,,,,
BRE_03027,BREAKFAST,1.0,1,0.0,,,,,
BRE_03028,BREAKFAST,1.0,1,0.0,,,,,
BRE_03029,BREAKFAST,1.0,1,0.0,,,,,
BRE_03030,BREAKFAST,0.0,0,1.0,,,,,
BRE_03031,BREAKFAST,0.0,0,0.0,,,,,
BRE_03032,BREAKFAST,0.0,0,1.0,,,,,
BRE_03033,BREAKFAST,1.0,1,0.0,,,,,
BRE_03034,BREAKFAST,0.0,1,0.0,,,,,
BRE_03035,BREAKFAST,0.0,0,1.0,,,,,
BRE_03036,BREAKFAST,1.0,1,0.0,,,,,
BRE_03037,BREAKFAST,1.0,1,0.0,,,,,
BRE_03038,BREAKFAST,1.0,1,0.0,,,,,
BRE_03039,BREAKFAST,1.0,1,0.0,,,,,
BRE_03040,BREAKFAST,0.0,0,1.0,,,,,
BRE_03041,BREAKFAST,1.0,0,0.0,,,,,
BRE_03042,BREAKFAST,1.0,1,0.0,,,,,
BRE_03043,BREAKFAST,1.0,1,0.0,,,,,
BRE_03044,BREAKFAST,1.0,1,0.0,,,,,
BRE_03045,BREAKFAST,1.0,1,0.0,,,,,
BRE_03046,BREAKFAST,1.0,1,0.0,,,,,
BRE_03047,BREAKFAST,1.0,0,0.0,,,,,
BRE_03048,BREAKFAST,1.0,1,0.0,,,,,
BRE_03049,BREAKFAST,1.0,1,0.0,,,,,
BRE_03050,BREAKFAST,0.0,1,0.0,,,,,
BRE_03051,BREAKFAST,1.0,1,0.0,,,,,
BRE_03052,BREAKFAST,1.0,1,0.0,,,,,
BRE_03053,BREAKFAST,1.0,1,0.0,,,,,
BRE_03054,BREAKFAST,1.0,1,0.0,,,,,
BRE_03055,BREAKFAST,1.0,1,0.0,,,,,
BRE_03056,BREAKFAST,1.0,1,0.0,,,,,
BRE_03057,BREAKFAST,1.0,1,0.0,,,,,
BRE_03058,BREAKFAST,1.0,1,0.0,,,,,
BRE_03059,BREAKFAST,1.0,1,0.0,,,,,
BRE_03060,BREAKFAST,1.0,1,0.0,,,,,
BRE_03061,BREAKFAST,0.0,0,1.0,,,,,
BRE_03062,BREAKFAST,1.0,1,0.0,,,,,
BRE_03063,BREAKFAST,1.0,1,0.0,,,,,
BRE_03064,BREAKFAST,1.0,1,0.0,,,,,
BRE_03065,BREAKFAST,0.0,0,1.0,,,,,
BRE_03066,BREAKFAST,1.0,0,0.0,,,,,
BRE_03067,BREAKFAST,1.0,1,0.0,,,,,
BRE_03068,BREAKFAST,0.0,0,0.0,,,,,
BRE_03069,BREAKFAST,1.0,1,0.0,,,,,
BRE_03070,BREAKFAST,1.0,0,0.0,,,,,
BRE_03071,BREAKFAST,1.0,1,0.0,,,,,
BRE_03072,BREAKFAST,1.0,1,0.0,,,,,
BRE_03073,BREAKFAST,0.0,0,1.0,,,,,
BRE_03074,BREAKFAST,1.0,1,0.0,,,,,
BRE_03075,BREAKFAST,1.0,1,0.0,,,,,
BRE_03076,BREAKFAST,1.0,0,0.0,,,,,
BRE_03077,BREAKFAST,0.0,0,0.0,,,,,
BRE_03078,BREAKFAST,0.0,0,1.0,,,,,
BRE_03079,BREAKFAST,1.0,1,0.0,,,,,
BRE_03080,BREAKFAST,1.0,1,0.0,,,,,
BRE_03081,BREAKFAST,0.0,0,1.0,,,,,
BRE_03082,BREAKFAST,1.0,1,0.0,,,,,
BRE_03083,BREAKFAST,1.0,1,0.0,,,,,
BRE_03084,BREAKFAST,1.0,1,0.0,,,,,
BRE_03085,BREAKFAST,1.0,1,0.0,,,,,
BRE_03086,BREAKFAST,0.0,0,0.0,,,,,
BRE_03087,BREAKFAST,0.0,0,1.0,,,,,
BRE_03088,BREAKFAST,1.0,1,0.0,,,,,
BRE_03089,BREAKFAST,1.0,1,0.0,,,,,
BRE_03090,BREAKFAST,1.0,1,0.0,,,,,
BRE_03091,BREAKFAST,1.0,1,0.0,,,,,
BRE_03092,BREAKFAST,1.0,1,0.0,,,,,
BRE_03093,BREAKFAST,1.0,1,0.0,,,,,
BRE_03094,BREAKFAST,1.0,1,0.0,,,,,
BRE_03095,BREAKFAST,1.0,0,0.0,,,,,
BRE_03096,BREAKFAST,1.0,1,0.0,,,,,
BRE_03097,BREAKFAST,1.0,1,0.0,,,,,
BRE_03098,BREAKFAST,1.0,1,0.0,,,,,
BRE_03099,BREAKFAST,0.0,0,1.0,,,,,
BRE_03100,BREAKFAST,1.0,1,0.0,,,,,
BRE_03101,BREAKFAST,1.0,1,0.0,,,,,
BRE_03102,BREAKFAST,1.0,1,0.0,,,,,
BRE_03103,BREAKFAST,1.0,1,0.0,,,,,
BRE_03104,BREAKFAST,0.0,0,1.0,,,,,
BRE_03105,BREAKFAST,0.0,0,0.0,,,,,
BRE_03106,BREAKFAST,1.0,1,0.0,,,,,
BRE_03107,BREAKFAST,1.0,0,0.0,,,,,
BRE_03108,BREAKFAST,0.0,0,1.0,,,,,
BRE_03109,BREAKFAST,1.0,1,0.0,,,,,
BRE_03110,BREAKFAST,1.0,0,0.0,,,,,
BRE_03111,BREAKFAST,1.0,0,0.0,,,,,
BRE_03112,BREAKFAST,0.0,0,1.0,,,,,
BRE_03113,BREAKFAST,1.0,1,0.0,,,,,
BRE_03114,BREAKFAST,1.0,1,0.0,,,,,
BRE_03115,BREAKFAST,1.0,1,0.0,,,,,
BRE_03116,BREAKFAST,1.0,1,0.0,,,,,
BRE_03117,BREAKFAST,1.0,0,0.0,,,,,
BRE_03118,BREAKFAST,1.0,1,0.0,,,,,
BRE_03119,BREAKFAST,0.0,0,1.0,,,,,
BRE_03120,BREAKFAST,0.0,0,1.0,,,,,
BRE_03121,BREAKFAST,0.0,0,0.0,,,,,
BRE_03122,BREAKFAST,0.0,0,1.0,,,,,
BRE_03123,BREAKFAST,1.0,1,0.0,,,,,
BRE_03124,BREAKFAST,1.0,1,0.0,,,,,
BRE_03125,BREAKFAST,1.0,1,0.0,,,,,
BRE_03126,BREAKFAST,1.0,1,0.0,,,,,
BRE_03127,BREAKFAST,1.0,1,0.0,,,,,
BRE_03128,BREAKFAST,1.0,1,0.0,,,,,
BRE_03129,BREAKFAST,1.0,1,0.0,,,,,
BRE_03130,BREAKFAST,0.0,1,0.0,,,,,
BRE_03131,BREAKFAST,0.0,0,1.0,,,,,
BRE_03132,BREAKFAST,1.0,1,0.0,,,,,
BRE_03133,BREAKFAST,1.0,1,0.0,,,,,
BRE_03134,BREAKFAST,1.0,1,0.0,,,,,
BRE_03135,BREAKFAST,0.0,0,1.0,,,,,
BRE_03136,BREAKFAST,0.0,0,1.0,,,,,
BRE_03137,BREAKFAST,1.0,1,0.0,,,,,
BRE_03138,BREAKFAST,1.0,1,0.0,,,,,
BRE_03139,BREAKFAST,1.0,1,0.0,,,,,
BRE_03140,BREAKFAST,1.0,1,0.0,,,,,
BRE_03141,BREAKFAST,1.0,1,0.0,,,,,
BRE_03142,BREAKFAST,1.0,1,0.0,,,,,
BRE_03143,BREAKFAST,0.0,0,1.0,,,,,
BRE_03144,BREAKFAST,0.0,0,1.0,,,,,
BRE_03145,BREAKFAST,1.0,0,0.0,,,,,
BRE_03146,BREAKFAST,1.0,0,0.0,,,,,
BRE_03147,BREAKFAST,1.0,1,0.0,,,,,
BRE_03148,BREAKFAST,0.0,0,1.0,,,,,
BRE_03149,BREAKFAST,1.0,1,0.0,,,,,
BRE_03150,BREAKFAST,1.0,1,0.0,,,,,
BRE_03151,BREAKFAST,1.0,1,0.0,,,,,
BRE_03152,BREAKFAST,1.0,1,0.0,,,,,
BRE_03153,BREAKFAST,1.0,1,0.0,,,,,
BRE_03154,BREAKFAST,1.0,1,0.0,,,,,
BRE_03155,BREAKFAST,1.0,1,0.0,,,,,
BRE_03156,BREAKFAST,1.0,1,0.0,,,,,
BRE_03157,BREAKFAST,1.0,0,0.0,,,,,
BRE_03158,BREAKFAST,0.0,1,0.0,,,,,
BRE_03159,BREAKFAST,0.0,0,1.0,,,,,
BRE_03160,BREAKFAST,0.0,1,0.0,,,,,
BRE_03161,BREAKFAST,1.0,1,0.0,,,,,
BRE_03162,BREAKFAST,1.0,1,0.0,,,,,
BRE_03163,BREAKFAST,1.0,0,0.0,,,,,
BRE_03164,BREAKFAST,0.0,0,1.0,,,,,
BRE_03165,BREAKFAST,0.0,0,1.0,,,,,
BRE_03166,BREAKFAST,1.0,1,0.0,,,,,
BRE_03167,BREAKFAST,1.0,1,0.0,,,,,
BRE_03168,BREAKFAST,1.0,0,0.0,,,,,
BRE_03169,BREAKFAST,1.0,1,0.0,,,,,
BRE_03170,BREAKFAST,1.0,1,0.0,,,,,
BRE_03171,BREAKFAST,1.0,1,0.0,,,,,
BRE_03172,BREAKFAST,0.0,0,1.0,,,,,
BRE_03173,BREAKFAST,1.0,1,0.0,,,,,
BRE_03174,BREAKFAST,1.0,1,0.0,,,,,
BRE_03175,BREAKFAST,1.0,1,0.0,,,,,
BRE_03176,BREAKFAST,1.0,1,0.0,,,,,
BRE_03177,BREAKFAST,1.0,1,0.0,,,,,
BRE_03178,BREAKFAST,0.0,0,1.0,,,,,
BRE_03179,BREAKFAST,0.0,1,0.0,,,,,
BRE_03180,BREAKFAST,0.0,1,0.0,,,,,
BRE_03181,BREAKFAST,1.0,0,0.0,,,,,
BRE_03182,BREAKFAST,1.0,0,0.0,,,,,
BRE_03183,BREAKFAST,1.0,1,0.0,,,,,
BRE_03184,BREAKFAST,0.0,1,0.0,,,,,
BRE_03185,BREAKFAST,1.0,1,0.0,,,,,
BRE_03186,BREAKFAST,1.0,1,0.0,,,,,
BRE_03187,BREAKFAST,1.0,0,0.0,,,,,
BRE_03188,BREAKFAST,0.0,1,0.0,,,,,
BRE_03189,BREAKFAST,0.0,0,1.0,,,,,
BRE_03190,BREAKFAST,0.0,0,1.0,,,,,
BRE_03191,BREAKFAST,1.0,1,0.0,,,,,
BRE_03192,BREAKFAST,0.0,1,0.0,,,,,
BRE_03193,BREAKFAST,1.0,1,0.0,,,,,
BRE_03194,BREAKFAST,1.0,1,0.0,,,,,
BRE_03195,BREAKFAST,1.0,1,0.0,,,,,
BRE_03196,BREAKFAST,1.0,1,0.0,,,,,
BRE_03197,BREAKFAST,1.0,1,0.0,,,,,
BRE_03198,BREAKFAST,0.0,1,0.0,,,,,
BRE_03199,BREAKFAST,0.0,1,0.0,,,,,
BRE_03200,BREAKFAST,0.0,0,1.0,,,,,
BRE_03201,BREAKFAST,1.0,1,0.0,,,,,
BRE_03202,BREAKFAST,1.0,1,0.0,,,,,
BRE_03203,BREAKFAST,1.0,1,0.0,,,,,
BRE_03204,BREAKFAST,1.0,0,0.0,,,,,
BRE_03205,BREAKFAST,1.0,1,0.0,,,,,
BRE_03206,BREAKFAST,1.0,1,0.0,,,,,
BRE_03207,BREAKFAST,0.0,0,1.0,,,,,
BRE_03208,BREAKFAST,1.0,1,0.0,,,,,
BRE_03209,BREAKFAST,0.0,0,1.0,,,,,
BRE_03210,BREAKFAST,0.0,1,0.0,,,,,
BRE_03211,BREAKFAST,1.0,1,0.0,,,,,
BRE_03212,BREAKFAST,1.0,1,0.0,,,,,
BRE_03213,BREAKFAST,0.0,0,1.0,,,,,
BRE_03214,BREAKFAST,1.0,1,0.0,,,,,
BRE_03215,BREAKFAST,0.0,1,0.0,,,,,
BRE_03216,BREAKFAST,1.0,0,0.0,,,,,
BRE_03217,BREAKFAST,0.0,0,0.0,,,,,
BRE_03218,BREAKFAST,1.0,1,0.0,,,,,
BRE_03219,BREAKFAST,1.0,1,0.0,,,,,
BRE_03220,BREAKFAST,1.0,1,0.0,,,,,
BRE_03221,BREAKFAST,1.0,1,0.0,,,,,
BRE_03222,BREAKFAST,1.0,1,0.0,,,,,
BRE_03223,BREAKFAST,0.0,1,0.0,,,,,
BRE_03224,BREAKFAST,1.0,1,0.0,,,,,
BRE_03225,BREAKFAST,0.0,1,0.0,,,,,
BRE_03226,BREAKFAST,0.0,1,0.0,,,,,
BRE_03227,BREAKFAST,0.0,0,1.0,,,,,
BRE_03228,BREAKFAST,1.0,1,0.0,,,,,
BRE_03229,BREAKFAST,1.0,0,0.0,,,,,
BRE_03230,BREAKFAST,0.0,0,1.0,,,,,
BRE_03231,BREAKFAST,1.0,1,0.0,,,,,
BRE_03232,BREAKFAST,1.0,1,0.0,,,,,
BRE_03233,BREAKFAST,0.0,1,0.0,,,,,
BRE_03234,BREAKFAST,1.0,1,0.0,,,,,
BRE_03235,BREAKFAST,1.0,1,0.0,,,,,
BRE_03236,BREAKFAST,1.0,1,0.0,,,,,
BRE_03237,BREAKFAST,0.0,0,1.0,,,,,
BRE_03238,BREAKFAST,1.0,1,0.0,,,,,
BRE_03239,BREAKFAST,1.0,1,0.0,,,,,
BRE_03240,BREAKFAST,1.0,1,0.0,,,,,
BRE_03241,BREAKFAST,1.0,1,0.0,,,,,
BRE_03242,BREAKFAST,1.0,1,0.0,,,,,
BRE_03243,BREAKFAST,1.0,1,0.0,,,,,
BRE_03244,BREAKFAST,1.0,1,0.0,,,,,
BRE_03245,BREAKFAST,0.0,0,1.0,,,,,
BRE_03246,BREAKFAST,0.0,0,1.0,,,,,
BRE_03247,BREAKFAST,0.0,1,0.0,,,,,
BRE_03248,BREAKFAST,1.0,1,0.0,,,,,
BRE_03249,BREAKFAST,0.0,0,1.0,,,,,
BRE_03250,BREAKFAST,0.0,1,0.0,,,,,
BRE_03251,BREAKFAST,0.0,1,0.0,,,,,
BRE_03252,BREAKFAST,1.0,1,0.0,,,,,
BRE_03253,BREAKFAST,0.0,1,0.0,,,,,
BRE_03254,BREAKFAST,1.0,1,0.0,,,,,
BRE_03255,BREAKFAST,0.0,1,0.0,,,,,
BRE_03256,BREAKFAST,0.0,0,1.0,,,,,
BRE_03257,BREAKFAST,1.0,0,0.0,,,,,
BRE_03258,BREAKFAST,1.0,1,0.0,,,,,
BRE_03259,BREAKFAST,1.0,1,0.0,,,,,
BRE_03260,BREAKFAST,1.0,1,0.0,,,,,
BRE_03261,BREAKFAST,1.0,1,0.0,,,,,
BRE_03262,BREAKFAST,0.0,1,0.0,,,,,
BRE_03263,BREAKFAST,1.0,1,0.0,,,,,
BRE_03264,BREAKFAST,1.0,1,0.0,,,,,
BRE_03265,BREAKFAST,0.0,0,1.0,,,,,
BRE_03266,BREAKFAST,1.0,1,0.0,,,,,
BRE_03267,BREAKFAST,1.0,1,0.0,,,,,
BRE_03268,BREAKFAST,0.0,0,1.0,,,,,
BRE_03269,BREAKFAST,1.0,1,0.0,,,,,
BRE_03270,BREAKFAST,1.0,1,0.0,,,,,
BRE_03271,BREAKFAST,0.0,0,1.0,,,,,
BRE_03272,BREAKFAST,1.0,1,0.0,,,,,
BRE_03273,BREAKFAST,1.0,1,0.0,,,,,
BRE_03274,BREAKFAST,0.0,0,1.0,,,,,
BRE_03275,BREAKFAST,0.0,1,0.0,,,,,
BRE_03276,BREAKFAST,1.0,1,0.0,,,,,
BRE_03277,BREAKFAST,0.0,0,1.0,,,,,
BRE_03278,BREAKFAST,1.0,1,0.0,,,,,
BRE_03279,BREAKFAST,1.0,0,0.0,,,,,
BRE_03280,BREAKFAST,1.0,1,0.0,,,,,
BRE_03281,BREAKFAST,1.0,1,0.0,,,,,
BRE_03282,BREAKFAST,1.0,1,0.0,,,,,
BRE_03283,BREAKFAST,1.0,1,0.0,,,,,
BRE_03284,BREAKFAST,1.0,1,0.0,,,,,
BRE_03285,BREAKFAST,0.0,1,0.0,,,,,
BRE_03286,BREAKFAST,1.0,0,0.0,,,,,
BRE_03287,BREAKFAST,0.0,1,0.0,,,,,
BRE_03288,BREAKFAST,0.0,0,1.0,,,,,
BRE_03289,BREAKFAST,1.0,1,0.0,,,,,
BRE_03290,BREAKFAST,1.0,1,0.0,,,,,
BRE_03291,BREAKFAST,0.0,1,0.0,,,,,
BRE_03292,BREAKFAST,0.0,0,1.0,,,,,
BRE_03293,BREAKFAST,0.0,0,1.0,,,,,
BRE_03294,BREAKFAST,1.0,1,0.0,,,,,
BRE_03295,BREAKFAST,1.0,1,0.0,,,,,
BRE_03296,BREAKFAST,0.0,0,0.0,,,,,
BRE_03297,BREAKFAST,1.0,0,0.0,,,,,
BRE_03298,BREAKFAST,1.0,1,0.0,,,,,
BRE_03299,BREAKFAST,1.0,1,0.0,,,,,
BRE_03300,BREAKFAST,1.0,1,0.0,,,,,
BRE_03301,BREAKFAST,0.0,0,0.0,,,,,
BRE_03302,BREAKFAST,1.0,1,0.0,,,,,
BRE_03303,BREAKFAST,1.0,1,0.0,,,,,
BRE_03304,BREAKFAST,1.0,1,0.0,,,,,
BRE_03305,BREAKFAST,1.0,1,0.0,,,,,
BRE_03306,BREAKFAST,1.0,0,0.0,,,,,
BRE_03307,BREAKFAST,0.0,1,0.0,,,,,
BRE_03308,BREAKFAST,1.0,1,0.0,,,,,
BRE_03309,BREAKFAST,1.0,1,0.0,,,,,
BRE_03310,BREAKFAST,1.0,1,0.0,,,,,
BRE_03311,BREAKFAST,0.0,0,1.0,,,,,
BRE_03312,BREAKFAST,1.0,1,0.0,,,,,
BRE_03313,BREAKFAST,1.0,1,0.0,,,,,
BRE_03314,BREAKFAST,0.0,0,1.0,,,,,
BRE_03315,BREAKFAST,0.0,0,1.0,,,,,
BRE_03316,BREAKFAST,1.0,0,0.0,,,,,
BRE_03317,BREAKFAST,1.0,1,0.0,,,,,
BRE_03318,BREAKFAST,1.0,1,0.0,,,,,
BRE_03319,BREAKFAST,0.0,0,1.0,,,,,
BRE_03320,BREAKFAST,1.0,1,0.0,,,,,
BRE_03321,BREAKFAST,1.0,1,0.0,,,,,
BRE_03322,BREAKFAST,1.0,1,0.0,,,,,
BRE_03323,BREAKFAST,1.0,1,0.0,,,,,
BRE_03324,BREAKFAST,1.0,1,0.0,,,,,
BRE_03325,BREAKFAST,1.0,0,0.0,,,,,
BRE_03326,BREAKFAST,0.0,0,1.0,,,,,
BRE_03327,BREAKFAST,1.0,1,0.0,,,,,
BRE_03328,BREAKFAST,1.0,1,0.0,,,,,
BRE_03329,BREAKFAST,1.0,1,0.0,,,,,
BRE_03330,BREAKFAST,1.0,1,0.0,,,,,
BRE_03331,BREAKFAST,1.0,1,0.0,,,,,
BRE_03332,BREAKFAST,1.0,1,0.0,,,,,
BRE_03333,BREAKFAST,1.0,1,0.0,,,,,
BRE_03334,BREAKFAST,1.0,1,0.0,,,,,
BRE_03335,BREAKFAST,0.0,0,1.0,,,,,
BRE_03336,BREAKFAST,1.0,1,0.0,,,,,
BRE_03337,BREAKFAST,0.0,0,1.0,,,,,
BRE_03338,BREAKFAST,1.0,1,0.0,,,,,
BRE_03339,BREAKFAST,1.0,0,0.0,,,,,
BRE_03340,BREAKFAST,1.0,1,0.0,,,,,
BRE_03341,BREAKFAST,1.0,1,0.0,,,,,
BRE_03342,BREAKFAST,0.0,1,0.0,,,,,
BRE_03343,BREAKFAST,1.0,0,0.0,,,,,
BRE_03344,BREAKFAST,1.0,1,0.0,,,,,
BRE_03345,BREAKFAST,1.0,1,0.0,,,,,
BRE_03346,BREAKFAST,0.0,0,1.0,,,,,
BRE_03347,BREAKFAST,0.0,1,0.0,,,,,
BRE_03348,BREAKFAST,1.0,1,0.0,,,,,
BRE_03349,BREAKFAST,1.0,0,0.0,,,,,
BRE_03350,BREAKFAST,0.0,0,1.0,,,,,
BRE_03351,BREAKFAST,1.0,1,0.0,,,,,
BRE_03352,BREAKFAST,1.0,1,0.0,,,,,
BRE_03353,BREAKFAST,0.0,0,1.0,,,,,
BRE_03354,BREAKFAST,1.0,1,0.0,,,,,
BRE_03355,BREAKFAST,0.0,0,1.0,,,,,
BRE_03356,BREAKFAST,1.0,1,0.0,,,,,
BRE_03357,BREAKFAST,0.0,1,0.0,,,,,
BRE_03358,BREAKFAST,1.0,1,0.0,,,,,
BRE_03359,BREAKFAST,1.0,0,0.0,,,,,
BRE_03360,BREAKFAST,1.0,1,0.0,,,,,
BRE_03361,BREAKFAST,0.0,0,0.0,,,,,
BRE_03362,BREAKFAST,1.0,1,0.0,,,,,
BRE_03363,BREAKFAST,1.0,1,0.0,,,,,
BRE_03364,BREAKFAST,1.0,0,0.0,,,,,
BRE_03365,BREAKFAST,1.0,1,0.0,,,,,
BRE_03366,BREAKFAST,1.0,1,0.0,,,,,
BRE_03367,BREAKFAST,1.0,1,0.0,,,,,
BRE_03368,BREAKFAST,0.0,0,1.0,,,,,
BRE_03369,BREAKFAST,1.0,0,0.0,,,,,
BRE_03370,BREAKFAST,0.0,0,1.0,,,,,
BRE_03371,BREAKFAST,1.0,1,0.0,,,,,
BRE_03372,BREAKFAST,1.0,0,0.0,,,,,
BRE_03373,BREAKFAST,1.0,1,0.0,,,,,
BRE_03374,BREAKFAST,1.0,1,0.0,,,,,
BRE_03375,BREAKFAST,0.0,0,1.0,,,,,
BRE_03376,BREAKFAST,0.0,0,0.0,,,,,
BRE_03377,BREAKFAST,1.0,1,0.0,,,,,
BRE_03378,BREAKFAST,1.0,1,0.0,,,,,
BRE_03379,BREAKFAST,0.0,0,1.0,,,,,
BRE_03380,BREAKFAST,1.0,1,0.0,,,,,
BRE_03381,BREAKFAST,1.0,1,0.0,,,,,
BRE_03382,BREAKFAST,1.0,1,0.0,,,,,
BRE_03383,BREAKFAST,0.0,1,0.0,,,,,
BRE_03384,BREAKFAST,1.0,1,0.0,,,,,
BRE_03385,BREAKFAST,1.0,1,0.0,,,,,
BRE_03386,BREAKFAST,1.0,1,0.0,,,,,
BRE_03387,BREAKFAST,1.0,1,0.0,,,,,
BRE_03388,BREAKFAST,0.0,0,1.0,,,,,
BRE_03389,BREAKFAST,1.0,1,0.0,,,,,
BRE_03390,BREAKFAST,1.0,1,0.0,,,,,
BRE_03391,BREAKFAST,1.0,1,0.0,,,,,
BRE_03392,BREAKFAST,0.0,0,1.0,,,,,
BRE_03393,BREAKFAST,1.0,1,0.0,,,,,
BRE_03394,BREAKFAST,0.0,0,1.0,,,,,
BRE_03395,BREAKFAST,1.0,1,0.0,,,,,
BRE_03396,BREAKFAST,0.0,0,1.0,,,,,
BRE_03397,BREAKFAST,1.0,1,0.0,,,,,
BRE_03398,BREAKFAST,1.0,1,0.0,,,,,
BRE_03399,BREAKFAST,0.0,1,0.0,,,,,
BRE_03400,BREAKFAST,1.0,1,0.0,,,,,
BRE_03401,BREAKFAST,0.0,0,1.0,,,,,
BRE_03402,BREAKFAST,0.0,0,1.0,,,,,
BRE_03403,BREAKFAST,0.0,1,0.0,,,,,
BRE_03404,BREAKFAST,1.0,1,0.0,,,,,
BRE_03405,BREAKFAST,1.0,1,0.0,,,,,
BRE_03406,BREAKFAST,0.0,0,1.0,,,,,
BRE_03407,BREAKFAST,1.0,1,0.0,,,,,
BRE_03408,BREAKFAST,1.0,1,0.0,,,,,
BRE_03409,BREAKFAST,1.0,1,0.0,,,,,
BRE_03410,BREAKFAST,1.0,0,0.0,,,,,
BRE_03411,BREAKFAST,1.0,1,0.0,,,,,
BRE_03412,BREAKFAST,1.0,1,0.0,,,,,
BRE_03413,BREAKFAST,1.0,1,0.0,,,,,
BRE_03414,BREAKFAST,1.0,1,0.0,,,,,
BRE_03415,BREAKFAST,1.0,1,0.0,,,,,
BRE_03416,BREAKFAST,0.0,0,1.0,,,,,
BRE_03417,BREAKFAST,0.0,0,1.0,,,,,
BRE_03418,BREAKFAST,0.0,1,0.0,,,,,
BRE_03419,BREAKFAST,1.0,1,0.0,,,,,
BRE_03420,BREAKFAST,1.0,1,0.0,,,,,
BRE_03421,BREAKFAST,0.0,0,1.0,,,,,
BRE_03422,BREAKFAST,0.0,0,1.0,,,,,
BRE_03423,BREAKFAST,1.0,1,0.0,,,,,
BRE_03424,BREAKFAST,1.0,1,0.0,,,,,
BRE_03425,BREAKFAST,0.0,1,0.0,,,,,
BRE_03426,BREAKFAST,1.0,1,0.0,,,,,
BRE_03427,BREAKFAST,0.0,0,1.0,,,,,
BRE_03428,BREAKFAST,1.0,0,0.0,,,,,
BRE_03429,BREAKFAST,1.0,1,0.0,,,,,
BRE_03430,BREAKFAST,1.0,1,0.0,,,,,
BRE_03431,BREAKFAST,1.0,1,0.0,,,,,
BRE_03432,BREAKFAST,1.0,1,0.0,,,,,
BRE_03433,BREAKFAST,1.0,0,0.0,,,,,
BRE_03434,BREAKFAST,0.0,1,0.0,,,,,
BRE_03435,BREAKFAST,0.0,0,1.0,,,,,
BRE_03436,BREAKFAST,1.0,1,0.0,,,,,
BRE_03437,BREAKFAST,0.0,0,1.0,,,,,
BRE_03438,BREAKFAST,0.0,1,0.0,,,,,
BRE_03439,BREAKFAST,0.0,0,0.0,,,,,
BRE_03440,BREAKFAST,1.0,1,0.0,,,,,
BRE_03441,BREAKFAST,1.0,1,0.0,,,,,
BRE_03442,BREAKFAST,1.0,1,0.0,,,,,
BRE_03443,BREAKFAST,1.0,1,0.0,,,,,
BRE_03444,BREAKFAST,0.0,1,0.0,,,,,
BRE_03445,BREAKFAST,1.0,1,0.0,,,,,
BRE_03446,BREAKFAST,1.0,0,0.0,,,,,
BRE_03447,BREAKFAST,1.0,0,0.0,,,,,
BRE_03448,BREAKFAST,0.0,0,1.0,,,,,
BRE_03449,BREAKFAST,1.0,1,0.0,,,,,
BRE_03450,BREAKFAST,0.0,1,0.0,,,,,
BRE_03451,BREAKFAST,0.0,0,1.0,,,,,
BRE_03452,BREAKFAST,1.0,1,0.0,,,,,
BRE_03453,BREAKFAST,0.0,0,1.0,,,,,
BRE_03454,BREAKFAST,1.0,1,0.0,,,,,
BRE_03455,BREAKFAST,0.0,0,1.0,,,,,
BRE_03456,BREAKFAST,1.0,1,0.0,,,,,
BRE_03457,BREAKFAST,1.0,1,0.0,,,,,
BRE_03458,BREAKFAST,1.0,0,0.0,,,,,
BRE_03459,BREAKFAST,1.0,1,0.0,,,,,
BRE_03460,BREAKFAST,0.0,0,1.0,,,,,
BRE_03461,BREAKFAST,0.0,0,0.0,,,,,
BRE_03462,BREAKFAST,1.0,1,0.0,,,,,
BRE_03463,BREAKFAST,0.0,0,1.0,,,,,
BRE_03464,BREAKFAST,1.0,1,0.0,,,,,
BRE_03465,BREAKFAST,1.0,1,0.0,,,,,
BRE_03466,BREAKFAST,0.0,1,0.0,,,,,
BRE_03467,BREAKFAST,1.0,1,0.0,,,,,
BRE_03468,BREAKFAST,0.0,0,1.0,,,,,
BRE_03469,BREAKFAST,1.0,1,0.0,,,,,
BRE_03470,BREAKFAST,1.0,1,0.0,,,,,
BRE_03471,BREAKFAST,0.0,1,0.0,,,,,
BRE_03472,BREAKFAST,1.0,1,0.0,,,,,
BRE_03473,BREAKFAST,0.0,0,1.0,,,,,
BRE_03474,BREAKFAST,1.0,1,0.0,,,,,
BRE_03475,BREAKFAST,0.0,0,1.0,,,,,
BRE_03476,BREAKFAST,1.0,0,0.0,,,,,
BRE_03477,BREAKFAST,1.0,1,0.0,,,,,
BRE_03478,BREAKFAST,1.0,1,0.0,,,,,
BRE_03479,BREAKFAST,0.0,0,1.0,,,,,
BRE_03480,BREAKFAST,1.0,0,0.0,,,,,
BRE_03481,BREAKFAST,1.0,1,0.0,,,,,
BRE_03482,BREAKFAST,0.0,0,0.0,,,,,
BRE_03483,BREAKFAST,1.0,1,0.0,,,,,
BRE_03484,BREAKFAST,1.0,1,0.0,,,,,
BRE_03485,BREAKFAST,1.0,1,0.0,,,,,
BRE_03486,BREAKFAST,0.0,1,0.0,,,,,
BRE_03487,BREAKFAST,1.0,1,0.0,,,,,
BRE_03488,BREAKFAST,0.0,1,0.0,,,,,
BRE_03489,BREAKFAST,1.0,1,0.0,,,,,
BRE_03490,BREAKFAST,1.0,1,0.0,,,,,
BRE_03491,BREAKFAST,1.0,1,0.0,,,,,
BRE_03492,BREAKFAST,1.0,1,0.0,,,,,
BRE_03493,BREAKFAST,0.0,0,1.0,,,,,
BRE_03494,BREAKFAST,1.0,1,0.0,,,,,
BRE_03495,BREAKFAST,1.0,1,0.0,,,,,
BRE_03496,BREAKFAST,1.0,1,0.0,,,,,
BRE_03497,BREAKFAST,1.0,1,0.0,,,,,
BRE_03498,BREAKFAST,1.0,1,0.0,,,,,
BRE_03499,BREAKFAST,1.0,1,0.0,,,,,
BRE_03500,BREAKFAST,0.0,0,1.0,,,,,
BRE_03501,BREAKFAST,1.0,1,0.0,,,,,
BRE_03502,BREAKFAST,0.0,1,0.0,,,,,
BRE_03503,BREAKFAST,0.0,1,0.0,,,,,
BRE_03504,BREAKFAST,1.0,1,0.0,,,,,
BRE_03505,BREAKFAST,1.0,1,0.0,,,,,
BRE_03506,BREAKFAST,0.0,0,1.0,,,,,
BRE_03507,BREAKFAST,0.0,0,1.0,,,,,
BRE_03508,BREAKFAST,1.0,1,0.0,,,,,
BRE_03509,BREAKFAST,1.0,1,0.0,,,,,
BRE_03510,BREAKFAST,0.0,0,1.0,,,,,
BRE_03511,BREAKFAST,1.0,1,0.0,,,,,
BRE_03512,BREAKFAST,0.0,0,1.0,,,,,
BRE_03513,BREAKFAST,0.0,0,1.0,,,,,
BRE_03514,BREAKFAST,0.0,0,1.0,,,,,
BRE_03515,BREAKFAST,1.0,1,0.0,,,,,
BRE_03516,BREAKFAST,0.0,1,0.0,,,,,
BRE_03517,BREAKFAST,0.0,0,1.0,,,,,
BRE_03518,BREAKFAST,1.0,1,0.0,,,,,
BRE_03519,BREAKFAST,1.0,0,0.0,,,,,
BRE_03520,BREAKFAST,0.0,0,1.0,,,,,
BRE_03521,BREAKFAST,0.0,1,0.0,,,,,
BRE_03522,BREAKFAST,1.0,0,0.0,,,,,
BRE_03523,BREAKFAST,1.0,1,0.0,,,,,
BRE_03524,BREAKFAST,1.0,1,0.0,,,,,
BRE_03525,BREAKFAST,0.0,0,1.0,,,,,
BRE_03526,BREAKFAST,0.0,1,0.0,,,,,
BRE_03527,BREAKFAST,1.0,1,0.0,,,,,
BRE_03528,BREAKFAST,1.0,1,0.0,,,,,
BRE_03529,BREAKFAST,1.0,1,0.0,,,,,
BRE_03530,BREAKFAST,0.0,0,0.0,,,,,
BRE_03531,BREAKFAST,0.0,0,1.0,,,,,
BRE_03532,BREAKFAST,1.0,1,0.0,,,,,
BRE_03533,BREAKFAST,1.0,1,0.0,,,,,
BRE_03534,BREAKFAST,1.0,1,0.0,,,,,
BRE_03535,BREAKFAST,1.0,1,0.0,,,,,
BRE_03536,BREAKFAST,1.0,1,0.0,,,,,
BRE_03537,BREAKFAST,1.0,1,0.0,,,,,
BRE_03538,BREAKFAST,0.0,0,1.0,,,,,
BRE_03539,BREAKFAST,1.0,1,0.0,,,,,
BRE_03540,BREAKFAST,0.0,1,0.0,,,,,
BRE_03541,BREAKFAST,0.0,1,0.0,,,,,
BRE_03542,BREAKFAST,1.0,1,0.0,,,,,
BRE_03543,BREAKFAST,1.0,1,0.0,,,,,
BRE_03544,BREAKFAST,1.0,1,0.0,,,,,
BRE_03545,BREAKFAST,0.0,1,0.0,,,,,
BRE_03546,BREAKFAST,1.0,0,0.0,,,,,
BRE_03547,BREAKFAST,1.0,1,0.0,,,,,
BRE_03548,BREAKFAST,1.0,1,0.0,,,,,
BRE_03549,BREAKFAST,1.0,1,0.0,,,,,
BRE_03550,BREAKFAST,0.0,0,1.0,,,,,
BRE_03551,BREAKFAST,0.0,0,1.0,,,,,
BRE_03552,BREAKFAST,0.0,1,0.0,,,,,
BRE_03553,BREAKFAST,1.0,1,0.0,,,,,
BRE_03554,BREAKFAST,1.0,1,0.0,,,,,
BRE_03555,BREAKFAST,1.0,1,0.0,,,,,
BRE_03556,BREAKFAST,1.0,1,0.0,,,,,
BRE_03557,BREAKFAST,1.0,1,0.0,,,,,
BRE_03558,BREAKFAST,1.0,0,0.0,,,,,
BRE_03559,BREAKFAST,1.0,0,0.0,,,,,
BRE_03560,BREAKFAST,1.0,1,0.0,,,,,
BRE_03561,BREAKFAST,0.0,1,0.0,,,,,
BRE_03562,BREAKFAST,1.0,1,0.0,,,,,
BRE_03563,BREAKFAST,0.0,0,1.0,,,,,
BRE_03564,BREAKFAST,0.0,0,1.0,,,,,
BRE_03565,BREAKFAST,1.0,1,0.0,,,,,
BRE_03566,BREAKFAST,1.0,1,0.0,,,,,
BRE_03567,BREAKFAST,1.0,1,0.0,,,,,
BRE_03568,BREAKFAST,1.0,0,0.0,,,,,
BRE_03569,BREAKFAST,1.0,1,0.0,,,,,
BRE_03570,BREAKFAST,0.0,1,0.0,,,,,
BRE_03571,BREAKFAST,1.0,1,0.0,,,,,
BRE_03572,BREAKFAST,1.0,1,0.0,,,,,
BRE_03573,BREAKFAST,1.0,1,0.0,,,,,
BRE_03574,BREAKFAST,1.0,1,0.0,,,,,
BRE_03575,BREAKFAST,1.0,1,0.0,,,,,
BRE_03576,BREAKFAST,1.0,1,0.0,,,,,
BRE_03577,BREAKFAST,0.0,0,1.0,,,,,
BRE_03578,BREAKFAST,0.0,0,1.0,,,,,
BRE_03579,BREAKFAST,1.0,1,0.0,,,,,
BRE_03580,BREAKFAST,0.0,0,1.0,,,,,
BRE_03581,BREAKFAST,1.0,1,0.0,,,,,
BRE_03582,BREAKFAST,1.0,1,0.0,,,,,
BRE_03583,BREAKFAST,0.0,0,1.0,,,,,
BRE_03584,BREAKFAST,1.0,1,0.0,,,,,
BRE_03585,BREAKFAST,1.0,0,0.0,,,,,
BRE_03586,BREAKFAST,0.0,1,0.0,,,,,
BRE_03587,BREAKFAST,0.0,1,0.0,,,,,
BRE_03588,BREAKFAST,1.0,1,0.0,,,,,
BRE_03589,BREAKFAST,1.0,1,0.0,,,,,
BRE_03590,BREAKFAST,1.0,1,0.0,,,,,
BRE_03591,BREAKFAST,1.0,1,0.0,,,,,
BRE_03592,BREAKFAST,1.0,1,0.0,,,,,
BRE_03593,BREAKFAST,1.0,0,0.0,,,,,
BRE_03594,BREAKFAST,1.0,0,0.0,,,,,
BRE_03595,BREAKFAST,1.0,1,0.0,,,,,
BRE_03596,BREAKFAST,0.0,0,1.0,,,,,
BRE_03597,BREAKFAST,1.0,1,0.0,,,,,
BRE_03598,BREAKFAST,0.0,0,1.0,,,,,
BRE_03599,BREAKFAST,1.0,1,0.0,,,,,
BRE_03600,BREAKFAST,1.0,0,0.0,,,,,
BRE_03601,BREAKFAST,1.0,1,0.0,,,,,
BRE_03602,BREAKFAST,0.0,0,1.0,,,,,
BRE_03603,BREAKFAST,1.0,1,0.0,,,,,
BRE_03604,BREAKFAST,1.0,1,0.0,,,,,
BRE_03605,BREAKFAST,0.0,1,0.0,,,,,
BRE_03606,BREAKFAST,0.0,0,1.0,,,,,
BRE_03607,BREAKFAST,1.0,1,0.0,,,,,
BRE_03608,BREAKFAST,1.0,1,0.0,,,,,
BRE_03609,BREAKFAST,1.0,1,0.0,,,,,
BRE_03610,BREAKFAST,0.0,0,1.0,,,,,
BRE_03611,BREAKFAST,1.0,0,0.0,,,,,
BRE_03612,BREAKFAST,1.0,0,0.0,,,,,
BRE_03613,BREAKFAST,0.0,1,0.0,,,,,
BRE_03614,BREAKFAST,1.0,1,0.0,,,,,
BRE_03615,BREAKFAST,1.0,1,0.0,,,,,
BRE_03616,BREAKFAST,1.0,0,0.0,,,,,
BRE_03617,BREAKFAST,0.0,1,0.0,,,,,
BRE_03618,BREAKFAST,1.0,1,0.0,,,,,
BRE_03619,BREAKFAST,0.0,0,1.0,,,,,
BRE_03620,BREAKFAST,1.0,1,0.0,,,,,
BRE_03621,BREAKFAST,1.0,1,0.0,,,,,
BRE_03622,BREAKFAST,1.0,1,0.0,,,,,
BRE_03623,BREAKFAST,1.0,0,0.0,,,,,
BRE_03624,BREAKFAST,0.0,0,1.0,,,,,
BRE_03625,BREAKFAST,0.0,0,1.0,,,,,
BRE_03626,BREAKFAST,1.0,1,0.0,,,,,
BRE_03627,BREAKFAST,1.0,1,0.0,,,,,
BRE_03628,BREAKFAST,1.0,1,0.0,,,,,
BRE_03629,BREAKFAST,1.0,1,0.0,,,,,
BRE_03630,BREAKFAST,0.0,0,1.0,,,,,
BRE_03631,BREAKFAST,1.0,1,0.0,,,,,
BRE_03632,BREAKFAST,1.0,1,0.0,,,,,
BRE_03633,BREAKFAST,1.0,1,0.0,,,,,
BRE_03634,BREAKFAST,0.0,1,0.0,,,,,
BRE_03635,BREAKFAST,0.0,1,0.0,,,,,
BRE_03636,BREAKFAST,0.0,1,0.0,,,,,
BRE_03637,BREAKFAST,1.0,0,0.0,,,,,
BRE_03638,BREAKFAST,1.0,1,0.0,,,,,
BRE_03639,BREAKFAST,1.0,1,0.0,,,,,
BRE_03640,BREAKFAST,1.0,1,0.0,,,,,
BRE_03641,BREAKFAST,1.0,1,0.0,,,,,
BRE_03642,BREAKFAST,0.0,1,0.0,,,,,
BRE_03643,BREAKFAST,1.0,1,0.0,,,,,
BRE_03644,BREAKFAST,1.0,1,0.0,,,,,
BRE_03645,BREAKFAST,1.0,0,0.0,,,,,
BRE_03646,BREAKFAST,0.0,0,1.0,,,,,
BRE_03647,BREAKFAST,1.0,1,0.0,,,,,
BRE_03648,BREAKFAST,1.0,1,0.0,,,,,
BRE_03649,BREAKFAST,0.0,0,1.0,,,,,
BRE_03650,BREAKFAST,1.0,0,0.0,,,,,
BRE_03651,BREAKFAST,1.0,1,0.0,,,,,
BRE_03652,BREAKFAST,1.0,1,0.0,,,,,
BRE_03653,BREAKFAST,1.0,1,0.0,,,,,
BRE_03654,BREAKFAST,1.0,0,0.0,,,,,
BRE_03655,BREAKFAST,0.0,1,0.0,,,,,
BRE_03656,BREAKFAST,1.0,1,0.0,,,,,
BRE_03657,BREAKFAST,0.0,0,1.0,,,,,
BRE_03658,BREAKFAST,0.0,0,1.0,,,,,
BRE_03659,BREAKFAST,1.0,1,0.0,,,,,
BRE_03660,BREAKFAST,1.0,0,0.0,,,,,
BRE_03661,BREAKFAST,1.0,1,0.0,,,,,
BRE_03662,BREAKFAST,0.0,0,0.0,,,,,
BRE_03663,BREAKFAST,1.0,1,0.0,,,,,
BRE_03664,BREAKFAST,0.0,1,0.0,,,,,
BRE_03665,BREAKFAST,0.0,0,1.0,,,,,
BRE_03666,BREAKFAST,0.0,1,0.0,,,,,
BRE_03667,BREAKFAST,1.0,1,0.0,,,,,
BRE_03668,BREAKFAST,0.0,1,0.0,,,,,
BRE_03669,BREAKFAST,1.0,1,0.0,,,,,
BRE_03670,BREAKFAST,1.0,0,0.0,,,,,
BRE_03671,BREAKFAST,1.0,1,0.0,,,,,
BRE_03672,BREAKFAST,0.0,1,0.0,,,,,
BRE_03673,BREAKFAST,1.0,1,0.0,,,,,
BRE_03674,BREAKFAST,1.0,1,0.0,,,,,
BRE_03675,BREAKFAST,0.0,1,0.0,,,,,
BRE_03676,BREAKFAST,0.0,1,0.0,,,,,
BRE_03677,BREAKFAST,1.0,1,0.0,,,,,
BRE_03678,BREAKFAST,1.0,1,0.0,,,,,
BRE_03679,BREAKFAST,0.0,1,0.0,,,,,
BRE_03680,BREAKFAST,0.0,0,1.0,,,,,
BRE_03681,BREAKFAST,0.0,1,0.0,,,,,
BRE_03682,BREAKFAST,1.0,1,0.0,,,,,
BRE_03683,BREAKFAST,1.0,1,0.0,,,,,
BRE_03684,BREAKFAST,1.0,1,0.0,,,,,
BRE_03685,BREAKFAST,0.0,1,0.0,,,,,
BRE_03686,BREAKFAST,1.0,1,0.0,,,,,
BRE_03687,BREAKFAST,0.0,0,1.0,,,,,
BRE_03688,BREAKFAST,0.0,1,0.0,,,,,
BRE_03689,BREAKFAST,0.0,0,1.0,,,,,
BRE_03690,BREAKFAST,0.0,1,0.0,,,,,
BRE_03691,BREAKFAST,1.0,1,0.0,,,,,
BRE_03692,BREAKFAST,1.0,1,0.0,,,,,
BRE_03693,BREAKFAST,1.0,1,0.0,,,,,
BRE_03694,BREAKFAST,1.0,1,0.0,,,,,
BRE_03695,BREAKFAST,1.0,0,0.0,,,,,
BRE_03696,BREAKFAST,1.0,1,0.0,,,,,
BRE_03697,BREAKFAST,1.0,1,0.0,,,,,
BRE_03698,BREAKFAST,0.0,0,1.0,,,,,
BRE_03699,BREAKFAST,1.0,1,0.0,,,,,
BRE_03700,BREAKFAST,1.0,1,0.0,,,,,
BRE_03701,BREAKFAST,1.0,1,0.0,,,,,
BRE_03702,BREAKFAST,1.0,1,0.0,,,,,
BRE_03703,BREAKFAST,1.0,1,0.0,,,,,
BRE_03704,BREAKFAST,1.0,1,0.0,,,,,
BRE_03705,BREAKFAST,0.0,0,1.0,,,,,
BRE_03706,BREAKFAST,1.0,1,0.0,,,,,
BRE_03707,BREAKFAST,1.0,1,0.0,,,,,
BRE_03708,BREAKFAST,1.0,1,0.0,,,,,
BRE_03709,BREAKFAST,1.0,1,0.0,,,,,
BRE_03710,BREAKFAST,1.0,1,0.0,,,,,
BRE_03711,BREAKFAST,0.0,0,1.0,,,,,
BRE_03712,BREAKFAST,0.0,0,0.0,,,,,
BRE_03713,BREAKFAST,0.0,0,0.0,,,,,
BRE_03714,BREAKFAST,1.0,1,0.0,,,,,
BRE_03715,BREAKFAST,1.0,1,0.0,,,,,
BRE_03716,BREAKFAST,1.0,0,0.0,,,,,
BRE_03717,BREAKFAST,0.0,0,1.0,,,,,
BRE_03718,BREAKFAST,1.0,1,0.0,,,,,
BRE_03719,BREAKFAST,0.0,0,1.0,,,,,
BRE_03720,BREAKFAST,0.0,1,0.0,,,,,
BRE_03721,BREAKFAST,0.0,1,0.0,,,,,
BRE_03722,BREAKFAST,1.0,1,0.0,,,,,
BRE_03723,BREAKFAST,0.0,0,1.0,,,,,
BRE_03724,BREAKFAST,1.0,1,0.0,,,,,
BRE_03725,BREAKFAST,1.0,1,0.0,,,,,
BRE_03726,BREAKFAST,0.0,1,0.0,,,,,
BRE_03727,BREAKFAST,1.0,1,0.0,,,,,
BRE_03728,BREAKFAST,0.0,0,1.0,,,,,
BRE_03729,BREAKFAST,1.0,1,0.0,,,,,
BRE_03730,BREAKFAST,1.0,0,0.0,,,,,
BRE_03731,BREAKFAST,0.0,0,1.0,,,,,
BRE_03732,BREAKFAST,1.0,1,0.0,,,,,
BRE_03733,BREAKFAST,1.0,1,0.0,,,,,
BRE_03734,BREAKFAST,1.0,1,0.0,,,,,
BRE_03735,BREAKFAST,1.0,0,0.0,,,,,
BRE_03736,BREAKFAST,1.0,1,0.0,,,,,
BRE_03737,BREAKFAST,1.0,1,0.0,,,,,
BRE_03738,BREAKFAST,1.0,1,0.0,,,,,
BRE_03739,BREAKFAST,1.0,0,0.0,,,,,
BRE_03740,BREAKFAST,1.0,1,0.0,,,,,
BRE_03741,BREAKFAST,0.0,0,1.0,,,,,
BRE_03742,BREAKFAST,0.0,0,1.0,,,,,
BRE_03743,BREAKFAST,1.0,1,0.0,,,,,
BRE_03744,BREAKFAST,0.0,0,1.0,,,,,
BRE_03745,BREAKFAST,0.0,0,1.0,,,,,
BRE_03746,BREAKFAST,1.0,1,0.0,,,,,
BRE_03747,BREAKFAST,0.0,0,1.0,,,,,
BRE_03748,BREAKFAST,0.0,0,1.0,,,,,
BRE_03749,BREAKFAST,1.0,0,0.0,,,,,
BRE_03750,BREAKFAST,0.0,0,1.0,,,,,
BRE_03751,BREAKFAST,0.0,1,0.0,,,,,
BRE_03752,BREAKFAST,1.0,1,0.0,,,,,
BRE_03753,BREAKFAST,0.0,0,1.0,,,,,
BRE_03754,BREAKFAST,1.0,1,0.0,,,,,
BRE_03755,BREAKFAST,1.0,1,0.0,,,,,
BRE_03756,BREAKFAST,1.0,1,0.0,,,,,
BRE_03757,BREAKFAST,0.0,0,1.0,,,,,
BRE_03758,BREAKFAST,1.0,1,0.0,,,,,
BRE_03759,BREAKFAST,0.0,1,0.0,,,,,
BRE_03760,BREAKFAST,1.0,1,0.0,,,,,
BRE_03761,BREAKFAST,1.0,1,0.0,,,,,
BRE_03762,BREAKFAST,0.0,0,1.0,,,,,
BRE_03763,BREAKFAST,1.0,1,0.0,,,,,
BRE_03764,BREAKFAST,0.0,0,1.0,,,,,
BRE_03765,BREAKFAST,0.0,0,0.0,,,,,
BRE_03766,BREAKFAST,1.0,1,0.0,,,,,
BRE_03767,BREAKFAST,0.0,0,1.0,,,,,
BRE_03768,BREAKFAST,1.0,1,0.0,,,,,
BRE_03769,BREAKFAST,0.0,0,1.0,,,,,
BRE_03770,BREAKFAST,1.0,0,0.0,,,,,
BRE_03771,BREAKFAST,1.0,1,0.0,,,,,
BRE_03772,BREAKFAST,1.0,1,0.0,,,,,
BRE_03773,BREAKFAST,0.0,0,1.0,,,,,
BRE_03774,BREAKFAST,1.0,1,0.0,,,,,
BRE_03775,BREAKFAST,0.0,1,0.0,,,,,
BRE_03776,BREAKFAST,1.0,1,0.0,,,,,
BRE_03777,BREAKFAST,1.0,1,0.0,,,,,
BRE_03778,BREAKFAST,0.0,0,1.0,,,,,
BRE_03779,BREAKFAST,1.0,0,0.0,,,,,
BRE_03780,BREAKFAST,1.0,1,0.0,,,,,
BRE_03781,BREAKFAST,0.0,0,1.0,,,,,
BRE_03782,BREAKFAST,1.0,1,0.0,,,,,
BRE_03783,BREAKFAST,0.0,0,0.0,,,,,
BRE_03784,BREAKFAST,1.0,1,0.0,,,,,
BRE_03785,BREAKFAST,0.0,0,1.0,,,,,
BRE_03786,BREAKFAST,1.0,1,0.0,,,,,
BRE_03787,BREAKFAST,0.0,0,1.0,,,,,
BRE_03788,BREAKFAST,1.0,1,0.0,,,,,
BRE_03789,BREAKFAST,0.0,0,1.0,,,,,
BRE_03790,BREAKFAST,1.0,1,0.0,,,,,
BRE_03791,BREAKFAST,0.0,0,1.0,,,,,
BRE_03792,BREAKFAST,1.0,1,0.0,,,,,
BRE_03793,BREAKFAST,0.0,0,1.0,,,,,
BRE_03794,BREAKFAST,1.0,1,0.0,,,,,
BRE_03795,BREAKFAST,1.0,1,0.0,,,,,
BRE_03796,BREAKFAST,0.0,0,1.0,,,,,
BRE_03797,BREAKFAST,1.0,1,0.0,,,,,
BRE_03798,BREAKFAST,0.0,0,1.0,,,,,
BRE_03799,BREAKFAST,1.0,1,0.0,,,,,
BRE_03800,BREAKFAST,1.0,0,0.0,,,,,
BRE_03801,BREAKFAST,0.0,0,1.0,,,,,
BRE_03802,BREAKFAST,1.0,1,0.0,,,,,
BRE_03803,BREAKFAST,0.0,0,1.0,,,,,
BRE_03804,BREAKFAST,1.0,0,0.0,,,,,
BRE_03805,BREAKFAST,1.0,1,0.0,,,,,
BRE_03806,BREAKFAST,1.0,1,0.0,,,,,
BRE_03807,BREAKFAST,0.0,1,0.0,,,,,
BRE_03808,BREAKFAST,0.0,0,1.0,,,,,
BRE_03809,BREAKFAST,1.0,1,0.0,,,,,
BRE_03810,BREAKFAST,1.0,1,0.0,,,,,
BRE_03811,BREAKFAST,0.0,0,1.0,,,,,
BRE_03812,BREAKFAST,1.0,1,0.0,,,,,
BRE_03813,BREAKFAST,1.0,1,0.0,,,,,
BRE_03814,BREAKFAST,1.0,1,0.0,,,,,
BRE_03815,BREAKFAST,0.0,0,1.0,,,,,
BRE_03816,BREAKFAST,1.0,1,0.0,,,,,
BRE_03817,BREAKFAST,0.0,0,1.0,,,,,
BRE_03818,BREAKFAST,0.0,0,1.0,,,,,
BRE_03819,BREAKFAST,1.0,1,0.0,,,,,
BRE_03820,BREAKFAST,1.0,1,0.0,,,,,
BRE_03821,BREAKFAST,0.0,0,1.0,,,,,
BRE_03822,BREAKFAST,0.0,0,1.0,,,,,
BRE_03823,BREAKFAST,0.0,0,1.0,,,,,
BRE_03824,BREAKFAST,0.0,0,0.0,,,,,
BRE_03825,BREAKFAST,1.0,1,0.0,,,,,
BRE_03826,BREAKFAST,1.0,1,0.0,,,,,
BRE_03827,BREAKFAST,0.0,1,0.0,,,,,
BRE_03828,BREAKFAST,0.0,0,1.0,,,,,
BRE_03829,BREAKFAST,1.0,1,0.0,,,,,
BRE_03830,BREAKFAST,1.0,1,0.0,,,,,
BRE_03831,BREAKFAST,1.0,1,0.0,,,,,
BRE_03832,BREAKFAST,0.0,1,0.0,,,,,
BRE_03833,BREAKFAST,1.0,1,0.0,,,,,
BRE_03834,BREAKFAST,1.0,1,0.0,,,,,
BRE_03835,BREAKFAST,1.0,1,0.0,,,,,
BRE_03836,BREAKFAST,0.0,1,0.0,,,,,
BRE_03837,BREAKFAST,0.0,1,0.0,,,,,
BRE_03838,BREAKFAST,1.0,1,0.0,,,,,
BRE_03839,BREAKFAST,1.0,1,0.0,,,,,
BRE_03840,BREAKFAST,1.0,1,0.0,,,,,
BRE_03841,BREAKFAST,1.0,1,0.0,,,,,
BRE_03842,BREAKFAST,0.0,1,0.0,,,,,
BRE_03843,BREAKFAST,1.0,1,0.0,,,,,
BRE_03844,BREAKFAST,1.0,1,0.0,,,,,
BRE_03845,BREAKFAST,1.0,1,0.0,,,,,
BRE_03846,BREAKFAST,1.0,1,0.0,,,,,
BRE_03847,BREAKFAST,0.0,1,0.0,,,,,
BRE_03848,BREAKFAST,1.0,1,0.0,,,,,
BRE_03849,BREAKFAST,1.0,1,0.0,,,,,
BRE_03850,BREAKFAST,1.0,1,0.0,,,,,
BRE_03851,BREAKFAST,1.0,1,0.0,,,,,
BRE_03852,BREAKFAST,1.0,1,0.0,,,,,
BRE_03853,BREAKFAST,1.0,1,0.0,,,,,
BRE_03854,BREAKFAST,0.0,1,0.0,,,,,
BRE_03855,BREAKFAST,1.0,0,0.0,,,,,
BRE_03856,BREAKFAST,1.0,1,0.0,,,,,
BRE_03857,BREAKFAST,1.0,1,0.0,,,,,
BRE_03858,BREAKFAST,1.0,1,0.0,,,,,
BRE_03859,BREAKFAST,1.0,1,0.0,,,,,
BRE_03860,BREAKFAST,1.0,1,0.0,,,,,
BRE_03861,BREAKFAST,0.0,0,1.0,,,,,
BRE_03862,BREAKFAST,1.0,1,0.0,,,,,
BRE_03863,BREAKFAST,0.0,0,1.0,,,,,
BRE_03864,BREAKFAST,1.0,1,0.0,,,,,
BRE_03865,BREAKFAST,1.0,1,0.0,,,,,
BRE_03866,BREAKFAST,0.0,0,1.0,,,,,
BRE_03867,BREAKFAST,1.0,1,0.0,,,,,
BRE_03868,BREAKFAST,1.0,1,0.0,,,,,
BRE_03869,BREAKFAST,1.0,0,0.0,,,,,
BRE_03870,BREAKFAST,0.0,1,0.0,,,,,
BRE_03871,BREAKFAST,0.0,0,0.0,,,,,
BRE_03872,BREAKFAST,0.0,1,0.0,,,,,
BRE_03873,BREAKFAST,1.0,1,0.0,,,,,
BRE_03874,BREAKFAST,1.0,1,0.0,,,,,
BRE_03875,BREAKFAST,0.0,0,1.0,,,,,
BRE_03876,BREAKFAST,0.0,0,1.0,,,,,
BRE_03877,BREAKFAST,0.0,0,1.0,,,,,
BRE_03878,BREAKFAST,1.0,0,0.0,,,,,
BRE_03879,BREAKFAST,1.0,1,0.0,,,,,
BRE_03880,BREAKFAST,0.0,0,1.0,,,,,
BRE_03881,BREAKFAST,1.0,1,0.0,,,,,
BRE_03882,BREAKFAST,0.0,0,1.0,,,,,
BRE_03883,BREAKFAST,1.0,1,0.0,,,,,
BRE_03884,BREAKFAST,1.0,0,0.0,,,,,
BRE_03885,BREAKFAST,1.0,1,0.0,,,,,
BRE_03886,BREAKFAST,1.0,1,0.0,,,,,
BRE_03887,BREAKFAST,1.0,1,0.0,,,,,
BRE_03888,BREAKFAST,0.0,0,0.0,,,,,
BRE_03889,BREAKFAST,0.0,0,1.0,,,,,
BRE_03890,BREAKFAST,1.0,1,0.0,,,,,
BRE_03891,BREAKFAST,0.0,1,0.0,,,,,
BRE_03892,BREAKFAST,1.0,1,0.0,,,,,
BRE_03893,BREAKFAST,1.0,1,0.0,,,,,
BRE_03894,BREAKFAST,1.0,1,0.0,,,,,
BRE_03895,BREAKFAST,0.0,0,1.0,,,,,
BRE_03896,BREAKFAST,1.0,0,0.0,,,,,
BRE_03897,BREAKFAST,1.0,1,0.0,,,,,
BRE_03898,BREAKFAST,1.0,1,0.0,,,,,
BRE_03899,BREAKFAST,1.0,0,0.0,,,,,
BRE_03900,BREAKFAST,1.0,1,0.0,,,,,
BRE_03901,BREAKFAST,0.0,0,1.0,,,,,
BRE_03902,BREAKFAST,1.0,1,0.0,,,,,
BRE_03903,BREAKFAST,1.0,0,0.0,,,,,
BRE_03904,BREAKFAST,1.0,1,0.0,,,,,
BRE_03905,BREAKFAST,1.0,1,0.0,,,,,
BRE_03906,BREAKFAST,0.0,0,0.0,,,,,
BRE_03907,BREAKFAST,0.0,0,1.0,,,,,
BRE_03908,BREAKFAST,1.0,1,0.0,,,,,
BRE_03909,BREAKFAST,1.0,0,0.0,,,,,
BRE_03910,BREAKFAST,1.0,0,0.0,,,,,
BRE_03911,BREAKFAST,1.0,1,0.0,,,,,
BRE_03912,BREAKFAST,0.0,1,0.0,,,,,
BRE_03913,BREAKFAST,1.0,1,0.0,,,,,
BRE_03914,BREAKFAST,0.0,1,0.0,,,,,
BRE_03915,BREAKFAST,1.0,1,0.0,,,,,
BRE_03916,BREAKFAST,1.0,1,0.0,,,,,
BRE_03917,BREAKFAST,1.0,1,0.0,,,,,
BRE_03918,BREAKFAST,1.0,1,0.0,,,,,
BRE_03919,BREAKFAST,1.0,1,0.0,,,,,
BRE_03920,BREAKFAST,0.0,0,0.0,,,,,
BRE_03921,BREAKFAST,1.0,1,0.0,,,,,
BRE_03922,BREAKFAST,0.0,0,1.0,,,,,
BRE_03923,BREAKFAST,1.0,1,0.0,,,,,
BRE_03924,BREAKFAST,1.0,1,0.0,,,,,
BRE_03925,BREAKFAST,1.0,1,0.0,,,,,
BRE_03926,BREAKFAST,0.0,0,1.0,,,,,
BRE_03927,BREAKFAST,0.0,1,0.0,,,,,
BRE_03928,BREAKFAST,0.0,0,1.0,,,,,
BRE_03929,BREAKFAST,0.0,0,1.0,,,,,
BRE_03930,BREAKFAST,1.0,1,0.0,,,,,
BRE_03931,BREAKFAST,1.0,0,0.0,,,,,
BRE_03932,BREAKFAST,1.0,0,0.0,,,,,
BRE_03933,BREAKFAST,1.0,1,0.0,,,,,
BRE_03934,BREAKFAST,1.0,1,0.0,,,,,
BRE_03935,BREAKFAST,1.0,1,0.0,,,,,
BRE_03936,BREAKFAST,1.0,1,0.0,,,,,
BRE_03937,BREAKFAST,1.0,1,0.0,,,,,
BRE_03938,BREAKFAST,0.0,1,0.0,,,,,
BRE_03939,BREAKFAST,1.0,1,0.0,,,,,
BRE_03940,BREAKFAST,1.0,1,0.0,,,,,
BRE_03941,BREAKFAST,0.0,0,1.0,,,,,
BRE_03942,BREAKFAST,1.0,1,0.0,,,,,
BRE_03943,BREAKFAST,1.0,1,0.0,,,,,
BRE_03944,BREAKFAST,1.0,1,0.0,,,,,
BRE_03945,BREAKFAST,1.0,1,0.0,,,,,
BRE_03946,BREAKFAST,1.0,0,0.0,,,,,
BRE_03947,BREAKFAST,0.0,0,1.0,,,,,
BRE_03948,BREAKFAST,1.0,1,0.0,,,,,
BRE_03949,BREAKFAST,1.0,1,0.0,,,,,
BRE_03950,BREAKFAST,0.0,0,1.0,,,,,
BRE_03951,BREAKFAST,1.0,1,0.0,,,,,
BRE_03952,BREAKFAST,1.0,1,0.0,,,,,
BRE_03953,BREAKFAST,1.0,1,0.0,,,,,
BRE_03954,BREAKFAST,1.0,0,0.0,,,,,
BRE_03955,BREAKFAST,1.0,1,0.0,,,,,
BRE_03956,BREAKFAST,1.0,1,0.0,,,,,
BRE_03957,BREAKFAST,1.0,1,0.0,,,,,
BRE_03958,BREAKFAST,0.0,1,0.0,,,,,
BRE_03959,BREAKFAST,1.0,1,0.0,,,,,
BRE_03960,BREAKFAST,0.0,0,1.0,,,,,
BRE_03961,BREAKFAST,1.0,0,0.0,,,,,
BRE_03962,BREAKFAST,1.0,1,0.0,,,,,
BRE_03963,BREAKFAST,1.0,1,0.0,,,,,
BRE_03964,BREAKFAST,1.0,1,0.0,,,,,
BRE_03965,BREAKFAST,1.0,1,0.0,,,,,
BRE_03966,BREAKFAST,1.0,1,0.0,,,,,
BRE_03967,BREAKFAST,1.0,1,0.0,,,,,
BRE_03968,BREAKFAST,0.0,1,0.0,,,,,
BRE_03969,BREAKFAST,1.0,1,0.0,,,,,
BRE_03970,BREAKFAST,0.0,0,1.0,,,,,
BRE_03971,BREAKFAST,0.0,0,1.0,,,,,
BRE_03972,BREAKFAST,1.0,1,0.0,,,,,
BRE_03973,BREAKFAST,1.0,1,0.0,,,,,
BRE_03974,BREAKFAST,1.0,1,0.0,,,,,
BRE_03975,BREAKFAST,1.0,1,0.0,,,,,
BRE_03976,BREAKFAST,1.0,1,0.0,,,,,
BRE_03977,BREAKFAST,1.0,0,0.0,,,,,
BRE_03978,BREAKFAST,1.0,1,0.0,,,,,
BRE_03979,BREAKFAST,1.0,0,0.0,,,,,
BRE_03980,BREAKFAST,1.0,1,0.0,,,,,
BRE_03981,BREAKFAST,1.0,1,0.0,,,,,
BRE_03982,BREAKFAST,1.0,1,0.0,,,,,
BRE_03983,BREAKFAST,1.0,1,0.0,,,,,
BRE_03984,BREAKFAST,1.0,1,0.0,,,,,
BRE_03985,BREAKFAST,1.0,1,0.0,,,,,
BRE_03986,BREAKFAST,0.0,0,1.0,,,,,
BRE_03987,BREAKFAST,1.0,1,0.0,,,,,
BRE_03988,BREAKFAST,0.0,0,1.0,,,,,
BRE_03989,BREAKFAST,0.0,1,0.0,,,,,
BRE_03990,BREAKFAST,1.0,1,0.0,,,,,
BRE_03991,BREAKFAST,1.0,1,0.0,,,,,
BRE_03992,BREAKFAST,1.0,1,0.0,,,,,
BRE_03993,BREAKFAST,1.0,1,0.0,,,,,
BRE_03994,BREAKFAST,0.0,0,1.0,,,,,
BRE_03995,BREAKFAST,0.0,0,1.0,,,,,
BRE_03996,BREAKFAST,1.0,1,0.0,,,,,
BRE_03997,BREAKFAST,0.0,0,1.0,,,,,
BRE_03998,BREAKFAST,0.0,0,1.0,,,,,
BRE_03999,BREAKFAST,1.0,1,0.0,,,,,
BRE_04000,BREAKFAST,1.0,1,0.0,,,,,
BRE_00001,BREAK,1.0,1,,,,,,
BRE_00002,BREAK,0.0,1,,,,,,
BRE_00003,BREAK,0.0,0,,,,,,
BRE_00004,BREAK,1.0,1,,,,,,
BRE_00005,BREAK,1.0,0,,,,,,
BRE_00006,BREAK,1.0,1,,,,,,
BRE_00007,BREAK,0.0,1,,,,,,
BRE_00008,BREAK,0.0,0,,,,,,
BRE_00009,BREAK,1.0,0,,,,,,
BRE_00010,BREAK,1.0,1,,,,,,
BRE_00011,BREAK,1.0,1,,,,,,
BRE_00012,BREAK,0.0,0,,,,,,
BRE_00013,BREAK,0.0,0,,,,,,
BRE_00014,BREAK,1.0,1,,,,,,
BRE_00015,BREAK,0.0,1,,,,,,
BRE_00016,BREAK,1.0,1,,,,,,
BRE_00017,BREAK,1.0,0,,,,,,
BRE_00018,BREAK,0.0,1,,,,,,
BRE_00019,BREAK,0.0,0,,,,,,
BRE_00020,BREAK,1.0,1,,,,,,
BRE_00021,BREAK,0.0,1,,,,,,
BRE_00022,BREAK,1.0,1,,,,,,
BRE_00023,BREAK,1.0,0,,,,,,
BRE_00024,BREAK,1.0,1,,,,,,
BRE_00025,BREAK,1.0,1,,,,,,
BRE_00026,BREAK,1.0,0,,,,,,
BRE_00027,BREAK,1.0,0,,,,,,
BRE_00028,BREAK,0.0,1,,,,,,
BRE_00029,BREAK,1.0,1,,,,,,
BRE_00030,BREAK,1.0,1,,,,,,
BRE_00031,BREAK,1.0,1,,,,,,
BRE_00032,BREAK,1.0,1,,,,,,
BRE_00033,BREAK,1.0,0,,,,,,
BRE_00034,BREAK,1.0,1,,,,,,
BRE_00035,BREAK,1.0,0,,,,,,
BRE_00036,BREAK,0.0,0,,,,,,
BRE_00037,BREAK,1.0,1,,,,,,
BRE_00038,BREAK,1.0,1,,,,,,
BRE_00039,BREAK,1.0,0,,,,,,
BRE_00040,BREAK,0.0,0,,,,,,
BRE_00041,BREAK,1.0,1,,,,,,
BRE_00042,BREAK,1.0,1,,,,,,
BRE_00043,BREAK,1.0,1,,,,,,
BRE_00044,BREAK,1.0,1,,,,,,
BRE_00045,BREAK,0.0,0,,,,,,
BRE_00046,BREAK,1.0,1,,,,,,
BRE_00047,BREAK,0.0,0,,,,,,
BRE_00048,BREAK,1.0,1,,,,,,
BRE_00049,BREAK,0.0,1,,,,,,
BRE_00050,BREAK,1.0,0,,,,,,
BRE_00051,BREAK,0.0,1,,,,,,
BRE_00052,BREAK,1.0,1,,,,,,
BRE_00053,BREAK,0.0,1,,,,,,
BRE_00054,BREAK,1.0,1,,,,,,
BRE_00055,BREAK,1.0,0,,,,,,
BRE_00056,BREAK,1.0,1,,,,,,
BRE_00057,BREAK,0.0,0,,,,,,
BRE_00058,BREAK,1.0,1,,,,,,
BRE_00059,BREAK,1.0,1,,,,,,
BRE_00060,BREAK,0.0,0,,,,,,
BRE_00061,BREAK,0.0,1,,,,,,
BRE_00062,BREAK,0.0,0,,,,,,
BRE_00063,BREAK,0.0,1,,,,,,
BRE_00064,BREAK,0.0,1,,,,,,
BRE_00065,BREAK,1.0,1,,,,,,
BRE_00066,BREAK,1.0,0,,,,,,
BRE_00067,BREAK,1.0,1,,,,,,
BRE_00068,BREAK,1.0,1,,,,,,
BRE_00069,BREAK,1.0,1,,,,,,
BRE_00070,BREAK,1.0,0,,,,,,
BRE_00071,BREAK,1.0,1,,,,,,
BRE_00072,BREAK,0.0,0,,,,,,
BRE_00073,BREAK,1.0,1,,,,,,
BRE_00074,BREAK,0.0,1,,,,,,
BRE_00075,BREAK,0.0,1,,,,,,
BRE_00076,BREAK,0.0,0,,,,,,
BRE_00077,BREAK,1.0,1,,,,,,
BRE_00078,BREAK,1.0,0,,,,,,
BRE_00079,BREAK,1.0,0,,,,,,
BRE_00080,BREAK,1.0,0,,,,,,
BRE_00081,BREAK,0.0,1,,,,,,
BRE_00082,BREAK,1.0,0,,,,,,
BRE_00083,BREAK,1.0,1,,,,,,
BRE_00084,BREAK,1.0,1,,,,,,
BRE_00085,BREAK,0.0,1,,,,,,
BRE_00086,BREAK,1.0,0,,,,,,
BRE_00087,BREAK,1.0,0,,,,,,
BRE_00088,BREAK,1.0,1,,,,,,
BRE_00089,BREAK,1.0,1,,,,,,
BRE_00090,BREAK,1.0,0,,,,,,
BRE_00091,BREAK,1.0,1,,,,,,
BRE_00092,BREAK,1.0,1,,,,,,
BRE_00093,BREAK,1.0,1,,,,,,
BRE_00094,BREAK,1.0,1,,,,,,
BRE_00095,BREAK,0.0,0,,,,,,
BRE_00096,BREAK,1.0,1,,,,,,
BRE_00097,BREAK,1.0,1,,,,,,
BRE_00098,BREAK,1.0,1,,,,,,
BRE_00099,BREAK,0.0,0,,,,,,
BRE_00100,BREAK,0.0,0,,,,,,
BRE_00101,BREAK,1.0,0,,,,,,
BRE_00102,BREAK,0.0,0,,,,,,
BRE_00103,BREAK,1.0,1,,,,,,
BRE_00104,BREAK,1.0,1,,,,,,
BRE_00105,BREAK,1.0,1,,,,,,
BRE_00106,BREAK,1.0,1,,,,,,
BRE_00107,BREAK,1.0,1,,,,,,
BRE_00108,BREAK,0.0,0,,,,,,
BRE_00109,BREAK,0.0,0,,,,,,
BRE_00110,BREAK,1.0,0,,,,,,
BRE_00111,BREAK,1.0,0,,,,,,
BRE_00112,BREAK,0.0,0,,,,,,
BRE_00113,BREAK,1.0,1,,,,,,
BRE_00114,BREAK,1.0,1,,,,,,
BRE_00115,BREAK,1.0,0,,,,,,
BRE_00116,BREAK,1.0,1,,,,,,
BRE_00117,BREAK,1.0,1,,,,,,
BRE_00118,BREAK,0.0,1,,,,,,
BRE_00119,BREAK,1.0,1,,,,,,
BRE_00120,BREAK,1.0,1,,,,,,
BRE_00121,BREAK,0.0,0,,,,,,
BRE_00122,BREAK,0.0,0,,,,,,
BRE_00123,BREAK,0.0,1,,,,,,
BRE_00124,BREAK,0.0,1,,,,,,
BRE_00125,BREAK,1.0,1,,,,,,
BRE_00126,BREAK,1.0,0,,,,,,
BRE_00127,BREAK,1.0,1,,,,,,
BRE_00128,BREAK,1.0,1,,,,,,
BRE_00129,BREAK,1.0,1,,,,,,
BRE_00130,BREAK,1.0,1,,,,,,
BRE_00131,BREAK,1.0,1,,,,,,
BRE_00132,BREAK,1.0,1,,,,,,
BRE_00133,BREAK,0.0,1,,,,,,
BRE_00134,BREAK,1.0,1,,,,,,
BRE_00135,BREAK,0.0,0,,,,,,
BRE_00136,BREAK,1.0,1,,,,,,
BRE_00137,BREAK,1.0,1,,,,,,
BRE_00138,BREAK,1.0,1,,,,,,
BRE_00139,BREAK,1.0,1,,,,,,
BRE_00140,BREAK,1.0,0,,,,,,
BRE_00141,BREAK,1.0,0,,,,,,
BRE_00142,BREAK,1.0,0,,,,,,
BRE_00143,BREAK,1.0,1,,,,,,
BRE_00144,BREAK,1.0,0,,,,,,
BRE_00145,BREAK,1.0,1,,,,,,
BRE_00146,BREAK,1.0,1,,,,,,
BRE_00147,BREAK,1.0,1,,,,,,
BRE_00148,BREAK,1.0,0,,,,,,
BRE_00149,BREAK,0.0,0,,,,,,
BRE_00150,BREAK,1.0,1,,,,,,
BRE_00151,BREAK,1.0,0,,,,,,
BRE_00152,BREAK,0.0,0,,,,,,
BRE_00153,BREAK,1.0,1,,,,,,
BRE_00154,BREAK,1.0,1,,,,,,
BRE_00155,BREAK,1.0,1,,,,,,
BRE_00156,BREAK,0.0,1,,,,,,
BRE_00157,BREAK,1.0,1,,,,,,
BRE_00158,BREAK,1.0,0,,,,,,
BRE_00159,BREAK,1.0,1,,,,,,
BRE_00160,BREAK,0.0,0,,,,,,
BRE_00161,BREAK,0.0,1,,,,,,
BRE_00162,BREAK,1.0,1,,,,,,
BRE_00163,BREAK,1.0,1,,,,,,
BRE_00164,BREAK,1.0,1,,,,,,
BRE_00165,BREAK,1.0,1,,,,,,
BRE_00166,BREAK,1.0,1,,,,,,
BRE_00167,BREAK,1.0,1,,,,,,
BRE_00168,BREAK,1.0,0,,,,,,
BRE_00169,BREAK,1.0,0,,,,,,
BRE_00170,BREAK,1.0,1,,,,,,
BRE_00171,BREAK,0.0,0,,,,,,
BRE_00172,BREAK,1.0,0,,,,,,
BRE_00173,BREAK,1.0,1,,,,,,
BRE_00174,BREAK,1.0,1,,,,,,
BRE_00175,BREAK,1.0,0,,,,,,
BRE_00176,BREAK,1.0,1,,,,,,
BRE_00177,BREAK,1.0,1,,,,,,
BRE_00178,BREAK,1.0,0,,,,,,
BRE_00179,BREAK,1.0,1,,,,,,
BRE_00180,BREAK,1.0,1,,,,,,
BRE_00181,BREAK,1.0,1,,,,,,
BRE_00182,BREAK,1.0,0,,,,,,
BRE_00183,BREAK,1.0,1,,,,,,
BRE_00184,BREAK,1.0,1,,,,,,
BRE_00185,BREAK,0.0,0,,,,,,
BRE_00186,BREAK,1.0,1,,,,,,
BRE_00187,BREAK,1.0,1,,,,,,
BRE_00188,BREAK,0.0,1,,,,,,
BRE_00189,BREAK,0.0,0,,,,,,
BRE_00190,BREAK,0.0,1,,,,,,
BRE_00191,BREAK,1.0,0,,,,,,
BRE_00192,BREAK,0.0,1,,,,,,
BRE_00193,BREAK,0.0,0,,,,,,
BRE_00194,BREAK,1.0,1,,,,,,
BRE_00195,BREAK,1.0,1,,,,,,
BRE_00196,BREAK,0.0,1,,,,,,
BRE_00197,BREAK,1.0,1,,,,,,
BRE_00198,BREAK,0.0,1,,,,,,
BRE_00199,BREAK,1.0,1,,,,,,
BRE_00200,BREAK,1.0,1,,,,,,
BRE_00201,BREAK,0.0,0,,,,,,
BRE_00202,BREAK,0.0,1,,,,,,
BRE_00203,BREAK,1.0,1,,,,,,
BRE_00204,BREAK,1.0,1,,,,,,
BRE_00205,BREAK,0.0,0,,,,,,
BRE_00206,BREAK,1.0,1,,,,,,
BRE_00207,BREAK,1.0,1,,,,,,
BRE_00208,BREAK,1.0,0,,,,,,
BRE_00209,BREAK,1.0,1,,,,,,
BRE_00210,BREAK,1.0,0,,,,,,
BRE_00211,BREAK,1.0,1,,,,,,
BRE_00212,BREAK,0.0,1,,,,,,
BRE_00213,BREAK,0.0,1,,,,,,
BRE_00214,BREAK,1.0,1,,,,,,
BRE_00215,BREAK,0.0,1,,,,,,
BRE_00216,BREAK,0.0,0,,,,,,
BRE_00217,BREAK,1.0,1,,,,,,
BRE_00218,BREAK,1.0,1,,,,,,
BRE_00219,BREAK,1.0,0,,,,,,
BRE_00220,BREAK,0.0,1,,,,,,
BRE_00221,BREAK,1.0,0,,,,,,
BRE_00222,BREAK,1.0,1,,,,,,
BRE_00223,BREAK,0.0,0,,,,,,
BRE_00224,BREAK,0.0,1,,,,,,
BRE_00225,BREAK,0.0,0,,,,,,
BRE_00226,BREAK,1.0,0,,,,,,
BRE_00227,BREAK,1.0,1,,,,,,
BRE_00228,BREAK,1.0,1,,,,,,
BRE_00229,BREAK,1.0,1,,,,,,
BRE_00230,BREAK,1.0,0,,,,,,
BRE_00231,BREAK,0.0,0,,,,,,
BRE_00232,BREAK,1.0,1,,,,,,
BRE_00233,BREAK,1.0,1,,,,,,
BRE_00234,BREAK,1.0,1,,,,,,
BRE_00235,BREAK,1.0,1,,,,,,
BRE_00236,BREAK,1.0,0,,,,,,
BRE_00237,BREAK,0.0,1,,,,,,
BRE_00238,BREAK,1.0,0,,,,,,
BRE_00239,BREAK,1.0,1,,,,,,
BRE_00240,BREAK,1.0,0,,,,,,
BRE_00241,BREAK,1.0,1,,,,,,
BRE_00242,BREAK,1.0,1,,,,,,
BRE_00243,BREAK,1.0,0,,,,,,
BRE_00244,BREAK,1.0,1,,,,,,
BRE_00245,BREAK,0.0,1,,,,,,
BRE_00246,BREAK,1.0,0,,,,,,
BRE_00247,BREAK,1.0,1,,,,,,
BRE_00248,BREAK,0.0,0,,,,,,
BRE_00249,BREAK,0.0,1,,,,,,
BRE_00250,BREAK,1.0,0,,,,,,
BRE_00251,BREAK,1.0,1,,,,,,
BRE_00252,BREAK,1.0,1,,,,,,
BRE_00253,BREAK,1.0,1,,,,,,
BRE_00254,BREAK,0.0,0,,,,,,
BRE_00255,BREAK,1.0,1,,,,,,
BRE_00256,BREAK,0.0,1,,,,,,
BRE_00257,BREAK,1.0,1,,,,,,
BRE_00258,BREAK,1.0,1,,,,,,
BRE_00259,BREAK,0.0,0,,,,,,
BRE_00260,BREAK,0.0,0,,,,,,
BRE_00261,BREAK,1.0,0,,,,,,
BRE_00262,BREAK,1.0,0,,,,,,
BRE_00263,BREAK,1.0,1,,,,,,
BRE_00264,BREAK,0.0,1,,,,,,
BRE_00265,BREAK,1.0,1,,,,,,
BRE_00266,BREAK,1.0,0,,,,,,
BRE_00267,BREAK,1.0,1,,,,,,
BRE_00268,BREAK,1.0,1,,,,,,
BRE_00269,BREAK,1.0,1,,,,,,
BRE_00270,BREAK,1.0,1,,,,,,
BRE_00271,BREAK,1.0,0,,,,,,
BRE_00272,BREAK,0.0,0,,,,,,
BRE_00273,BREAK,0.0,1,,,,,,
BRE_00274,BREAK,1.0,1,,,,,,
BRE_00275,BREAK,1.0,1,,,,,,
BRE_00276,BREAK,1.0,1,,,,,,
BRE_00277,BREAK,0.0,1,,,,,,
BRE_00278,BREAK,0.0,0,,,,,,
BRE_00279,BREAK,1.0,1,,,,,,
BRE_00280,BREAK,1.0,0,,,,,,
BRE_00281,BREAK,0.0,1,,,,,,
BRE_00282,BREAK,1.0,0,,,,,,
BRE_00283,BREAK,0.0,0,,,,,,
BRE_00284,BREAK,0.0,0,,,,,,
BRE_00285,BREAK,1.0,1,,,,,,
BRE_00286,BREAK,0.0,1,,,,,,
BRE_00287,BREAK,0.0,1,,,,,,
BRE_00288,BREAK,1.0,1,,,,,,
BRE_00289,BREAK,1.0,0,,,,,,
BRE_00290,BREAK,0.0,1,,,,,,
BRE_00291,BREAK,0.0,0,,,,,,
BRE_00292,BREAK,1.0,1,,,,,,
BRE_00293,BREAK,1.0,0,,,,,,
BRE_00294,BREAK,1.0,0,,,,,,
BRE_00295,BREAK,0.0,1,,,,,,
BRE_00296,BREAK,1.0,1,,,,,,
BRE_00297,BREAK,1.0,0,,,,,,
BRE_00298,BREAK,1.0,1,,,,,,
BRE_00299,BREAK,1.0,1,,,,,,
BRE_00300,BREAK,1.0,1,,,,,,
BRE_00301,BREAK,0.0,1,,,,,,
BRE_00302,BREAK,0.0,1,,,,,,
BRE_00303,BREAK,1.0,1,,,,,,
BRE_00304,BREAK,1.0,1,,,,,,
BRE_00305,BREAK,1.0,0,,,,,,
BRE_00306,BREAK,0.0,1,,,,,,
BRE_00307,BREAK,1.0,0,,,,,,
BRE_00308,BREAK,1.0,0,,,,,,
BRE_00309,BREAK,1.0,1,,,,,,
BRE_00310,BREAK,0.0,0,,,,,,
BRE_00311,BREAK,0.0,1,,,,,,
BRE_00312,BREAK,1.0,1,,,,,,
BRE_00313,BREAK,0.0,1,,,,,,
BRE_00314,BREAK,0.0,1,,,,,,
BRE_00315,BREAK,0.0,1,,,,,,
BRE_00316,BREAK,1.0,0,,,,,,
BRE_00317,BREAK,1.0,1,,,,,,
BRE_00318,BREAK,1.0,1,,,,,,
BRE_00319,BREAK,1.0,1,,,,,,
BRE_00320,BREAK,1.0,0,,,,,,
BRE_00321,BREAK,1.0,0,,,,,,
BRE_00322,BREAK,1.0,1,,,,,,
BRE_00323,BREAK,1.0,1,,,,,,
BRE_00324,BREAK,1.0,1,,,,,,
BRE_00325,BREAK,0.0,0,,,,,,
BRE_00326,BREAK,1.0,1,,,,,,
BRE_00327,BREAK,1.0,1,,,,,,
BRE_00328,BREAK,1.0,1,,,,,,
BRE_00329,BREAK,0.0,0,,,,,,
BRE_00330,BREAK,1.0,1,,,,,,
BRE_00331,BREAK,1.0,1,,,,,,
BRE_00332,BREAK,1.0,0,,,,,,
BRE_00333,BREAK,1.0,1,,,,,,
BRE_00334,BREAK,1.0,1,,,,,,
BRE_00335,BREAK,1.0,0,,,,,,
BRE_00336,BREAK,1.0,1,,,,,,
BRE_00337,BREAK,1.0,0,,,,,,
BRE_00338,BREAK,1.0,0,,,,,,
BRE_00339,BREAK,1.0,1,,,,,,
BRE_00340,BREAK,1.0,1,,,,,,
BRE_00341,BREAK,1.0,1,,,,,,
BRE_00342,BREAK,0.0,1,,,,,,
BRE_00343,BREAK,1.0,1,,,,,,
BRE_00344,BREAK,1.0,1,,,,,,
BRE_00345,BREAK,0.0,0,,,,,,
BRE_00346,BREAK,1.0,1,,,,,,
BRE_00347,BREAK,0.0,0,,,,,,
BRE_00348,BREAK,1.0,0,,,,,,
BRE_00349,BREAK,0.0,0,,,,,,
BRE_00350,BREAK,1.0,1,,,,,,
BRE_00351,BREAK,1.0,1,,,,,,
BRE_00352,BREAK,0.0,0,,,,,,
BRE_00353,BREAK,1.0,1,,,,,,
BRE_00354,BREAK,1.0,0,,,,,,
BRE_00355,BREAK,1.0,0,,,,,,
BRE_00356,BREAK,0.0,0,,,,,,
BRE_00357,BREAK,1.0,1,,,,,,
BRE_00358,BREAK,0.0,0,,,,,,
BRE_00359,BREAK,0.0,0,,,,,,
BRE_00360,BREAK,1.0,1,,,,,,
BRE_00361,BREAK,0.0,1,,,,,,
BRE_00362,BREAK,0.0,0,,,,,,
BRE_00363,BREAK,1.0,0,,,,,,
BRE_00364,BREAK,0.0,0,,,,,,
BRE_00365,BREAK,1.0,1,,,,,,
BRE_00366,BREAK,1.0,1,,,,,,
BRE_00367,BREAK,1.0,1,,,,,,
BRE_00368,BREAK,0.0,0,,,,,,
BRE_00369,BREAK,1.0,1,,,,,,
BRE_00370,BREAK,1.0,0,,,,,,
BRE_00371,BREAK,0.0,1,,,,,,
BRE_00372,BREAK,1.0,1,,,,,,
BRE_00373,BREAK,0.0,1,,,,,,
BRE_00374,BREAK,0.0,0,,,,,,
BRE_00375,BREAK,1.0,1,,,,,,
BRE_00376,BREAK,1.0,1,,,,,,
BRE_00377,BREAK,1.0,1,,,,,,
BRE_00378,BREAK,1.0,0,,,,,,
BRE_00379,BREAK,1.0,0,,,,,,
BRE_00380,BREAK,0.0,0,,,,,,
BRE_00381,BREAK,1.0,0,,,,,,
BRE_00382,BREAK,0.0,0,,,,,,
BRE_00383,BREAK,0.0,1,,,,,,
BRE_00384,BREAK,1.0,1,,,,,,
BRE_00385,BREAK,1.0,1,,,,,,
BRE_00386,BREAK,1.0,1,,,,,,
BRE_00387,BREAK,1.0,1,,,,,,
BRE_00388,BREAK,0.0,0,,,,,,
BRE_00389,BREAK,1.0,1,,,,,,
BRE_00390,BREAK,1.0,1,,,,,,
BRE_00391,BREAK,1.0,1,,,,,,
BRE_00392,BREAK,1.0,1,,,,,,
BRE_00393,BREAK,1.0,1,,,,,,
BRE_00394,BREAK,1.0,1,,,,,,
BRE_00395,BREAK,1.0,0,,,,,,
BRE_00396,BREAK,1.0,0,,,,,,
BRE_00397,BREAK,0.0,1,,,,,,
BRE_00398,BREAK,0.0,0,,,,,,
BRE_00399,BREAK,1.0,1,,,,,,
BRE_00400,BREAK,1.0,1,,,,,,
BRE_00401,BREAK,0.0,0,,,,,,
BRE_00402,BREAK,1.0,1,,,,,,
BRE_00403,BREAK,1.0,1,,,,,,
BRE_00404,BREAK,0.0,1,,,,,,
BRE_00405,BREAK,0.0,0,,,,,,
BRE_00406,BREAK,1.0,0,,,,,,
BRE_00407,BREAK,0.0,1,,,,,,
BRE_00408,BREAK,1.0,1,,,,,,
BRE_00409,BREAK,1.0,1,,,,,,
BRE_00410,BREAK,0.0,1,,,,,,
BRE_00411,BREAK,1.0,1,,,,,,
BRE_00412,BREAK,1.0,1,,,,,,
BRE_00413,BREAK,1.0,1,,,,,,
BRE_00414,BREAK,0.0,0,,,,,,
BRE_00415,BREAK,1.0,1,,,,,,
BRE_00416,BREAK,1.0,1,,,,,,
BRE_00417,BREAK,1.0,0,,,,,,
BRE_00418,BREAK,1.0,1,,,,,,
BRE_00419,BREAK,1.0,1,,,,,,
BRE_00420,BREAK,1.0,1,,,,,,
BRE_00421,BREAK,1.0,1,,,,,,
BRE_00422,BREAK,1.0,0,,,,,,
BRE_00423,BREAK,1.0,1,,,,,,
BRE_00424,BREAK,1.0,0,,,,,,
BRE_00425,BREAK,0.0,0,,,,,,
BRE_00426,BREAK,1.0,0,,,,,,
BRE_00427,BREAK,0.0,0,,,,,,
BRE_00428,BREAK,0.0,1,,,,,,
BRE_00429,BREAK,1.0,0,,,,,,
BRE_00430,BREAK,1.0,0,,,,,,
BRE_00431,BREAK,1.0,0,,,,,,
BRE_00432,BREAK,1.0,1,,,,,,
BRE_00433,BREAK,0.0,0,,,,,,
BRE_00434,BREAK,0.0,1,,,,,,
BRE_00435,BREAK,1.0,1,,,,,,
BRE_00436,BREAK,1.0,1,,,,,,
BRE_00437,BREAK,1.0,1,,,,,,
BRE_00438,BREAK,0.0,0,,,,,,
BRE_00439,BREAK,1.0,1,,,,,,
BRE_00440,BREAK,0.0,1,,,,,,
BRE_00441,BREAK,1.0,0,,,,,,
BRE_00442,BREAK,1.0,1,,,,,,
BRE_00443,BREAK,1.0,1,,,,,,
BRE_00444,BREAK,1.0,1,,,,,,
BRE_00445,BREAK,1.0,0,,,,,,
BRE_00446,BREAK,1.0,1,,,,,,
BRE_00447,BREAK,1.0,1,,,,,,
BRE_00448,BREAK,0.0,1,,,,,,
BRE_00449,BREAK,0.0,1,,,,,,
BRE_00450,BREAK,1.0,0,,,,,,
BRE_00451,BREAK,0.0,1,,,,,,
BRE_00452,BREAK,1.0,1,,,,,,
BRE_00453,BREAK,1.0,1,,,,,,
BRE_00454,BREAK,1.0,1,,,,,,
BRE_00455,BREAK,1.0,0,,,,,,
BRE_00456,BREAK,1.0,1,,,,,,
BRE_00457,BREAK,0.0,1,,,,,,
BRE_00458,BREAK,1.0,1,,,,,,
BRE_00459,BREAK,1.0,0,,,,,,
BRE_00460,BREAK,0.0,1,,,,,,
BRE_00461,BREAK,1.0,0,,,,,,
BRE_00462,BREAK,1.0,1,,,,,,
BRE_00463,BREAK,1.0,1,,,,,,
BRE_00464,BREAK,1.0,0,,,,,,
BRE_00465,BREAK,0.0,1,,,,,,
BRE_00466,BREAK,1.0,1,,,,,,
BRE_00467,BREAK,0.0,0,,,,,,
BRE_00468,BREAK,1.0,1,,,,,,
BRE_00469,BREAK,0.0,1,,,,,,
BRE_00470,BREAK,0.0,0,,,,,,
BRE_00471,BREAK,1.0,1,,,,,,
BRE_00472,BREAK,1.0,1,,,,,,
BRE_00473,BREAK,0.0,1,,,,,,
BRE_00474,BREAK,1.0,1,,,,,,
BRE_00475,BREAK,1.0,1,,,,,,
BRE_00476,BREAK,0.0,1,,,,,,
BRE_00477,BREAK,1.0,0,,,,,,
BRE_00478,BREAK,0.0,0,,,,,,
BRE_00479,BREAK,1.0,0,,,,,,
BRE_00480,BREAK,1.0,1,,,,,,
BRE_00481,BREAK,1.0,1,,,,,,
BRE_00482,BREAK,1.0,0,,,,,,
BRE_00483,BREAK,0.0,0,,,,,,
BRE_00484,BREAK,1.0,1,,,,,,
BRE_00485,BREAK,1.0,0,,,,,,
BRE_00486,BREAK,1.0,1,,,,,,
BRE_00487,BREAK,0.0,0,,,,,,
BRE_00488,BREAK,1.0,0,,,,,,
BRE_00489,BREAK,1.0,1,,,,,,
BRE_00490,BREAK,1.0,1,,,,,,
BRE_00491,BREAK,1.0,0,,,,,,
BRE_00492,BREAK,0.0,1,,,,,,
BRE_00493,BREAK,1.0,0,,,,,,
BRE_00494,BREAK,1.0,0,,,,,,
BRE_00495,BREAK,1.0,1,,,,,,
BRE_00496,BREAK,1.0,1,,,,,,
BRE_00497,BREAK,1.0,1,,,,,,
BRE_00498,BREAK,1.0,0,,,,,,
BRE_00499,BREAK,1.0,1,,,,,,
BRE_00500,BREAK,1.0,1,,,,,,
BRE_00501,BREAK,1.0,1,,,,,,
BRE_00502,BREAK,1.0,1,,,,,,
BRE_00503,BREAK,0.0,0,,,,,,
BRE_00504,BREAK,1.0,0,,,,,,
BRE_00505,BREAK,1.0,1,,,,,,
BRE_00506,BREAK,1.0,1,,,,,,
BRE_00507,BREAK,1.0,1,,,,,,
BRE_00508,BREAK,1.0,1,,,,,,
BRE_00509,BREAK,1.0,1,,,,,,
BRE_00510,BREAK,0.0,0,,,,,,
BRE_00511,BREAK,0.0,0,,,,,,
BRE_00512,BREAK,1.0,1,,,,,,
BRE_00513,BREAK,0.0,1,,,,,,
BRE_00514,BREAK,1.0,1,,,,,,
BRE_00515,BREAK,1.0,1,,,,,,
BRE_00516,BREAK,1.0,1,,,,,,
BRE_00517,BREAK,1.0,1,,,,,,
BRE_00518,BREAK,1.0,0,,,,,,
BRE_00519,BREAK,1.0,1,,,,,,
BRE_00520,BREAK,0.0,0,,,,,,
BRE_00521,BREAK,1.0,1,,,,,,
BRE_00522,BREAK,1.0,1,,,,,,
BRE_00523,BREAK,1.0,1,,,,,,
BRE_00524,BREAK,1.0,1,,,,,,
BRE_00525,BREAK,0.0,1,,,,,,
BRE_00526,BREAK,0.0,0,,,,,,
BRE_00527,BREAK,1.0,1,,,,,,
BRE_00528,BREAK,1.0,0,,,,,,
BRE_00529,BREAK,1.0,1,,,,,,
BRE_00530,BREAK,1.0,0,,,,,,
BRE_00531,BREAK,1.0,1,,,,,,
BRE_00532,BREAK,0.0,0,,,,,,
BRE_00533,BREAK,0.0,0,,,,,,
BRE_00534,BREAK,1.0,1,,,,,,
BRE_00535,BREAK,1.0,1,,,,,,
BRE_00536,BREAK,1.0,1,,,,,,
BRE_00537,BREAK,1.0,1,,,,,,
BRE_00538,BREAK,1.0,1,,,,,,
BRE_00539,BREAK,1.0,1,,,,,,
BRE_00540,BREAK,1.0,1,,,,,,
BRE_00541,BREAK,1.0,1,,,,,,
BRE_00542,BREAK,0.0,1,,,,,,
BRE_00543,BREAK,1.0,1,,,,,,
BRE_00544,BREAK,1.0,0,,,,,,
BRE_00545,BREAK,1.0,1,,,,,,
BRE_00546,BREAK,0.0,1,,,,,,
BRE_00547,BREAK,0.0,0,,,,,,
BRE_00548,BREAK,0.0,1,,,,,,
BRE_00549,BREAK,1.0,1,,,,,,
BRE_00550,BREAK,1.0,1,,,,,,
BRE_00551,BREAK,0.0,1,,,,,,
BRE_00552,BREAK,1.0,1,,,,,,
BRE_00553,BREAK,1.0,1,,,,,,
BRE_00554,BREAK,0.0,1,,,,,,
BRE_00555,BREAK,0.0,0,,,,,,
BRE_00556,BREAK,1.0,1,,,,,,
BRE_00557,BREAK,1.0,0,,,,,,
BRE_00558,BREAK,1.0,1,,,,,,
BRE_00559,BREAK,1.0,0,,,,,,
BRE_00560,BREAK,0.0,0,,,,,,
BRE_00561,BREAK,1.0,0,,,,,,
BRE_00562,BREAK,1.0,1,,,,,,
BRE_00563,BREAK,1.0,1,,,,,,
BRE_00564,BREAK,1.0,0,,,,,,
BRE_00565,BREAK,0.0,1,,,,,,
BRE_00566,BREAK,0.0,0,,,,,,
BRE_00567,BREAK,0.0,0,,,,,,
BRE_00568,BREAK,1.0,1,,,,,,
BRE_00569,BREAK,1.0,0,,,,,,
BRE_00570,BREAK,1.0,1,,,,,,
BRE_00571,BREAK,1.0,0,,,,,,
BRE_00572,BREAK,1.0,1,,,,,,
BRE_00573,BREAK,0.0,0,,,,,,
BRE_00574,BREAK,1.0,0,,,,,,
BRE_00575,BREAK,1.0,1,,,,,,
BRE_00576,BREAK,1.0,0,,,,,,
BRE_00577,BREAK,0.0,0,,,,,,
BRE_00578,BREAK,1.0,1,,,,,,
BRE_00579,BREAK,1.0,1,,,,,,
BRE_00580,BREAK,1.0,0,,,,,,
BRE_00581,BREAK,1.0,1,,,,,,
BRE_00582,BREAK,1.0,1,,,,,,
BRE_00583,BREAK,1.0,1,,,,,,
BRE_00584,BREAK,1.0,0,,,,,,
BRE_00585,BREAK,1.0,0,,,,,,
BRE_00586,BREAK,1.0,0,,,,,,
BRE_00587,BREAK,1.0,0,,,,,,
BRE_00588,BREAK,1.0,1,,,,,,
BRE_00589,BREAK,0.0,1,,,,,,
BRE_00590,BREAK,1.0,1,,,,,,
BRE_00591,BREAK,1.0,1,,,,,,
BRE_00592,BREAK,1.0,0,,,,,,
BRE_00593,BREAK,1.0,1,,,,,,
BRE_00594,BREAK,0.0,1,,,,,,
BRE_00595,BREAK,1.0,0,,,,,,
BRE_00596,BREAK,1.0,1,,,,,,
BRE_00597,BREAK,1.0,1,,,,,,
BRE_00598,BREAK,1.0,1,,,,,,
BRE_00599,BREAK,1.0,1,,,,,,
BRE_00600,BREAK,1.0,1,,,,,,
BRE_00601,BREAK,0.0,0,,,,,,
BRE_00602,BREAK,1.0,1,,,,,,
BRE_00603,BREAK,1.0,1,,,,,,
BRE_00604,BREAK,1.0,1,,,,,,
BRE_00605,BREAK,0.0,1,,,,,,
BRE_00606,BREAK,1.0,1,,,,,,
BRE_00607,BREAK,1.0,1,,,,,,
BRE_00608,BREAK,1.0,1,,,,,,
BRE_00609,BREAK,1.0,1,,,,,,
BRE_00610,BREAK,1.0,1,,,,,,
BRE_00611,BREAK,0.0,1,,,,,,
BRE_00612,BREAK,0.0,0,,,,,,
BRE_00613,BREAK,1.0,1,,,,,,
BRE_00614,BREAK,1.0,1,,,,,,
BRE_00615,BREAK,1.0,1,,,,,,
BRE_00616,BREAK,1.0,0,,,,,,
BRE_00617,BREAK,0.0,1,,,,,,
BRE_00618,BREAK,1.0,0,,,,,,
BRE_00619,BREAK,1.0,1,,,,,,
BRE_00620,BREAK,1.0,1,,,,,,
BRE_00621,BREAK,0.0,0,,,,,,
BRE_00622,BREAK,1.0,0,,,,,,
BRE_00623,BREAK,1.0,1,,,,,,
BRE_00624,BREAK,1.0,1,,,,,,
BRE_00625,BREAK,1.0,1,,,,,,
BRE_00626,BREAK,1.0,1,,,,,,
BRE_00627,BREAK,1.0,0,,,,,,
BRE_00628,BREAK,1.0,1,,,,,,
BRE_00629,BREAK,1.0,0,,,,,,
BRE_00630,BREAK,1.0,1,,,,,,
BRE_00631,BREAK,1.0,1,,,,,,
BRE_00632,BREAK,1.0,1,,,,,,
BRE_00633,BREAK,1.0,0,,,,,,
BRE_00634,BREAK,0.0,1,,,,,,
BRE_00635,BREAK,0.0,0,,,,,,
BRE_00636,BREAK,0.0,0,,,,,,
BRE_00637,BREAK,0.0,0,,,,,,
BRE_00638,BREAK,1.0,1,,,,,,
BRE_00639,BREAK,1.0,1,,,,,,
BRE_00640,BREAK,1.0,1,,,,,,
BRE_00641,BREAK,1.0,0,,,,,,
BRE_00642,BREAK,0.0,1,,,,,,
BRE_00643,BREAK,1.0,0,,,,,,
BRE_00644,BREAK,0.0,0,,,,,,
BRE_00645,BREAK,1.0,0,,,,,,
BRE_00646,BREAK,1.0,1,,,,,,
BRE_00647,BREAK,1.0,1,,,,,,
BRE_00648,BREAK,0.0,1,,,,,,
BRE_00649,BREAK,1.0,0,,,,,,
BRE_00650,BREAK,1.0,1,,,,,,
BRE_00651,BREAK,1.0,1,,,,,,
BRE_00652,BREAK,1.0,0,,,,,,
BRE_00653,BREAK,0.0,0,,,,,,
BRE_00654,BREAK,1.0,0,,,,,,
BRE_00655,BREAK,1.0,1,,,,,,
BRE_00656,BREAK,1.0,1,,,,,,
BRE_00657,BREAK,0.0,1,,,,,,
BRE_00658,BREAK,1.0,1,,,,,,
BRE_00659,BREAK,0.0,1,,,,,,
BRE_00660,BREAK,0.0,1,,,,,,
BRE_00661,BREAK,0.0,0,,,,,,
BRE_00662,BREAK,1.0,1,,,,,,
BRE_00663,BREAK,1.0,1,,,,,,
BRE_00664,BREAK,1.0,1,,,,,,
BRE_00665,BREAK,0.0,1,,,,,,
BRE_00666,BREAK,1.0,1,,,,,,
BRE_00667,BREAK,1.0,1,,,,,,
BRE_00668,BREAK,1.0,1,,,,,,
BRE_00669,BREAK,1.0,0,,,,,,
BRE_00670,BREAK,0.0,1,,,,,,
BRE_00671,BREAK,1.0,1,,,,,,
BRE_00672,BREAK,1.0,1,,,,,,
BRE_00673,BREAK,1.0,1,,,,,,
BRE_00674,BREAK,0.0,0,,,,,,
BRE_00675,BREAK,0.0,1,,,,,,
BRE_00676,BREAK,1.0,1,,,,,,
BRE_00677,BREAK,1.0,1,,,,,,
BRE_00678,BREAK,0.0,1,,,,,,
BRE_00679,BREAK,1.0,1,,,,,,
BRE_00680,BREAK,1.0,0,,,,,,
BRE_00681,BREAK,1.0,0,,,,,,
BRE_00682,BREAK,1.0,1,,,,,,
BRE_00683,BREAK,1.0,0,,,,,,
BRE_00684,BREAK,1.0,1,,,,,,
BRE_00685,BREAK,0.0,1,,,,,,
BRE_00686,BREAK,1.0,1,,,,,,
BRE_00687,BREAK,0.0,1,,,,,,
BRE_00688,BREAK,1.0,1,,,,,,
BRE_00689,BREAK,0.0,1,,,,,,
BRE_00690,BREAK,1.0,1,,,,,,
BRE_00691,BREAK,1.0,1,,,,,,
BRE_00692,BREAK,0.0,0,,,,,,
BRE_00693,BREAK,1.0,0,,,,,,
BRE_00694,BREAK,0.0,1,,,,,,
BRE_00695,BREAK,0.0,1,,,,,,
BRE_00696,BREAK,1.0,0,,,,,,
BRE_00697,BREAK,1.0,0,,,,,,
BRE_00698,BREAK,0.0,1,,,,,,
BRE_00699,BREAK,1.0,0,,,,,,
BRE_00700,BREAK,1.0,1,,,,,,
BRE_00701,BREAK,1.0,0,,,,,,
BRE_00702,BREAK,0.0,0,,,,,,
BRE_00703,BREAK,1.0,1,,,,,,
BRE_00704,BREAK,1.0,1,,,,,,
BRE_00705,BREAK,1.0,1,,,,,,
BRE_00706,BREAK,0.0,1,,,,,,
BRE_00707,BREAK,1.0,0,,,,,,
BRE_00708,BREAK,1.0,1,,,,,,
BRE_00709,BREAK,1.0,1,,,,,,
BRE_00710,BREAK,0.0,1,,,,,,
BRE_00711,BREAK,1.0,1,,,,,,
BRE_00712,BREAK,0.0,1,,,,,,
BRE_00713,BREAK,1.0,1,,,,,,
BRE_00714,BREAK,1.0,1,,,,,,
BRE_00715,BREAK,1.0,0,,,,,,
BRE_00716,BREAK,0.0,1,,,,,,
BRE_00717,BREAK,1.0,0,,,,,,
BRE_00718,BREAK,1.0,1,,,,,,
BRE_00719,BREAK,1.0,1,,,,,,
BRE_00720,BREAK,1.0,1,,,,,,
BRE_00721,BREAK,0.0,0,,,,,,
BRE_00722,BREAK,1.0,1,,,,,,
BRE_00723,BREAK,1.0,1,,,,,,
BRE_00724,BREAK,1.0,1,,,,,,
BRE_00725,BREAK,1.0,0,,,,,,
BRE_00726,BREAK,1.0,1,,,,,,
BRE_00727,BREAK,1.0,1,,,,,,
BRE_00728,BREAK,1.0,1,,,,,,
BRE_00729,BREAK,1.0,1,,,,,,
BRE_00730,BREAK,1.0,1,,,,,,
BRE_00731,BREAK,1.0,1,,,,,,
BRE_00732,BREAK,1.0,0,,,,,,
BRE_00733,BREAK,0.0,0,,,,,,
BRE_00734,BREAK,1.0,0,,,,,,
BRE_00735,BREAK,1.0,1,,,,,,
BRE_00736,BREAK,1.0,1,,,,,,
BRE_00737,BREAK,0.0,0,,,,,,
BRE_00738,BREAK,1.0,0,,,,,,
BRE_00739,BREAK,0.0,0,,,,,,
BRE_00740,BREAK,0.0,1,,,,,,
BRE_00741,BREAK,1.0,1,,,,,,
BRE_00742,BREAK,1.0,1,,,,,,
BRE_00743,BREAK,0.0,1,,,,,,
BRE_00744,BREAK,1.0,1,,,,,,
BRE_00745,BREAK,1.0,1,,,,,,
BRE_00746,BREAK,0.0,1,,,,,,
BRE_00747,BREAK,1.0,0,,,,,,
BRE_00748,BREAK,1.0,1,,,,,,
BRE_00749,BREAK,0.0,0,,,,,,
BRE_00750,BREAK,1.0,1,,,,,,
BRE_00751,BREAK,0.0,1,,,,,,
BRE_00752,BREAK,0.0,1,,,,,,
BRE_00753,BREAK,1.0,1,,,,,,
BRE_00754,BREAK,1.0,1,,,,,,
BRE_00755,BREAK,1.0,1,,,,,,
BRE_00756,BREAK,1.0,0,,,,,,
BRE_00757,BREAK,0.0,1,,,,,,
BRE_00758,BREAK,1.0,1,,,,,,
BRE_00759,BREAK,1.0,1,,,,,,
BRE_00760,BREAK,1.0,1,,,,,,
BRE_00761,BREAK,0.0,0,,,,,,
BRE_00762,BREAK,1.0,1,,,,,,
BRE_00763,BREAK,0.0,1,,,,,,
BRE_00764,BREAK,1.0,1,,,,,,
BRE_00765,BREAK,0.0,0,,,,,,
BRE_00766,BREAK,1.0,1,,,,,,
BRE_00767,BREAK,0.0,0,,,,,,
BRE_00768,BREAK,1.0,1,,,,,,
BRE_00769,BREAK,0.0,1,,,,,,
BRE_00770,BREAK,1.0,1,,,,,,
BRE_00771,BREAK,1.0,0,,,,,,
BRE_00772,BREAK,0.0,1,,,,,,
BRE_00773,BREAK,1.0,0,,,,,,
BRE_00774,BREAK,1.0,0,,,,,,
BRE_00775,BREAK,1.0,1,,,,,,
BRE_00776,BREAK,1.0,0,,,,,,
BRE_00777,BREAK,0.0,1,,,,,,
BRE_00778,BREAK,0.0,0,,,,,,
BRE_00779,BREAK,1.0,1,,,,,,
BRE_00780,BREAK,0.0,1,,,,,,
BRE_00781,BREAK,1.0,1,,,,,,
BRE_00782,BREAK,1.0,0,,,,,,
BRE_00783,BREAK,0.0,1,,,,,,
BRE_00784,BREAK,1.0,1,,,,,,
BRE_00785,BREAK,1.0,0,,,,,,
BRE_00786,BREAK,1.0,1,,,,,,
BRE_00787,BREAK,1.0,1,,,,,,
BRE_00788,BREAK,0.0,0,,,,,,
BRE_00789,BREAK,1.0,1,,,,,,
BRE_00790,BREAK,1.0,1,,,,,,
BRE_00791,BREAK,1.0,1,,,,,,
BRE_00792,BREAK,1.0,1,,,,,,
BRE_00793,BREAK,0.0,0,,,,,,
BRE_00794,BREAK,0.0,1,,,,,,
BRE_00795,BREAK,0.0,1,,,,,,
BRE_00796,BREAK,1.0,1,,,,,,
BRE_00797,BREAK,1.0,0,,,,,,
BRE_00798,BREAK,1.0,0,,,,,,
BRE_00799,BREAK,1.0,1,,,,,,
BRE_00800,BREAK,1.0,0,,,,,,
BRE_00801,BREAK,0.0,1,,,,,,
BRE_00802,BREAK,1.0,0,,,,,,
BRE_00803,BREAK,0.0,1,,,,,,
BRE_00804,BREAK,0.0,1,,,,,,
BRE_00805,BREAK,0.0,1,,,,,,
BRE_00806,BREAK,1.0,1,,,,,,
BRE_00807,BREAK,1.0,1,,,,,,
BRE_00808,BREAK,1.0,1,,,,,,
BRE_00809,BREAK,1.0,0,,,,,,
BRE_00810,BREAK,0.0,0,,,,,,
BRE_00811,BREAK,1.0,1,,,,,,
BRE_00812,BREAK,0.0,0,,,,,,
BRE_00813,BREAK,0.0,1,,,,,,
BRE_00814,BREAK,1.0,1,,,,,,
BRE_00815,BREAK,1.0,1,,,,,,
BRE_00816,BREAK,0.0,0,,,,,,
BRE_00817,BREAK,1.0,1,,,,,,
BRE_00818,BREAK,1.0,1,,,,,,
BRE_00819,BREAK,1.0,1,,,,,,
BRE_00820,BREAK,1.0,1,,,,,,
BRE_00821,BREAK,1.0,1,,,,,,
BRE_00822,BREAK,0.0,1,,,,,,
BRE_00823,BREAK,1.0,1,,,,,,
BRE_00824,BREAK,0.0,0,,,,,,
BRE_00825,BREAK,1.0,0,,,,,,
BRE_00826,BREAK,0.0,1,,,,,,
BRE_00827,BREAK,0.0,0,,,,,,
BRE_00828,BREAK,1.0,1,,,,,,
BRE_00829,BREAK,1.0,1,,,,,,
BRE_00830,BREAK,0.0,1,,,,,,
BRE_00831,BREAK,1.0,0,,,,,,
BRE_00832,BREAK,1.0,1,,,,,,
BRE_00833,BREAK,1.0,0,,,,,,
BRE_00834,BREAK,1.0,1,,,,,,
BRE_00835,BREAK,1.0,1,,,,,,
BRE_00836,BREAK,1.0,0,,,,,,
BRE_00837,BREAK,1.0,1,,,,,,
BRE_00838,BREAK,0.0,1,,,,,,
BRE_00839,BREAK,0.0,1,,,,,,
BRE_00840,BREAK,0.0,1,,,,,,
BRE_00841,BREAK,1.0,1,,,,,,
BRE_00842,BREAK,0.0,1,,,,,,
BRE_00843,BREAK,1.0,1,,,,,,
BRE_00844,BREAK,1.0,1,,,,,,
BRE_00845,BREAK,1.0,1,,,,,,
BRE_00846,BREAK,1.0,1,,,,,,
BRE_00847,BREAK,0.0,1,,,,,,
BRE_00848,BREAK,1.0,0,,,,,,
BRE_00849,BREAK,1.0,0,,,,,,
BRE_00850,BREAK,1.0,1,,,,,,
BRE_00851,BREAK,0.0,0,,,,,,
BRE_00852,BREAK,1.0,1,,,,,,
BRE_00853,BREAK,1.0,1,,,,,,
BRE_00854,BREAK,1.0,1,,,,,,
BRE_00855,BREAK,1.0,0,,,,,,
BRE_00856,BREAK,1.0,1,,,,,,
BRE_00857,BREAK,1.0,1,,,,,,
BRE_00858,BREAK,1.0,1,,,,,,
BRE_00859,BREAK,1.0,0,,,,,,
BRE_00860,BREAK,1.0,0,,,,,,
BRE_00861,BREAK,0.0,0,,,,,,
BRE_00862,BREAK,1.0,0,,,,,,
BRE_00863,BREAK,1.0,1,,,,,,
BRE_00864,BREAK,1.0,1,,,,,,
BRE_00865,BREAK,0.0,0,,,,,,
BRE_00866,BREAK,1.0,1,,,,,,
BRE_00867,BREAK,1.0,0,,,,,,
BRE_00868,BREAK,1.0,1,,,,,,
BRE_00869,BREAK,1.0,1,,,,,,
BRE_00870,BREAK,1.0,1,,,,,,
BRE_00871,BREAK,1.0,1,,,,,,
BRE_00872,BREAK,0.0,0,,,,,,
BRE_00873,BREAK,1.0,1,,,,,,
BRE_00874,BREAK,1.0,1,,,,,,
BRE_00875,BREAK,1.0,0,,,,,,
BRE_00876,BREAK,1.0,1,,,,,,
BRE_00877,BREAK,1.0,1,,,,,,
BRE_00878,BREAK,1.0,1,,,,,,
BRE_00879,BREAK,1.0,1,,,,,,
BRE_00880,BREAK,1.0,0,,,,,,
BRE_00881,BREAK,1.0,1,,,,,,
BRE_00882,BREAK,1.0,1,,,,,,
BRE_00883,BREAK,1.0,1,,,,,,
BRE_00884,BREAK,1.0,1,,,,,,
BRE_00885,BREAK,1.0,0,,,,,,
BRE_00886,BREAK,1.0,1,,,,,,
BRE_00887,BREAK,0.0,1,,,,,,
BRE_00888,BREAK,0.0,1,,,,,,
BRE_00889,BREAK,0.0,1,,,,,,
BRE_00890,BREAK,1.0,1,,,,,,
BRE_00891,BREAK,1.0,1,,,,,,
BRE_00892,BREAK,0.0,1,,,,,,
BRE_00893,BREAK,1.0,1,,,,,,
BRE_00894,BREAK,1.0,1,,,,,,
BRE_00895,BREAK,1.0,1,,,,,,
BRE_00896,BREAK,1.0,1,,,,,,
BRE_00897,BREAK,1.0,1,,,,,,
BRE_00898,BREAK,1.0,1,,,,,,
BRE_00899,BREAK,1.0,1,,,,,,
BRE_00900,BREAK,0.0,0,,,,,,
BRE_00901,BREAK,1.0,0,,,,,,
BRE_00902,BREAK,1.0,1,,,,,,
BRE_00903,BREAK,0.0,0,,,,,,
BRE_00904,BREAK,0.0,0,,,,,,
BRE_00905,BREAK,1.0,1,,,,,,
BRE_00906,BREAK,0.0,1,,,,,,
BRE_00907,BREAK,1.0,0,,,,,,
BRE_00908,BREAK,0.0,0,,,,,,
BRE_00909,BREAK,1.0,1,,,,,,
BRE_00910,BREAK,1.0,1,,,,,,
BRE_00911,BREAK,0.0,0,,,,,,
BRE_00912,BREAK,0.0,1,,,,,,
BRE_00913,BREAK,0.0,1,,,,,,
BRE_00914,BREAK,0.0,0,,,,,,
BRE_00915,BREAK,1.0,1,,,,,,
BRE_00916,BREAK,0.0,0,,,,,,
BRE_00917,BREAK,0.0,0,,,,,,
BRE_00918,BREAK,1.0,1,,,,,,
BRE_00919,BREAK,1.0,0,,,,,,
BRE_00920,BREAK,1.0,1,,,,,,
BRE_00921,BREAK,1.0,0,,,,,,
BRE_00922,BREAK,0.0,1,,,,,,
BRE_00923,BREAK,1.0,1,,,,,,
BRE_00924,BREAK,1.0,1,,,,,,
BRE_00925,BREAK,1.0,1,,,,,,
BRE_00926,BREAK,0.0,0,,,,,,
BRE_00927,BREAK,1.0,1,,,,,,
BRE_00928,BREAK,1.0,1,,,,,,
BRE_00929,BREAK,1.0,1,,,,,,
BRE_00930,BREAK,1.0,1,,,,,,
BRE_00931,BREAK,0.0,1,,,,,,
BRE_00932,BREAK,1.0,0,,,,,,
BRE_00933,BREAK,0.0,0,,,,,,
BRE_00934,BREAK,1.0,1,,,,,,
BRE_00935,BREAK,1.0,1,,,,,,
BRE_00936,BREAK,1.0,1,,,,,,
BRE_00937,BREAK,1.0,1,,,,,,
BRE_00938,BREAK,0.0,0,,,,,,
BRE_00939,BREAK,0.0,1,,,,,,
BRE_00940,BREAK,0.0,1,,,,,,
BRE_00941,BREAK,1.0,1,,,,,,
BRE_00942,BREAK,1.0,1,,,,,,
BRE_00943,BREAK,1.0,1,,,,,,
BRE_00944,BREAK,0.0,0,,,,,,
BRE_00945,BREAK,1.0,1,,,,,,
BRE_00946,BREAK,1.0,1,,,,,,
BRE_00947,BREAK,1.0,0,,,,,,
BRE_00948,BREAK,1.0,1,,,,,,
BRE_00949,BREAK,1.0,1,,,,,,
BRE_00950,BREAK,1.0,1,,,,,,
BRE_00951,BREAK,1.0,1,,,,,,
BRE_00952,BREAK,1.0,1,,,,,,
BRE_00953,BREAK,1.0,1,,,,,,
BRE_00954,BREAK,0.0,1,,,,,,
BRE_00955,BREAK,1.0,1,,,,,,
BRE_00956,BREAK,1.0,0,,,,,,
BRE_00957,BREAK,1.0,0,,,,,,
BRE_00958,BREAK,1.0,1,,,,,,
BRE_00959,BREAK,1.0,0,,,,,,
BRE_00960,BREAK,1.0,0,,,,,,
BRE_00961,BREAK,1.0,1,,,,,,
BRE_00962,BREAK,0.0,1,,,,,,
BRE_00963,BREAK,1.0,0,,,,,,
BRE_00964,BREAK,0.0,1,,,,,,
BRE_00965,BREAK,1.0,1,,,,,,
BRE_00966,BREAK,1.0,1,,,,,,
BRE_00967,BREAK,0.0,0,,,,,,
BRE_00968,BREAK,1.0,0,,,,,,
BRE_00969,BREAK,1.0,1,,,,,,
BRE_00970,BREAK,1.0,1,,,,,,
BRE_00971,BREAK,1.0,0,,,,,,
BRE_00972,BREAK,0.0,0,,,,,,
BRE_00973,BREAK,0.0,1,,,,,,
BRE_00974,BREAK,0.0,0,,,,,,
BRE_00975,BREAK,0.0,1,,,,,,
BRE_00976,BREAK,1.0,1,,,,,,
BRE_00977,BREAK,1.0,1,,,,,,
BRE_00978,BREAK,1.0,0,,,,,,
BRE_00979,BREAK,1.0,1,,,,,,
BRE_00980,BREAK,1.0,1,,,,,,
BRE_00981,BREAK,1.0,1,,,,,,
BRE_00982,BREAK,1.0,1,,,,,,
BRE_00983,BREAK,1.0,1,,,,,,
BRE_00984,BREAK,1.0,1,,,,,,
BRE_00985,BREAK,1.0,1,,,,,,
BRE_00986,BREAK,0.0,0,,,,,,
BRE_00987,BREAK,0.0,1,,,,,,
BRE_00988,BREAK,1.0,0,,,,,,
BRE_00989,BREAK,0.0,1,,,,,,
BRE_00990,BREAK,1.0,1,,,,,,
BRE_00991,BREAK,1.0,1,,,,,,
BRE_00992,BREAK,1.0,0,,,,,,
BRE_00993,BREAK,0.0,1,,,,,,
BRE_00994,BREAK,1.0,0,,,,,,
BRE_00995,BREAK,0.0,0,,,,,,
BRE_00996,BREAK,0.0,0,,,,,,
BRE_00997,BREAK,0.0,0,,,,,,
BRE_00998,BREAK,1.0,0,,,,,,
BRE_00999,BREAK,1.0,1,,,,,,
BRE_01000,BREAK,1.0,1,,,,,,
BRE_01001,BREAK,1.0,1,,,,,,
BRE_01002,BREAK,1.0,0,,,,,,
BRE_01003,BREAK,1.0,1,,,,,,
BRE_01004,BREAK,0.0,1,,,,,,
BRE_01005,BREAK,1.0,1,,,,,,
BRE_01006,BREAK,1.0,1,,,,,,
BRE_01007,BREAK,1.0,0,,,,,,
BRE_01008,BREAK,1.0,1,,,,,,
BRE_01009,BREAK,1.0,0,,,,,,
BRE_01010,BREAK,1.0,0,,,,,,
BRE_01011,BREAK,0.0,1,,,,,,
BRE_01012,BREAK,1.0,0,,,,,,
BRE_01013,BREAK,1.0,1,,,,,,
BRE_01014,BREAK,1.0,1,,,,,,
BRE_01015,BREAK,1.0,1,,,,,,
BRE_01016,BREAK,1.0,0,,,,,,
BRE_01017,BREAK,0.0,1,,,,,,
BRE_01018,BREAK,0.0,1,,,,,,
BRE_01019,BREAK,0.0,1,,,,,,
BRE_01020,BREAK,0.0,1,,,,,,
BRE_01021,BREAK,0.0,0,,,,,,
BRE_01022,BREAK,1.0,1,,,,,,
BRE_01023,BREAK,1.0,1,,,,,,
BRE_01024,BREAK,1.0,1,,,,,,
BRE_01025,BREAK,0.0,0,,,,,,
BRE_01026,BREAK,1.0,1,,,,,,
BRE_01027,BREAK,1.0,0,,,,,,
BRE_01028,BREAK,1.0,1,,,,,,
BRE_01029,BREAK,0.0,1,,,,,,
BRE_01030,BREAK,1.0,1,,,,,,
BRE_01031,BREAK,0.0,0,,,,,,
BRE_01032,BREAK,1.0,1,,,,,,
BRE_01033,BREAK,1.0,1,,,,,,
BRE_01034,BREAK,1.0,0,,,,,,
BRE_01035,BREAK,0.0,0,,,,,,
BRE_01036,BREAK,1.0,1,,,,,,
BRE_01037,BREAK,1.0,1,,,,,,
BRE_01038,BREAK,1.0,1,,,,,,
BRE_01039,BREAK,0.0,0,,,,,,
BRE_01040,BREAK,1.0,1,,,,,,
BRE_01041,BREAK,0.0,0,,,,,,
BRE_01042,BREAK,1.0,0,,,,,,
BRE_01043,BREAK,1.0,1,,,,,,
BRE_01044,BREAK,0.0,1,,,,,,
BRE_01045,BREAK,0.0,0,,,,,,
BRE_01046,BREAK,1.0,0,,,,,,
BRE_01047,BREAK,0.0,0,,,,,,
BRE_01048,BREAK,0.0,0,,,,,,
BRE_01049,BREAK,1.0,0,,,,,,
BRE_01050,BREAK,1.0,1,,,,,,
BRE_01051,BREAK,0.0,1,,,,,,
BRE_01052,BREAK,1.0,1,,,,,,
BRE_01053,BREAK,1.0,1,,,,,,
BRE_01054,BREAK,1.0,0,,,,,,
BRE_01055,BREAK,1.0,0,,,,,,
BRE_01056,BREAK,1.0,0,,,,,,
BRE_01057,BREAK,1.0,1,,,,,,
BRE_01058,BREAK,1.0,1,,,,,,
BRE_01059,BREAK,0.0,0,,,,,,
BRE_01060,BREAK,1.0,1,,,,,,
BRE_01061,BREAK,0.0,1,,,,,,
BRE_01062,BREAK,1.0,1,,,,,,
BRE_01063,BREAK,1.0,1,,,,,,
BRE_01064,BREAK,1.0,0,,,,,,
BRE_01065,BREAK,0.0,1,,,,,,
BRE_01066,BREAK,0.0,0,,,,,,
BRE_01067,BREAK,1.0,1,,,,,,
BRE_01068,BREAK,0.0,1,,,,,,
BRE_01069,BREAK,1.0,1,,,,,,
BRE_01070,BREAK,0.0,1,,,,,,
BRE_01071,BREAK,0.0,1,,,,,,
BRE_01072,BREAK,1.0,1,,,,,,
BRE_01073,BREAK,1.0,0,,,,,,
BRE_01074,BREAK,1.0,1,,,,,,
BRE_01075,BREAK,1.0,1,,,,,,
BRE_01076,BREAK,1.0,1,,,,,,
BRE_01077,BREAK,1.0,1,,,,,,
BRE_01078,BREAK,1.0,0,,,,,,
BRE_01079,BREAK,1.0,0,,,,,,
BRE_01080,BREAK,1.0,1,,,,,,
BRE_01081,BREAK,1.0,1,,,,,,
BRE_01082,BREAK,1.0,0,,,,,,
BRE_01083,BREAK,1.0,1,,,,,,
BRE_01084,BREAK,1.0,1,,,,,,
BRE_01085,BREAK,0.0,1,,,,,,
BRE_01086,BREAK,1.0,1,,,,,,
BRE_01087,BREAK,1.0,1,,,,,,
BRE_01088,BREAK,1.0,1,,,,,,
BRE_01089,BREAK,1.0,1,,,,,,
BRE_01090,BREAK,1.0,1,,,,,,
BRE_01091,BREAK,0.0,0,,,,,,
BRE_01092,BREAK,1.0,1,,,,,,
BRE_01093,BREAK,0.0,1,,,,,,
BRE_01094,BREAK,1.0,1,,,,,,
BRE_01095,BREAK,1.0,1,,,,,,
BRE_01096,BREAK,0.0,1,,,,,,
BRE_01097,BREAK,1.0,0,,,,,,
BRE_01098,BREAK,1.0,1,,,,,,
BRE_01099,BREAK,1.0,1,,,,,,
BRE_01100,BREAK,0.0,1,,,,,,
BRE_01101,BREAK,1.0,1,,,,,,
BRE_01102,BREAK,1.0,1,,,,,,
BRE_01103,BREAK,1.0,1,,,,,,
BRE_01104,BREAK,1.0,1,,,,,,
BRE_01105,BREAK,1.0,0,,,,,,
BRE_01106,BREAK,1.0,1,,,,,,
BRE_01107,BREAK,0.0,1,,,,,,
BRE_01108,BREAK,1.0,1,,,,,,
BRE_01109,BREAK,1.0,0,,,,,,
BRE_01110,BREAK,1.0,0,,,,,,
BRE_01111,BREAK,0.0,1,,,,,,
BRE_01112,BREAK,1.0,1,,,,,,
BRE_01113,BREAK,0.0,1,,,,,,
BRE_01114,BREAK,0.0,0,,,,,,
BRE_01115,BREAK,1.0,1,,,,,,
BRE_01116,BREAK,1.0,1,,,,,,
BRE_01117,BREAK,0.0,0,,,,,,
BRE_01118,BREAK,0.0,1,,,,,,
BRE_01119,BREAK,1.0,1,,,,,,
BRE_01120,BREAK,1.0,1,,,,,,
BRE_01121,BREAK,1.0,1,,,,,,
BRE_01122,BREAK,0.0,1,,,,,,
BRE_01123,BREAK,0.0,1,,,,,,
BRE_01124,BREAK,1.0,1,,,,,,
BRE_01125,BREAK,1.0,0,,,,,,
BRE_01126,BREAK,1.0,1,,,,,,
BRE_01127,BREAK,1.0,0,,,,,,
BRE_01128,BREAK,1.0,0,,,,,,
BRE_01129,BREAK,0.0,1,,,,,,
BRE_01130,BREAK,1.0,1,,,,,,
BRE_01131,BREAK,1.0,0,,,,,,
BRE_01132,BREAK,1.0,1,,,,,,
BRE_01133,BREAK,1.0,1,,,,,,
BRE_01134,BREAK,1.0,0,,,,,,
BRE_01135,BREAK,1.0,1,,,,,,
BRE_01136,BREAK,0.0,0,,,,,,
BRE_01137,BREAK,1.0,1,,,,,,
BRE_01138,BREAK,0.0,1,,,,,,
BRE_01139,BREAK,0.0,0,,,,,,
BRE_01140,BREAK,1.0,1,,,,,,
BRE_01141,BREAK,1.0,1,,,,,,
BRE_01142,BREAK,0.0,1,,,,,,
BRE_01143,BREAK,1.0,1,,,,,,
BRE_01144,BREAK,1.0,1,,,,,,
BRE_01145,BREAK,0.0,0,,,,,,
BRE_01146,BREAK,0.0,0,,,,,,
BRE_01147,BREAK,1.0,0,,,,,,
BRE_01148,BREAK,0.0,0,,,,,,
BRE_01149,BREAK,1.0,1,,,,,,
BRE_01150,BREAK,1.0,1,,,,,,
BRE_01151,BREAK,1.0,0,,,,,,
BRE_01152,BREAK,1.0,1,,,,,,
BRE_01153,BREAK,1.0,1,,,,,,
BRE_01154,BREAK,1.0,1,,,,,,
BRE_01155,BREAK,1.0,1,,,,,,
BRE_01156,BREAK,1.0,1,,,,,,
BRE_01157,BREAK,0.0,0,,,,,,
BRE_01158,BREAK,0.0,0,,,,,,
BRE_01159,BREAK,1.0,1,,,,,,
BRE_01160,BREAK,0.0,0,,,,,,
BRE_01161,BREAK,1.0,1,,,,,,
BRE_01162,BREAK,1.0,0,,,,,,
BRE_01163,BREAK,0.0,1,,,,,,
BRE_01164,BREAK,1.0,1,,,,,,
BRE_01165,BREAK,1.0,1,,,,,,
BRE_01166,BREAK,1.0,1,,,,,,
BRE_01167,BREAK,1.0,1,,,,,,
BRE_01168,BREAK,0.0,1,,,,,,
BRE_01169,BREAK,0.0,0,,,,,,
BRE_01170,BREAK,0.0,1,,,,,,
BRE_01171,BREAK,1.0,0,,,,,,
BRE_01172,BREAK,1.0,1,,,,,,
BRE_01173,BREAK,1.0,1,,,,,,
BRE_01174,BREAK,1.0,1,,,,,,
BRE_01175,BREAK,0.0,1,,,,,,
BRE_01176,BREAK,0.0,0,,,,,,
BRE_01177,BREAK,1.0,0,,,,,,
BRE_01178,BREAK,0.0,1,,,,,,
BRE_01179,BREAK,0.0,1,,,,,,
BRE_01180,BREAK,1.0,0,,,,,,
BRE_01181,BREAK,1.0,0,,,,,,
BRE_01182,BREAK,1.0,0,,,,,,
BRE_01183,BREAK,0.0,1,,,,,,
BRE_01184,BREAK,1.0,1,,,,,,
BRE_01185,BREAK,0.0,1,,,,,,
BRE_01186,BREAK,0.0,1,,,,,,
BRE_01187,BREAK,0.0,0,,,,,,
BRE_01188,BREAK,0.0,0,,,,,,
BRE_01189,BREAK,1.0,1,,,,,,
BRE_01190,BREAK,0.0,1,,,,,,
BRE_01191,BREAK,1.0,1,,,,,,
BRE_01192,BREAK,0.0,0,,,,,,
BRE_01193,BREAK,0.0,1,,,,,,
BRE_01194,BREAK,1.0,1,,,,,,
BRE_01195,BREAK,0.0,0,,,,,,
BRE_01196,BREAK,0.0,0,,,,,,
BRE_01197,BREAK,0.0,1,,,,,,
BRE_01198,BREAK,0.0,0,,,,,,
BRE_01199,BREAK,1.0,1,,,,,,
BRE_01200,BREAK,0.0,0,,,,,,
BRE_01201,BREAK,1.0,0,,,,,,
BRE_01202,BREAK,1.0,0,,,,,,
BRE_01203,BREAK,1.0,1,,,,,,
BRE_01204,BREAK,0.0,1,,,,,,
BRE_01205,BREAK,1.0,0,,,,,,
BRE_01206,BREAK,1.0,0,,,,,,
BRE_01207,BREAK,1.0,1,,,,,,
BRE_01208,BREAK,1.0,0,,,,,,
BRE_01209,BREAK,1.0,1,,,,,,
BRE_01210,BREAK,1.0,1,,,,,,
BRE_01211,BREAK,1.0,1,,,,,,
BRE_01212,BREAK,1.0,1,,,,,,
BRE_01213,BREAK,1.0,1,,,,,,
BRE_01214,BREAK,1.0,1,,,,,,
BRE_01215,BREAK,0.0,1,,,,,,
BRE_01216,BREAK,1.0,1,,,,,,
BRE_01217,BREAK,1.0,1,,,,,,
BRE_01218,BREAK,0.0,1,,,,,,
BRE_01219,BREAK,1.0,1,,,,,,
BRE_01220,BREAK,1.0,1,,,,,,
BRE_01221,BREAK,1.0,1,,,,,,
BRE_01222,BREAK,1.0,1,,,,,,
BRE_01223,BREAK,1.0,1,,,,,,
BRE_01224,BREAK,0.0,1,,,,,,
BRE_01225,BREAK,0.0,0,,,,,,
BRE_01226,BREAK,1.0,0,,,,,,
BRE_01227,BREAK,1.0,0,,,,,,
BRE_01228,BREAK,1.0,1,,,,,,
BRE_01229,BREAK,1.0,1,,,,,,
BRE_01230,BREAK,1.0,1,,,,,,
BRE_01231,BREAK,0.0,1,,,,,,
BRE_01232,BREAK,1.0,1,,,,,,
BRE_01233,BREAK,0.0,1,,,,,,
BRE_01234,BREAK,1.0,0,,,,,,
BRE_01235,BREAK,0.0,0,,,,,,
BRE_01236,BREAK,1.0,0,,,,,,
BRE_01237,BREAK,1.0,1,,,,,,
BRE_01238,BREAK,1.0,0,,,,,,
BRE_01239,BREAK,1.0,0,,,,,,
BRE_01240,BREAK,1.0,1,,,,,,
BRE_01241,BREAK,1.0,1,,,,,,
BRE_01242,BREAK,0.0,1,,,,,,
BRE_01243,BREAK,1.0,0,,,,,,
BRE_01244,BREAK,1.0,1,,,,,,
BRE_01245,BREAK,1.0,1,,,,,,
BRE_01246,BREAK,1.0,0,,,,,,
BRE_01247,BREAK,1.0,1,,,,,,
BRE_01248,BREAK,1.0,0,,,,,,
BRE_01249,BREAK,0.0,0,,,,,,
BRE_01250,BREAK,0.0,1,,,,,,
BRE_01251,BREAK,1.0,1,,,,,,
BRE_01252,BREAK,0.0,0,,,,,,
BRE_01253,BREAK,1.0,1,,,,,,
BRE_01254,BREAK,1.0,1,,,,,,
BRE_01255,BREAK,0.0,1,,,,,,
BRE_01256,BREAK,1.0,1,,,,,,
BRE_01257,BREAK,1.0,0,,,,,,
BRE_01258,BREAK,1.0,1,,,,,,
BRE_01259,BREAK,1.0,0,,,,,,
BRE_01260,BREAK,1.0,0,,,,,,
BRE_01261,BREAK,1.0,0,,,,,,
BRE_01262,BREAK,0.0,1,,,,,,
BRE_01263,BREAK,0.0,1,,,,,,
BRE_01264,BREAK,1.0,0,,,,,,
BRE_01265,BREAK,1.0,1,,,,,,
BRE_01266,BREAK,1.0,0,,,,,,
BRE_01267,BREAK,0.0,1,,,,,,
BRE_01268,BREAK,1.0,0,,,,,,
BRE_01269,BREAK,1.0,1,,,,,,
BRE_01270,BREAK,0.0,0,,,,,,
BRE_01271,BREAK,1.0,1,,,,,,
BRE_01272,BREAK,1.0,1,,,,,,
BRE_01273,BREAK,1.0,1,,,,,,
BRE_01274,BREAK,1.0,1,,,,,,
BRE_01275,BREAK,1.0,1,,,,,,
BRE_01276,BREAK,1.0,1,,,,,,
BRE_01277,BREAK,1.0,0,,,,,,
BRE_01278,BREAK,1.0,0,,,,,,
BRE_01279,BREAK,0.0,0,,,,,,
BRE_01280,BREAK,1.0,1,,,,,,
BRE_01281,BREAK,1.0,0,,,,,,
BRE_01282,BREAK,1.0,1,,,,,,
BRE_01283,BREAK,1.0,1,,,,,,
BRE_01284,BREAK,1.0,0,,,,,,
BRE_01285,BREAK,0.0,1,,,,,,
BRE_01286,BREAK,0.0,0,,,,,,
BRE_01287,BREAK,0.0,1,,,,,,
BRE_01288,BREAK,1.0,1,,,,,,
BRE_01289,BREAK,0.0,0,,,,,,
BRE_01290,BREAK,1.0,1,,,,,,
BRE_01291,BREAK,1.0,1,,,,,,
BRE_01292,BREAK,1.0,1,,,,,,
BRE_01293,BREAK,1.0,1,,,,,,
BRE_01294,BREAK,1.0,1,,,,,,
BRE_01295,BREAK,0.0,1,,,,,,
BRE_01296,BREAK,0.0,1,,,,,,
BRE_01297,BREAK,1.0,1,,,,,,
BRE_01298,BREAK,1.0,1,,,,,,
BRE_01299,BREAK,1.0,1,,,,,,
BRE_01300,BREAK,1.0,1,,,,,,
BRE_01301,BREAK,0.0,1,,,,,,
BRE_01302,BREAK,1.0,0,,,,,,
BRE_01303,BREAK,1.0,1,,,,,,
BRE_01304,BREAK,0.0,1,,,,,,
BRE_01305,BREAK,0.0,1,,,,,,
BRE_01306,BREAK,0.0,1,,,,,,
BRE_01307,BREAK,1.0,1,,,,,,
BRE_01308,BREAK,1.0,0,,,,,,
BRE_01309,BREAK,1.0,1,,,,,,
BRE_01310,BREAK,1.0,0,,,,,,
BRE_01311,BREAK,0.0,0,,,,,,
BRE_01312,BREAK,0.0,0,,,,,,
BRE_01313,BREAK,1.0,1,,,,,,
BRE_01314,BREAK,1.0,1,,,,,,
BRE_01315,BREAK,0.0,1,,,,,,
BRE_01316,BREAK,0.0,1,,,,,,
BRE_01317,BREAK,1.0,1,,,,,,
BRE_01318,BREAK,0.0,1,,,,,,
BRE_01319,BREAK,1.0,1,,,,,,
BRE_01320,BREAK,1.0,0,,,,,,
BRE_01321,BREAK,1.0,0,,,,,,
BRE_01322,BREAK,1.0,1,,,,,,
BRE_01323,BREAK,0.0,1,,,,,,
BRE_01324,BREAK,1.0,1,,,,,,
BRE_01325,BREAK,1.0,0,,,,,,
BRE_01326,BREAK,0.0,0,,,,,,
BRE_01327,BREAK,0.0,0,,,,,,
BRE_01328,BREAK,0.0,0,,,,,,
BRE_01329,BREAK,1.0,0,,,,,,
BRE_01330,BREAK,1.0,1,,,,,,
BRE_01331,BREAK,1.0,0,,,,,,
BRE_01332,BREAK,1.0,0,,,,,,
BRE_01333,BREAK,1.0,0,,,,,,
BRE_01334,BREAK,1.0,0,,,,,,
BRE_01335,BREAK,0.0,1,,,,,,
BRE_01336,BREAK,1.0,1,,,,,,
BRE_01337,BREAK,0.0,0,,,,,,
BRE_01338,BREAK,1.0,1,,,,,,
BRE_01339,BREAK,1.0,0,,,,,,
BRE_01340,BREAK,0.0,0,,,,,,
BRE_01341,BREAK,1.0,1,,,,,,
BRE_01342,BREAK,1.0,1,,,,,,
BRE_01343,BREAK,1.0,0,,,,,,
BRE_01344,BREAK,1.0,0,,,,,,
BRE_01345,BREAK,0.0,0,,,,,,
BRE_01346,BREAK,0.0,1,,,,,,
BRE_01347,BREAK,1.0,1,,,,,,
BRE_01348,BREAK,1.0,1,,,,,,
BRE_01349,BREAK,0.0,1,,,,,,
BRE_01350,BREAK,1.0,1,,,,,,
BRE_01351,BREAK,1.0,1,,,,,,
BRE_01352,BREAK,1.0,1,,,,,,
BRE_01353,BREAK,0.0,0,,,,,,
BRE_01354,BREAK,0.0,0,,,,,,
BRE_01355,BREAK,1.0,0,,,,,,
BRE_01356,BREAK,1.0,1,,,,,,
BRE_01357,BREAK,1.0,1,,,,,,
BRE_01358,BREAK,1.0,1,,,,,,
BRE_01359,BREAK,0.0,0,,,,,,
BRE_01360,BREAK,1.0,0,,,,,,
BRE_01361,BREAK,1.0,1,,,,,,
BRE_01362,BREAK,1.0,1,,,,,,
BRE_01363,BREAK,0.0,0,,,,,,
BRE_01364,BREAK,1.0,0,,,,,,
BRE_01365,BREAK,1.0,0,,,,,,
BRE_01366,BREAK,1.0,0,,,,,,
BRE_01367,BREAK,1.0,1,,,,,,
BRE_01368,BREAK,1.0,1,,,,,,
BRE_01369,BREAK,1.0,1,,,,,,
BRE_01370,BREAK,1.0,1,,,,,,
BRE_01371,BREAK,1.0,0,,,,,,
BRE_01372,BREAK,1.0,1,,,,,,
BRE_01373,BREAK,1.0,1,,,,,,
BRE_01374,BREAK,1.0,1,,,,,,
BRE_01375,BREAK,0.0,1,,,,,,
BRE_01376,BREAK,1.0,0,,,,,,
BRE_01377,BREAK,0.0,1,,,,,,
BRE_01378,BREAK,1.0,0,,,,,,
BRE_01379,BREAK,0.0,0,,,,,,
BRE_01380,BREAK,1.0,1,,,,,,
BRE_01381,BREAK,0.0,1,,,,,,
BRE_01382,BREAK,1.0,1,,,,,,
BRE_01383,BREAK,1.0,1,,,,,,
BRE_01384,BREAK,1.0,0,,,,,,
BRE_01385,BREAK,0.0,0,,,,,,
BRE_01386,BREAK,0.0,1,,,,,,
BRE_01387,BREAK,0.0,0,,,,,,
BRE_01388,BREAK,1.0,1,,,,,,
BRE_01389,BREAK,0.0,0,,,,,,
BRE_01390,BREAK,1.0,1,,,,,,
BRE_01391,BREAK,0.0,0,,,,,,
BRE_01392,BREAK,1.0,1,,,,,,
BRE_01393,BREAK,1.0,1,,,,,,
BRE_01394,BREAK,1.0,1,,,,,,
BRE_01395,BREAK,0.0,1,,,,,,
BRE_01396,BREAK,1.0,0,,,,,,
BRE_01397,BREAK,0.0,0,,,,,,
BRE_01398,BREAK,1.0,1,,,,,,
BRE_01399,BREAK,1.0,1,,,,,,
BRE_01400,BREAK,1.0,1,,,,,,
BRE_01401,BREAK,1.0,0,,,,,,
BRE_01402,BREAK,1.0,1,,,,,,
BRE_01403,BREAK,1.0,1,,,,,,
BRE_01404,BREAK,0.0,0,,,,,,
BRE_01405,BREAK,1.0,1,,,,,,
BRE_01406,BREAK,0.0,0,,,,,,
BRE_01407,BREAK,1.0,0,,,,,,
BRE_01408,BREAK,0.0,1,,,,,,
BRE_01409,BREAK,0.0,0,,,,,,
BRE_01410,BREAK,1.0,1,,,,,,
BRE_01411,BREAK,1.0,1,,,,,,
BRE_01412,BREAK,1.0,1,,,,,,
BRE_01413,BREAK,1.0,1,,,,,,
BRE_01414,BREAK,1.0,1,,,,,,
BRE_01415,BREAK,1.0,1,,,,,,
BRE_01416,BREAK,1.0,1,,,,,,
BRE_01417,BREAK,1.0,1,,,,,,
BRE_01418,BREAK,1.0,0,,,,,,
BRE_01419,BREAK,1.0,1,,,,,,
BRE_01420,BREAK,1.0,1,,,,,,
BRE_01421,BREAK,1.0,1,,,,,,
BRE_01422,BREAK,0.0,1,,,,,,
BRE_01423,BREAK,1.0,1,,,,,,
BRE_01424,BREAK,1.0,0,,,,,,
BRE_01425,BREAK,1.0,1,,,,,,
BRE_01426,BREAK,1.0,0,,,,,,
BRE_01427,BREAK,1.0,1,,,,,,
BRE_01428,BREAK,1.0,0,,,,,,
BRE_01429,BREAK,1.0,1,,,,,,
BRE_01430,BREAK,1.0,1,,,,,,
BRE_01431,BREAK,0.0,0,,,,,,
BRE_01432,BREAK,1.0,1,,,,,,
BRE_01433,BREAK,1.0,0,,,,,,
BRE_01434,BREAK,1.0,1,,,,,,
BRE_01435,BREAK,0.0,0,,,,,,
BRE_01436,BREAK,1.0,1,,,,,,
BRE_01437,BREAK,1.0,1,,,,,,
BRE_01438,BREAK,1.0,1,,,,,,
BRE_01439,BREAK,1.0,1,,,,,,
BRE_01440,BREAK,0.0,0,,,,,,
BRE_01441,BREAK,1.0,1,,,,,,
BRE_01442,BREAK,1.0,1,,,,,,
BRE_01443,BREAK,1.0,0,,,,,,
BRE_01444,BREAK,1.0,1,,,,,,
BRE_01445,BREAK,1.0,1,,,,,,
BRE_01446,BREAK,1.0,1,,,,,,
BRE_01447,BREAK,1.0,0,,,,,,
BRE_01448,BREAK,1.0,1,,,,,,
BRE_01449,BREAK,1.0,1,,,,,,
BRE_01450,BREAK,0.0,0,,,,,,
BRE_01451,BREAK,0.0,0,,,,,,
BRE_01452,BREAK,0.0,1,,,,,,
BRE_01453,BREAK,0.0,0,,,,,,
BRE_01454,BREAK,1.0,1,,,,,,
BRE_01455,BREAK,1.0,1,,,,,,
BRE_01456,BREAK,1.0,1,,,,,,
BRE_01457,BREAK,1.0,1,,,,,,
BRE_01458,BREAK,1.0,1,,,,,,
BRE_01459,BREAK,0.0,0,,,,,,
BRE_01460,BREAK,1.0,1,,,,,,
BRE_01461,BREAK,0.0,0,,,,,,
BRE_01462,BREAK,1.0,0,,,,,,
BRE_01463,BREAK,1.0,1,,,,,,
BRE_01464,BREAK,1.0,0,,,,,,
BRE_01465,BREAK,1.0,1,,,,,,
BRE_01466,BREAK,1.0,1,,,,,,
BRE_01467,BREAK,1.0,1,,,,,,
BRE_01468,BREAK,1.0,0,,,,,,
BRE_01469,BREAK,1.0,1,,,,,,
BRE_01470,BREAK,1.0,1,,,,,,
BRE_01471,BREAK,0.0,1,,,,,,
BRE_01472,BREAK,1.0,1,,,,,,
BRE_01473,BREAK,0.0,0,,,,,,
BRE_01474,BREAK,0.0,0,,,,,,
BRE_01475,BREAK,1.0,0,,,,,,
BRE_01476,BREAK,1.0,1,,,,,,
BRE_01477,BREAK,1.0,0,,,,,,
BRE_01478,BREAK,1.0,1,,,,,,
BRE_01479,BREAK,0.0,1,,,,,,
BRE_01480,BREAK,0.0,1,,,,,,
BRE_01481,BREAK,0.0,1,,,,,,
BRE_01482,BREAK,1.0,1,,,,,,
BRE_01483,BREAK,1.0,1,,,,,,
BRE_01484,BREAK,1.0,0,,,,,,
BRE_01485,BREAK,1.0,1,,,,,,
BRE_01486,BREAK,0.0,0,,,,,,
BRE_01487,BREAK,0.0,1,,,,,,
BRE_01488,BREAK,1.0,1,,,,,,
BRE_01489,BREAK,1.0,0,,,,,,
BRE_01490,BREAK,1.0,0,,,,,,
BRE_01491,BREAK,0.0,1,,,,,,
BRE_01492,BREAK,0.0,0,,,,,,
BRE_01493,BREAK,1.0,1,,,,,,
BRE_01494,BREAK,1.0,0,,,,,,
BRE_01495,BREAK,1.0,1,,,,,,
BRE_01496,BREAK,1.0,1,,,,,,
BRE_01497,BREAK,0.0,0,,,,,,
BRE_01498,BREAK,1.0,1,,,,,,
BRE_01499,BREAK,1.0,1,,,,,,
BRE_01500,BREAK,0.0,0,,,,,,
BRE_01501,BREAK,0.0,0,,,,,,
BRE_01502,BREAK,1.0,0,,,,,,
BRE_01503,BREAK,1.0,0,,,,,,
BRE_01504,BREAK,1.0,1,,,,,,
BRE_01505,BREAK,1.0,0,,,,,,
BRE_01506,BREAK,1.0,1,,,,,,
BRE_01507,BREAK,1.0,0,,,,,,
BRE_01508,BREAK,0.0,1,,,,,,
BRE_01509,BREAK,1.0,0,,,,,,
BRE_01510,BREAK,1.0,1,,,,,,
BRE_01511,BREAK,1.0,0,,,,,,
BRE_01512,BREAK,0.0,1,,,,,,
BRE_01513,BREAK,0.0,0,,,,,,
BRE_01514,BREAK,1.0,1,,,,,,
BRE_01515,BREAK,1.0,1,,,,,,
BRE_01516,BREAK,1.0,0,,,,,,
BRE_01517,BREAK,0.0,1,,,,,,
BRE_01518,BREAK,1.0,0,,,,,,
BRE_01519,BREAK,0.0,1,,,,,,
BRE_01520,BREAK,1.0,1,,,,,,
BRE_01521,BREAK,1.0,1,,,,,,
BRE_01522,BREAK,1.0,1,,,,,,
BRE_01523,BREAK,1.0,1,,,,,,
BRE_01524,BREAK,0.0,0,,,,,,
BRE_01525,BREAK,1.0,1,,,,,,
BRE_01526,BREAK,0.0,0,,,,,,
BRE_01527,BREAK,1.0,1,,,,,,
BRE_01528,BREAK,0.0,1,,,,,,
BRE_01529,BREAK,1.0,1,,,,,,
BRE_01530,BREAK,1.0,1,,,,,,
BRE_01531,BREAK,1.0,1,,,,,,
BRE_01532,BREAK,0.0,0,,,,,,
BRE_01533,BREAK,1.0,1,,,,,,
BRE_01534,BREAK,0.0,0,,,,,,
BRE_01535,BREAK,0.0,1,,,,,,
BRE_01536,BREAK,1.0,1,,,,,,
BRE_01537,BREAK,0.0,1,,,,,,
BRE_01538,BREAK,1.0,1,,,,,,
BRE_01539,BREAK,1.0,1,,,,,,
BRE_01540,BREAK,0.0,0,,,,,,
BRE_01541,BREAK,1.0,1,,,,,,
BRE_01542,BREAK,1.0,1,,,,,,
BRE_01543,BREAK,1.0,1,,,,,,
BRE_01544,BREAK,1.0,1,,,,,,
BRE_01545,BREAK,1.0,0,,,,,,
BRE_01546,BREAK,1.0,1,,,,,,
BRE_01547,BREAK,0.0,0,,,,,,
BRE_01548,BREAK,1.0,1,,,,,,
BRE_01549,BREAK,1.0,1,,,,,,
BRE_01550,BREAK,0.0,1,,,,,,
BRE_01551,BREAK,0.0,0,,,,,,
BRE_01552,BREAK,0.0,0,,,,,,
BRE_01553,BREAK,1.0,0,,,,,,
BRE_01554,BREAK,0.0,1,,,,,,
BRE_01555,BREAK,1.0,1,,,,,,
BRE_01556,BREAK,1.0,1,,,,,,
BRE_01557,BREAK,1.0,1,,,,,,
BRE_01558,BREAK,1.0,1,,,,,,
BRE_01559,BREAK,1.0,1,,,,,,
BRE_01560,BREAK,0.0,1,,,,,,
BRE_01561,BREAK,0.0,0,,,,,,
BRE_01562,BREAK,1.0,0,,,,,,
BRE_01563,BREAK,1.0,1,,,,,,
BRE_01564,BREAK,1.0,0,,,,,,
BRE_01565,BREAK,1.0,1,,,,,,
BRE_01566,BREAK,0.0,1,,,,,,
BRE_01567,BREAK,1.0,0,,,,,,
BRE_01568,BREAK,1.0,1,,,,,,
BRE_01569,BREAK,1.0,1,,,,,,
BRE_01570,BREAK,1.0,1,,,,,,
BRE_01571,BREAK,0.0,0,,,,,,
BRE_01572,BREAK,1.0,1,,,,,,
BRE_01573,BREAK,1.0,1,,,,,,
BRE_01574,BREAK,1.0,1,,,,,,
BRE_01575,BREAK,1.0,1,,,,,,
BRE_01576,BREAK,0.0,1,,,,,,
BRE_01577,BREAK,0.0,0,,,,,,
BRE_01578,BREAK,1.0,0,,,,,,
BRE_01579,BREAK,0.0,1,,,,,,
BRE_01580,BREAK,1.0,1,,,,,,
BRE_01581,BREAK,1.0,0,,,,,,
BRE_01582,BREAK,1.0,1,,,,,,
BRE_01583,BREAK,1.0,1,,,,,,
BRE_01584,BREAK,0.0,0,,,,,,
BRE_01585,BREAK,1.0,1,,,,,,
BRE_01586,BREAK,1.0,1,,,,,,
BRE_01587,BREAK,1.0,0,,,,,,
BRE_01588,BREAK,0.0,0,,,,,,
BRE_01589,BREAK,1.0,1,,,,,,
BRE_01590,BREAK,1.0,1,,,,,,
BRE_01591,BREAK,1.0,0,,,,,,
BRE_01592,BREAK,1.0,1,,,,,,
BRE_01593,BREAK,1.0,1,,,,,,
BRE_01594,BREAK,1.0,1,,,,,,
BRE_01595,BREAK,1.0,1,,,,,,
BRE_01596,BREAK,0.0,0,,,,,,
BRE_01597,BREAK,1.0,1,,,,,,
BRE_01598,BREAK,1.0,1,,,,,,
BRE_01599,BREAK,0.0,1,,,,,,
BRE_01600,BREAK,0.0,0,,,,,,
BRE_01601,BREAK,1.0,0,,,,,,
BRE_01602,BREAK,1.0,0,,,,,,
BRE_01603,BREAK,1.0,0,,,,,,
BRE_01604,BREAK,1.0,1,,,,,,
BRE_01605,BREAK,1.0,0,,,,,,
BRE_01606,BREAK,1.0,0,,,,,,
BRE_01607,BREAK,0.0,1,,,,,,
BRE_01608,BREAK,1.0,1,,,,,,
BRE_01609,BREAK,1.0,1,,,,,,
BRE_01610,BREAK,1.0,0,,,,,,
BRE_01611,BREAK,1.0,1,,,,,,
BRE_01612,BREAK,1.0,1,,,,,,
BRE_01613,BREAK,1.0,1,,,,,,
BRE_01614,BREAK,0.0,1,,,,,,
BRE_01615,BREAK,1.0,0,,,,,,
BRE_01616,BREAK,1.0,1,,,,,,
BRE_01617,BREAK,1.0,0,,,,,,
BRE_01618,BREAK,1.0,1,,,,,,
BRE_01619,BREAK,1.0,1,,,,,,
BRE_01620,BREAK,1.0,1,,,,,,
BRE_01621,BREAK,1.0,0,,,,,,
BRE_01622,BREAK,1.0,0,,,,,,
BRE_01623,BREAK,1.0,0,,,,,,
BRE_01624,BREAK,1.0,1,,,,,,
BRE_01625,BREAK,0.0,0,,,,,,
BRE_01626,BREAK,0.0,1,,,,,,
BRE_01627,BREAK,1.0,1,,,,,,
BRE_01628,BREAK,1.0,1,,,,,,
BRE_01629,BREAK,1.0,1,,,,,,
BRE_01630,BREAK,1.0,1,,,,,,
BRE_01631,BREAK,0.0,0,,,,,,
BRE_01632,BREAK,1.0,1,,,,,,
BRE_01633,BREAK,1.0,1,,,,,,
BRE_01634,BREAK,1.0,1,,,,,,
BRE_01635,BREAK,0.0,0,,,,,,
BRE_01636,BREAK,1.0,1,,,,,,
BRE_01637,BREAK,1.0,1,,,,,,
BRE_01638,BREAK,1.0,1,,,,,,
BRE_01639,BREAK,1.0,1,,,,,,
BRE_01640,BREAK,1.0,0,,,,,,
BRE_01641,BREAK,1.0,0,,,,,,
BRE_01642,BREAK,1.0,1,,,,,,
BRE_01643,BREAK,1.0,1,,,,,,
BRE_01644,BREAK,0.0,0,,,,,,
BRE_01645,BREAK,1.0,1,,,,,,
BRE_01646,BREAK,0.0,1,,,,,,
BRE_01647,BREAK,0.0,1,,,,,,
BRE_01648,BREAK,1.0,1,,,,,,
BRE_01649,BREAK,1.0,1,,,,,,
BRE_01650,BREAK,1.0,1,,,,,,
BRE_01651,BREAK,0.0,1,,,,,,
BRE_01652,BREAK,1.0,0,,,,,,
BRE_01653,BREAK,1.0,0,,,,,,
BRE_01654,BREAK,1.0,1,,,,,,
BRE_01655,BREAK,1.0,1,,,,,,
BRE_01656,BREAK,1.0,1,,,,,,
BRE_01657,BREAK,1.0,0,,,,,,
BRE_01658,BREAK,0.0,0,,,,,,
BRE_01659,BREAK,0.0,0,,,,,,
BRE_01660,BREAK,1.0,1,,,,,,
BRE_01661,BREAK,1.0,1,,,,,,
BRE_01662,BREAK,0.0,0,,,,,,
BRE_01663,BREAK,0.0,1,,,,,,
BRE_01664,BREAK,0.0,0,,,,,,
BRE_01665,BREAK,1.0,0,,,,,,
BRE_01666,BREAK,1.0,1,,,,,,
BRE_01667,BREAK,0.0,0,,,,,,
BRE_01668,BREAK,1.0,1,,,,,,
BRE_01669,BREAK,1.0,1,,,,,,
BRE_01670,BREAK,0.0,0,,,,,,
BRE_01671,BREAK,0.0,1,,,,,,
BRE_01672,BREAK,0.0,1,,,,,,
BRE_01673,BREAK,1.0,1,,,,,,
BRE_01674,BREAK,1.0,1,,,,,,
BRE_01675,BREAK,1.0,1,,,,,,
BRE_01676,BREAK,1.0,0,,,,,,
BRE_01677,BREAK,0.0,0,,,,,,
BRE_01678,BREAK,1.0,0,,,,,,
BRE_01679,BREAK,1.0,0,,,,,,
BRE_01680,BREAK,1.0,1,,,,,,
BRE_01681,BREAK,1.0,1,,,,,,
BRE_01682,BREAK,0.0,1,,,,,,
BRE_01683,BREAK,1.0,1,,,,,,
BRE_01684,BREAK,1.0,1,,,,,,
BRE_01685,BREAK,0.0,0,,,,,,
BRE_01686,BREAK,0.0,0,,,,,,
BRE_01687,BREAK,0.0,1,,,,,,
BRE_01688,BREAK,1.0,1,,,,,,
BRE_01689,BREAK,1.0,1,,,,,,
BRE_01690,BREAK,0.0,0,,,,,,
BRE_01691,BREAK,1.0,1,,,,,,
BRE_01692,BREAK,0.0,1,,,,,,
BRE_01693,BREAK,0.0,1,,,,,,
BRE_01694,BREAK,1.0,0,,,,,,
BRE_01695,BREAK,1.0,0,,,,,,
BRE_01696,BREAK,1.0,1,,,,,,
BRE_01697,BREAK,1.0,1,,,,,,
BRE_01698,BREAK,1.0,1,,,,,,
BRE_01699,BREAK,1.0,1,,,,,,
BRE_01700,BREAK,0.0,0,,,,,,
BRE_01701,BREAK,1.0,1,,,,,,
BRE_01702,BREAK,1.0,1,,,,,,
BRE_01703,BREAK,1.0,0,,,,,,
BRE_01704,BREAK,0.0,0,,,,,,
BRE_01705,BREAK,1.0,1,,,,,,
BRE_01706,BREAK,1.0,1,,,,,,
BRE_01707,BREAK,0.0,1,,,,,,
BRE_01708,BREAK,1.0,1,,,,,,
BRE_01709,BREAK,1.0,1,,,,,,
BRE_01710,BREAK,1.0,1,,,,,,
BRE_01711,BREAK,1.0,0,,,,,,
BRE_01712,BREAK,0.0,0,,,,,,
BRE_01713,BREAK,1.0,0,,,,,,
BRE_01714,BREAK,1.0,0,,,,,,
BRE_01715,BREAK,1.0,0,,,,,,
BRE_01716,BREAK,1.0,0,,,,,,
BRE_01717,BREAK,1.0,1,,,,,,
BRE_01718,BREAK,1.0,1,,,,,,
BRE_01719,BREAK,1.0,1,,,,,,
BRE_01720,BREAK,1.0,1,,,,,,
BRE_01721,BREAK,0.0,1,,,,,,
BRE_01722,BREAK,1.0,0,,,,,,
BRE_01723,BREAK,0.0,0,,,,,,
BRE_01724,BREAK,1.0,1,,,,,,
BRE_01725,BREAK,0.0,1,,,,,,
BRE_01726,BREAK,0.0,1,,,,,,
BRE_01727,BREAK,1.0,0,,,,,,
BRE_01728,BREAK,1.0,1,,,,,,
BRE_01729,BREAK,1.0,0,,,,,,
BRE_01730,BREAK,0.0,1,,,,,,
BRE_01731,BREAK,1.0,1,,,,,,
BRE_01732,BREAK,0.0,1,,,,,,
BRE_01733,BREAK,0.0,1,,,,,,
BRE_01734,BREAK,0.0,1,,,,,,
BRE_01735,BREAK,0.0,1,,,,,,
BRE_01736,BREAK,0.0,1,,,,,,
BRE_01737,BREAK,1.0,1,,,,,,
BRE_01738,BREAK,0.0,0,,,,,,
BRE_01739,BREAK,1.0,0,,,,,,
BRE_01740,BREAK,1.0,1,,,,,,
BRE_01741,BREAK,1.0,1,,,,,,
BRE_01742,BREAK,0.0,1,,,,,,
BRE_01743,BREAK,1.0,1,,,,,,
BRE_01744,BREAK,1.0,0,,,,,,
BRE_01745,BREAK,1.0,1,,,,,,
BRE_01746,BREAK,1.0,1,,,,,,
BRE_01747,BREAK,1.0,0,,,,,,
BRE_01748,BREAK,1.0,1,,,,,,
BRE_01749,BREAK,0.0,1,,,,,,
BRE_01750,BREAK,1.0,1,,,,,,
BRE_01751,BREAK,1.0,0,,,,,,
BRE_01752,BREAK,1.0,1,,,,,,
BRE_01753,BREAK,1.0,1,,,,,,
BRE_01754,BREAK,0.0,0,,,,,,
BRE_01755,BREAK,1.0,1,,,,,,
BRE_01756,BREAK,1.0,1,,,,,,
BRE_01757,BREAK,1.0,1,,,,,,
BRE_01758,BREAK,1.0,1,,,,,,
BRE_01759,BREAK,0.0,1,,,,,,
BRE_01760,BREAK,0.0,0,,,,,,
BRE_01761,BREAK,1.0,1,,,,,,
BRE_01762,BREAK,1.0,1,,,,,,
BRE_01763,BREAK,1.0,0,,,,,,
BRE_01764,BREAK,1.0,1,,,,,,
BRE_01765,BREAK,1.0,0,,,,,,
BRE_01766,BREAK,1.0,1,,,,,,
BRE_01767,BREAK,1.0,1,,,,,,
BRE_01768,BREAK,1.0,1,,,,,,
BRE_01769,BREAK,1.0,0,,,,,,
BRE_01770,BREAK,1.0,0,,,,,,
BRE_01771,BREAK,0.0,0,,,,,,
BRE_01772,BREAK,0.0,0,,,,,,
BRE_01773,BREAK,1.0,1,,,,,,
BRE_01774,BREAK,1.0,1,,,,,,
BRE_01775,BREAK,0.0,0,,,,,,
BRE_01776,BREAK,1.0,1,,,,,,
BRE_01777,BREAK,1.0,0,,,,,,
BRE_01778,BREAK,0.0,0,,,,,,
BRE_01779,BREAK,1.0,0,,,,,,
BRE_01780,BREAK,1.0,0,,,,,,
BRE_01781,BREAK,0.0,1,,,,,,
BRE_01782,BREAK,1.0,1,,,,,,
BRE_01783,BREAK,1.0,1,,,,,,
BRE_01784,BREAK,1.0,0,,,,,,
BRE_01785,BREAK,1.0,0,,,,,,
BRE_01786,BREAK,1.0,1,,,,,,
BRE_01787,BREAK,0.0,1,,,,,,
BRE_01788,BREAK,1.0,1,,,,,,
BRE_01789,BREAK,0.0,0,,,,,,
BRE_01790,BREAK,1.0,1,,,,,,
BRE_01791,BREAK,1.0,1,,,,,,
BRE_01792,BREAK,1.0,1,,,,,,
BRE_01793,BREAK,0.0,1,,,,,,
BRE_01794,BREAK,1.0,1,,,,,,
BRE_01795,BREAK,0.0,1,,,,,,
BRE_01796,BREAK,1.0,1,,,,,,
BRE_01797,BREAK,1.0,1,,,,,,
BRE_01798,BREAK,0.0,1,,,,,,
BRE_01799,BREAK,1.0,1,,,,,,
BRE_01800,BREAK,0.0,1,,,,,,
BRE_01801,BREAK,1.0,1,,,,,,
BRE_01802,BREAK,0.0,1,,,,,,
BRE_01803,BREAK,1.0,0,,,,,,
BRE_01804,BREAK,0.0,1,,,,,,
BRE_01805,BREAK,1.0,1,,,,,,
BRE_01806,BREAK,0.0,1,,,,,,
BRE_01807,BREAK,1.0,0,,,,,,
BRE_01808,BREAK,1.0,1,,,,,,
BRE_01809,BREAK,0.0,1,,,,,,
BRE_01810,BREAK,0.0,1,,,,,,
BRE_01811,BREAK,1.0,1,,,,,,
BRE_01812,BREAK,1.0,1,,,,,,
BRE_01813,BREAK,1.0,0,,,,,,
BRE_01814,BREAK,1.0,1,,,,,,
BRE_01815,BREAK,1.0,1,,,,,,
BRE_01816,BREAK,0.0,1,,,,,,
BRE_01817,BREAK,0.0,0,,,,,,
BRE_01818,BREAK,0.0,0,,,,,,
BRE_01819,BREAK,1.0,1,,,,,,
BRE_01820,BREAK,1.0,0,,,,,,
BRE_01821,BREAK,1.0,0,,,,,,
BRE_01822,BREAK,1.0,0,,,,,,
BRE_01823,BREAK,0.0,1,,,,,,
BRE_01824,BREAK,0.0,0,,,,,,
BRE_01825,BREAK,1.0,1,,,,,,
BRE_01826,BREAK,1.0,0,,,,,,
BRE_01827,BREAK,0.0,0,,,,,,
BRE_01828,BREAK,1.0,1,,,,,,
BRE_01829,BREAK,1.0,1,,,,,,
BRE_01830,BREAK,0.0,0,,,,,,
BRE_01831,BREAK,1.0,0,,,,,,
BRE_01832,BREAK,0.0,0,,,,,,
BRE_01833,BREAK,1.0,0,,,,,,
BRE_01834,BREAK,1.0,1,,,,,,
BRE_01835,BREAK,1.0,1,,,,,,
BRE_01836,BREAK,1.0,1,,,,,,
BRE_01837,BREAK,0.0,1,,,,,,
BRE_01838,BREAK,0.0,1,,,,,,
BRE_01839,BREAK,1.0,0,,,,,,
BRE_01840,BREAK,1.0,0,,,,,,
BRE_01841,BREAK,1.0,1,,,,,,
BRE_01842,BREAK,1.0,1,,,,,,
BRE_01843,BREAK,1.0,0,,,,,,
BRE_01844,BREAK,1.0,1,,,,,,
BRE_01845,BREAK,1.0,1,,,,,,
BRE_01846,BREAK,1.0,1,,,,,,
BRE_01847,BREAK,1.0,0,,,,,,
BRE_01848,BREAK,0.0,1,,,,,,
BRE_01849,BREAK,1.0,1,,,,,,
BRE_01850,BREAK,1.0,1,,,,,,
BRE_01851,BREAK,1.0,0,,,,,,
BRE_01852,BREAK,1.0,1,,,,,,
BRE_01853,BREAK,1.0,1,,,,,,
BRE_01854,BREAK,0.0,1,,,,,,
BRE_01855,BREAK,1.0,1,,,,,,
BRE_01856,BREAK,1.0,0,,,,,,
BRE_01857,BREAK,1.0,1,,,,,,
BRE_01858,BREAK,0.0,0,,,,,,
BRE_01859,BREAK,1.0,1,,,,,,
BRE_01860,BREAK,1.0,0,,,,,,
BRE_01861,BREAK,0.0,1,,,,,,
BRE_01862,BREAK,1.0,1,,,,,,
BRE_01863,BREAK,1.0,0,,,,,,
BRE_01864,BREAK,1.0,0,,,,,,
BRE_01865,BREAK,0.0,1,,,,,,
BRE_01866,BREAK,0.0,0,,,,,,
BRE_01867,BREAK,0.0,1,,,,,,
BRE_01868,BREAK,1.0,1,,,,,,
BRE_01869,BREAK,0.0,0,,,,,,
BRE_01870,BREAK,1.0,1,,,,,,
BRE_01871,BREAK,0.0,1,,,,,,
BRE_01872,BREAK,0.0,1,,,,,,
BRE_01873,BREAK,1.0,1,,,,,,
BRE_01874,BREAK,1.0,1,,,,,,
BRE_01875,BREAK,0.0,1,,,,,,
BRE_01876,BREAK,1.0,1,,,,,,
BRE_01877,BREAK,0.0,0,,,,,,
BRE_01878,BREAK,1.0,1,,,,,,
BRE_01879,BREAK,1.0,1,,,,,,
BRE_01880,BREAK,1.0,0,,,,,,
BRE_01881,BREAK,1.0,1,,,,,,
BRE_01882,BREAK,0.0,1,,,,,,
BRE_01883,BREAK,0.0,1,,,,,,
BRE_01884,BREAK,0.0,1,,,,,,
BRE_01885,BREAK,1.0,0,,,,,,
BRE_01886,BREAK,0.0,0,,,,,,
BRE_01887,BREAK,1.0,1,,,,,,
BRE_01888,BREAK,0.0,1,,,,,,
BRE_01889,BREAK,1.0,1,,,,,,
BRE_01890,BREAK,1.0,1,,,,,,
BRE_01891,BREAK,0.0,1,,,,,,
BRE_01892,BREAK,1.0,1,,,,,,
BRE_01893,BREAK,1.0,1,,,,,,
BRE_01894,BREAK,0.0,0,,,,,,
BRE_01895,BREAK,1.0,1,,,,,,
BRE_01896,BREAK,1.0,1,,,,,,
BRE_01897,BREAK,0.0,1,,,,,,
BRE_01898,BREAK,0.0,1,,,,,,
BRE_01899,BREAK,0.0,1,,,,,,
BRE_01900,BREAK,0.0,1,,,,,,
BRE_01901,BREAK,0.0,0,,,,,,
BRE_01902,BREAK,1.0,1,,,,,,
BRE_01903,BREAK,1.0,1,,,,,,
BRE_01904,BREAK,0.0,0,,,,,,
BRE_01905,BREAK,1.0,1,,,,,,
BRE_01906,BREAK,1.0,1,,,,,,
BRE_01907,BREAK,1.0,1,,,,,,
BRE_01908,BREAK,1.0,1,,,,,,
BRE_01909,BREAK,0.0,0,,,,,,
BRE_01910,BREAK,1.0,1,,,,,,
BRE_01911,BREAK,0.0,0,,,,,,
BRE_01912,BREAK,1.0,1,,,,,,
BRE_01913,BREAK,0.0,1,,,,,,
BRE_01914,BREAK,1.0,1,,,,,,
BRE_01915,BREAK,1.0,0,,,,,,
BRE_01916,BREAK,0.0,1,,,,,,
BRE_01917,BREAK,0.0,0,,,,,,
BRE_01918,BREAK,0.0,0,,,,,,
BRE_01919,BREAK,1.0,1,,,,,,
BRE_01920,BREAK,1.0,0,,,,,,
BRE_01921,BREAK,0.0,1,,,,,,
BRE_01922,BREAK,0.0,1,,,,,,
BRE_01923,BREAK,1.0,1,,,,,,
BRE_01924,BREAK,1.0,1,,,,,,
BRE_01925,BREAK,0.0,1,,,,,,
BRE_01926,BREAK,0.0,0,,,,,,
BRE_01927,BREAK,1.0,0,,,,,,
BRE_01928,BREAK,1.0,1,,,,,,
BRE_01929,BREAK,1.0,1,,,,,,
BRE_01930,BREAK,1.0,1,,,,,,
BRE_01931,BREAK,1.0,1,,,,,,
BRE_01932,BREAK,1.0,1,,,,,,
BRE_01933,BREAK,1.0,1,,,,,,
BRE_01934,BREAK,1.0,0,,,,,,
BRE_01935,BREAK,1.0,1,,,,,,
BRE_01936,BREAK,1.0,0,,,,,,
BRE_01937,BREAK,0.0,1,,,,,,
BRE_01938,BREAK,0.0,1,,,,,,
BRE_01939,BREAK,0.0,1,,,,,,
BRE_01940,BREAK,1.0,0,,,,,,
BRE_01941,BREAK,1.0,0,,,,,,
BRE_01942,BREAK,0.0,1,,,,,,
BRE_01943,BREAK,0.0,1,,,,,,
BRE_01944,BREAK,1.0,1,,,,,,
BRE_01945,BREAK,1.0,0,,,,,,
BRE_01946,BREAK,1.0,1,,,,,,
BRE_01947,BREAK,0.0,1,,,,,,
BRE_01948,BREAK,1.0,1,,,,,,
BRE_01949,BREAK,0.0,0,,,,,,
BRE_01950,BREAK,0.0,0,,,,,,
BRE_01951,BREAK,1.0,1,,,,,,
BRE_01952,BREAK,1.0,0,,,,,,
BRE_01953,BREAK,0.0,0,,,,,,
BRE_01954,BREAK,0.0,1,,,,,,
BRE_01955,BREAK,0.0,1,,,,,,
BRE_01956,BREAK,0.0,1,,,,,,
BRE_01957,BREAK,1.0,1,,,,,,
BRE_01958,BREAK,0.0,1,,,,,,
BRE_01959,BREAK,0.0,1,,,,,,
BRE_01960,BREAK,0.0,1,,,,,,
BRE_01961,BREAK,1.0,0,,,,,,
BRE_01962,BREAK,0.0,1,,,,,,
BRE_01963,BREAK,1.0,1,,,,,,
BRE_01964,BREAK,1.0,1,,,,,,
BRE_01965,BREAK,1.0,1,,,,,,
BRE_01966,BREAK,1.0,1,,,,,,
BRE_01967,BREAK,0.0,1,,,,,,
BRE_01968,BREAK,1.0,1,,,,,,
BRE_01969,BREAK,1.0,1,,,,,,
BRE_01970,BREAK,1.0,0,,,,,,
BRE_01971,BREAK,1.0,1,,,,,,
BRE_01972,BREAK,1.0,0,,,,,,
BRE_01973,BREAK,0.0,1,,,,,,
BRE_01974,BREAK,0.0,1,,,,,,
BRE_01975,BREAK,1.0,1,,,,,,
BRE_01976,BREAK,1.0,0,,,,,,
BRE_01977,BREAK,1.0,1,,,,,,
BRE_01978,BREAK,1.0,1,,,,,,
BRE_01979,BREAK,0.0,0,,,,,,
BRE_01980,BREAK,0.0,0,,,,,,
BRE_01981,BREAK,0.0,1,,,,,,
BRE_01982,BREAK,1.0,1,,,,,,
BRE_01983,BREAK,1.0,1,,,,,,
BRE_01984,BREAK,1.0,0,,,,,,
BRE_01985,BREAK,1.0,1,,,,,,
BRE_01986,BREAK,0.0,1,,,,,,
BRE_01987,BREAK,1.0,1,,,,,,
BRE_01988,BREAK,1.0,0,,,,,,
BRE_01989,BREAK,1.0,1,,,,,,
BRE_01990,BREAK,0.0,0,,,,,,
BRE_01991,BREAK,1.0,0,,,,,,
BRE_01992,BREAK,0.0,0,,,,,,
BRE_01993,BREAK,1.0,0,,,,,,
BRE_01994,BREAK,1.0,1,,,,,,
BRE_01995,BREAK,1.0,1,,,,,,
BRE_01996,BREAK,1.0,1,,,,,,
BRE_01997,BREAK,0.0,0,,,,,,
BRE_01998,BREAK,1.0,1,,,,,,
BRE_01999,BREAK,0.0,1,,,,,,
BRE_02000,BREAK,0.0,0,,,,,,
BRE_02001,BREAK,1.0,0,,,,,,
BRE_02002,BREAK,0.0,1,,,,,,
BRE_02003,BREAK,1.0,1,,,,,,
BRE_02004,BREAK,1.0,0,,,,,,
BRE_02005,BREAK,1.0,1,,,,,,
BRE_02006,BREAK,0.0,0,,,,,,
BRE_02007,BREAK,0.0,1,,,,,,
BRE_02008,BREAK,0.0,1,,,,,,
BRE_02009,BREAK,1.0,1,,,,,,
BRE_02010,BREAK,1.0,1,,,,,,
BRE_02011,BREAK,1.0,0,,,,,,
BRE_02012,BREAK,1.0,1,,,,,,
BRE_02013,BREAK,0.0,0,,,,,,
BRE_02014,BREAK,0.0,1,,,,,,
BRE_02015,BREAK,1.0,1,,,,,,
BRE_02016,BREAK,1.0,0,,,,,,
BRE_02017,BREAK,0.0,1,,,,,,
BRE_02018,BREAK,0.0,0,,,,,,
BRE_02019,BREAK,1.0,1,,,,,,
BRE_02020,BREAK,1.0,0,,,,,,
BRE_02021,BREAK,1.0,1,,,,,,
BRE_02022,BREAK,1.0,1,,,,,,
BRE_02023,BREAK,1.0,0,,,,,,
BRE_02024,BREAK,1.0,1,,,,,,
BRE_02025,BREAK,1.0,0,,,,,,
BRE_02026,BREAK,0.0,0,,,,,,
BRE_02027,BREAK,1.0,0,,,,,,
BRE_02028,BREAK,1.0,1,,,,,,
BRE_02029,BREAK,1.0,1,,,,,,
BRE_02030,BREAK,0.0,0,,,,,,
BRE_02031,BREAK,1.0,1,,,,,,
BRE_02032,BREAK,0.0,1,,,,,,
BRE_02033,BREAK,1.0,0,,,,,,
BRE_02034,BREAK,1.0,0,,,,,,
BRE_02035,BREAK,1.0,1,,,,,,
BRE_02036,BREAK,0.0,0,,,,,,
BRE_02037,BREAK,1.0,1,,,,,,
BRE_02038,BREAK,1.0,1,,,,,,
BRE_02039,BREAK,0.0,0,,,,,,
BRE_02040,BREAK,1.0,1,,,,,,
BRE_02041,BREAK,1.0,0,,,,,,
BRE_02042,BREAK,1.0,1,,,,,,
BRE_02043,BREAK,1.0,1,,,,,,
BRE_02044,BREAK,1.0,1,,,,,,
BRE_02045,BREAK,0.0,1,,,,,,
BRE_02046,BREAK,1.0,0,,,,,,
BRE_02047,BREAK,1.0,1,,,,,,
BRE_02048,BREAK,1.0,0,,,,,,
BRE_02049,BREAK,1.0,1,,,,,,
BRE_02050,BREAK,1.0,1,,,,,,
BRE_02051,BREAK,1.0,1,,,,,,
BRE_02052,BREAK,1.0,0,,,,,,
BRE_02053,BREAK,1.0,0,,,,,,
BRE_02054,BREAK,1.0,1,,,,,,
BRE_02055,BREAK,1.0,1,,,,,,
BRE_02056,BREAK,1.0,1,,,,,,
BRE_02057,BREAK,1.0,0,,,,,,
BRE_02058,BREAK,1.0,1,,,,,,
BRE_02059,BREAK,1.0,0,,,,,,
BRE_02060,BREAK,1.0,0,,,,,,
BRE_02061,BREAK,0.0,1,,,,,,
BRE_02062,BREAK,0.0,0,,,,,,
BRE_02063,BREAK,1.0,1,,,,,,
BRE_02064,BREAK,0.0,0,,,,,,
BRE_02065,BREAK,1.0,1,,,,,,
BRE_02066,BREAK,0.0,0,,,,,,
BRE_02067,BREAK,1.0,1,,,,,,
BRE_02068,BREAK,1.0,1,,,,,,
BRE_02069,BREAK,1.0,1,,,,,,
BRE_02070,BREAK,1.0,0,,,,,,
BRE_02071,BREAK,1.0,1,,,,,,
BRE_02072,BREAK,1.0,1,,,,,,
BRE_02073,BREAK,1.0,1,,,,,,
BRE_02074,BREAK,1.0,0,,,,,,
BRE_02075,BREAK,0.0,1,,,,,,
BRE_02076,BREAK,1.0,0,,,,,,
BRE_02077,BREAK,0.0,0,,,,,,
BRE_02078,BREAK,1.0,0,,,,,,
BRE_02079,BREAK,1.0,1,,,,,,
BRE_02080,BREAK,1.0,1,,,,,,
BRE_02081,BREAK,1.0,1,,,,,,
BRE_02082,BREAK,0.0,1,,,,,,
BRE_02083,BREAK,1.0,1,,,,,,
BRE_02084,BREAK,1.0,1,,,,,,
BRE_02085,BREAK,1.0,1,,,,,,
BRE_02086,BREAK,1.0,1,,,,,,
BRE_02087,BREAK,1.0,0,,,,,,
BRE_02088,BREAK,0.0,0,,,,,,
BRE_02089,BREAK,0.0,0,,,,,,
BRE_02090,BREAK,1.0,0,,,,,,
BRE_02091,BREAK,0.0,1,,,,,,
BRE_02092,BREAK,1.0,1,,,,,,
BRE_02093,BREAK,1.0,0,,,,,,
BRE_02094,BREAK,1.0,1,,,,,,
BRE_02095,BREAK,0.0,0,,,,,,
BRE_02096,BREAK,1.0,0,,,,,,
BRE_02097,BREAK,1.0,1,,,,,,
BRE_02098,BREAK,1.0,1,,,,,,
BRE_02099,BREAK,1.0,0,,,,,,
BRE_02100,BREAK,0.0,0,,,,,,
BRE_02101,BREAK,0.0,1,,,,,,
BRE_02102,BREAK,1.0,1,,,,,,
BRE_02103,BREAK,0.0,0,,,,,,
BRE_02104,BREAK,1.0,0,,,,,,
BRE_02105,BREAK,0.0,1,,,,,,
BRE_02106,BREAK,1.0,0,,,,,,
BRE_02107,BREAK,1.0,0,,,,,,
BRE_02108,BREAK,0.0,0,,,,,,
BRE_02109,BREAK,1.0,1,,,,,,
BRE_02110,BREAK,0.0,0,,,,,,
BRE_02111,BREAK,1.0,0,,,,,,
BRE_02112,BREAK,1.0,1,,,,,,
BRE_02113,BREAK,1.0,0,,,,,,
BRE_02114,BREAK,1.0,1,,,,,,
BRE_02115,BREAK,1.0,0,,,,,,
BRE_02116,BREAK,0.0,0,,,,,,
BRE_02117,BREAK,1.0,0,,,,,,
BRE_02118,BREAK,0.0,1,,,,,,
BRE_02119,BREAK,1.0,0,,,,,,
BRE_02120,BREAK,0.0,1,,,,,,
BRE_02121,BREAK,0.0,0,,,,,,
BRE_02122,BREAK,1.0,1,,,,,,
BRE_02123,BREAK,0.0,1,,,,,,
BRE_02124,BREAK,0.0,1,,,,,,
BRE_02125,BREAK,1.0,1,,,,,,
BRE_02126,BREAK,0.0,0,,,,,,
BRE_02127,BREAK,0.0,1,,,,,,
BRE_02128,BREAK,1.0,1,,,,,,
BRE_02129,BREAK,1.0,1,,,,,,
BRE_02130,BREAK,1.0,1,,,,,,
BRE_02131,BREAK,0.0,0,,,,,,
BRE_02132,BREAK,0.0,1,,,,,,
BRE_02133,BREAK,1.0,1,,,,,,
BRE_02134,BREAK,1.0,1,,,,,,
BRE_02135,BREAK,0.0,1,,,,,,
BRE_02136,BREAK,1.0,1,,,,,,
BRE_02137,BREAK,1.0,1,,,,,,
BRE_02138,BREAK,1.0,1,,,,,,
BRE_02139,BREAK,1.0,1,,,,,,
BRE_02140,BREAK,1.0,1,,,,,,
BRE_02141,BREAK,1.0,1,,,,,,
BRE_02142,BREAK,0.0,0,,,,,,
BRE_02143,BREAK,1.0,1,,,,,,
BRE_02144,BREAK,1.0,1,,,,,,
BRE_02145,BREAK,1.0,1,,,,,,
BRE_02146,BREAK,1.0,1,,,,,,
BRE_02147,BREAK,1.0,1,,,,,,
BRE_02148,BREAK,0.0,0,,,,,,
BRE_02149,BREAK,0.0,1,,,,,,
BRE_02150,BREAK,1.0,0,,,,,,
BRE_02151,BREAK,1.0,1,,,,,,
BRE_02152,BREAK,1.0,1,,,,,,
BRE_02153,BREAK,1.0,1,,,,,,
BRE_02154,BREAK,1.0,0,,,,,,
BRE_02155,BREAK,1.0,1,,,,,,
BRE_02156,BREAK,1.0,1,,,,,,
BRE_02157,BREAK,0.0,0,,,,,,
BRE_02158,BREAK,0.0,0,,,,,,
BRE_02159,BREAK,1.0,0,,,,,,
BRE_02160,BREAK,0.0,0,,,,,,
BRE_02161,BREAK,1.0,1,,,,,,
BRE_02162,BREAK,0.0,1,,,,,,
BRE_02163,BREAK,1.0,0,,,,,,
BRE_02164,BREAK,1.0,0,,,,,,
BRE_02165,BREAK,0.0,1,,,,,,
BRE_02166,BREAK,1.0,1,,,,,,
BRE_02167,BREAK,0.0,1,,,,,,
BRE_02168,BREAK,1.0,1,,,,,,
BRE_02169,BREAK,1.0,0,,,,,,
BRE_02170,BREAK,0.0,1,,,,,,
BRE_02171,BREAK,1.0,1,,,,,,
BRE_02172,BREAK,1.0,0,,,,,,
BRE_02173,BREAK,1.0,1,,,,,,
BRE_02174,BREAK,1.0,0,,,,,,
BRE_02175,BREAK,0.0,0,,,,,,
BRE_02176,BREAK,1.0,0,,,,,,
BRE_02177,BREAK,1.0,0,,,,,,
BRE_02178,BREAK,0.0,1,,,,,,
BRE_02179,BREAK,0.0,1,,,,,,
BRE_02180,BREAK,1.0,1,,,,,,
BRE_02181,BREAK,1.0,1,,,,,,
BRE_02182,BREAK,0.0,0,,,,,,
BRE_02183,BREAK,0.0,1,,,,,,
BRE_02184,BREAK,0.0,1,,,,,,
BRE_02185,BREAK,0.0,0,,,,,,
BRE_02186,BREAK,1.0,0,,,,,,
BRE_02187,BREAK,0.0,1,,,,,,
BRE_02188,BREAK,0.0,1,,,,,,
BRE_02189,BREAK,1.0,1,,,,,,
BRE_02190,BREAK,1.0,1,,,,,,
BRE_02191,BREAK,1.0,1,,,,,,
BRE_02192,BREAK,1.0,0,,,,,,
BRE_02193,BREAK,1.0,1,,,,,,
BRE_02194,BREAK,1.0,1,,,,,,
BRE_02195,BREAK,1.0,1,,,,,,
BRE_02196,BREAK,1.0,1,,,,,,
BRE_02197,BREAK,1.0,1,,,,,,
BRE_02198,BREAK,1.0,1,,,,,,
BRE_02199,BREAK,1.0,1,,,,,,
BRE_02200,BREAK,1.0,1,,,,,,
BRE_02201,BREAK,1.0,1,,,,,,
BRE_02202,BREAK,0.0,0,,,,,,
BRE_02203,BREAK,0.0,0,,,,,,
BRE_02204,BREAK,0.0,0,,,,,,
BRE_02205,BREAK,1.0,1,,,,,,
BRE_02206,BREAK,0.0,0,,,,,,
BRE_02207,BREAK,1.0,0,,,,,,
BRE_02208,BREAK,1.0,1,,,,,,
BRE_02209,BREAK,1.0,1,,,,,,
BRE_02210,BREAK,1.0,0,,,,,,
BRE_02211,BREAK,0.0,0,,,,,,
BRE_02212,BREAK,0.0,0,,,,,,
BRE_02213,BREAK,1.0,0,,,,,,
BRE_02214,BREAK,1.0,1,,,,,,
BRE_02215,BREAK,1.0,1,,,,,,
BRE_02216,BREAK,1.0,1,,,,,,
BRE_02217,BREAK,1.0,0,,,,,,
BRE_02218,BREAK,1.0,0,,,,,,
BRE_02219,BREAK,0.0,0,,,,,,
BRE_02220,BREAK,1.0,0,,,,,,
BRE_02221,BREAK,1.0,1,,,,,,
BRE_02222,BREAK,1.0,1,,,,,,
BRE_02223,BREAK,1.0,0,,,,,,
BRE_02224,BREAK,0.0,1,,,,,,
BRE_02225,BREAK,1.0,0,,,,,,
BRE_02226,BREAK,1.0,0,,,,,,
BRE_02227,BREAK,1.0,1,,,,,,
BRE_02228,BREAK,0.0,0,,,,,,
BRE_02229,BREAK,1.0,1,,,,,,
BRE_02230,BREAK,0.0,1,,,,,,
BRE_02231,BREAK,0.0,0,,,,,,
BRE_02232,BREAK,1.0,1,,,,,,
BRE_02233,BREAK,1.0,1,,,,,,
BRE_02234,BREAK,1.0,1,,,,,,
BRE_02235,BREAK,1.0,1,,,,,,
BRE_02236,BREAK,1.0,1,,,,,,
BRE_02237,BREAK,1.0,1,,,,,,
BRE_02238,BREAK,1.0,1,,,,,,
BRE_02239,BREAK,1.0,1,,,,,,
BRE_02240,BREAK,1.0,1,,,,,,
BRE_02241,BREAK,0.0,0,,,,,,
BRE_02242,BREAK,0.0,1,,,,,,
BRE_02243,BREAK,1.0,1,,,,,,
BRE_02244,BREAK,0.0,1,,,,,,
BRE_02245,BREAK,0.0,0,,,,,,
BRE_02246,BREAK,0.0,1,,,,,,
BRE_02247,BREAK,1.0,1,,,,,,
BRE_02248,BREAK,1.0,1,,,,,,
BRE_02249,BREAK,1.0,0,,,,,,
BRE_02250,BREAK,1.0,1,,,,,,
BRE_02251,BREAK,1.0,1,,,,,,
BRE_02252,BREAK,1.0,1,,,,,,
BRE_02253,BREAK,1.0,1,,,,,,
BRE_02254,BREAK,0.0,1,,,,,,
BRE_02255,BREAK,0.0,1,,,,,,
BRE_02256,BREAK,0.0,0,,,,,,
BRE_02257,BREAK,1.0,1,,,,,,
BRE_02258,BREAK,1.0,1,,,,,,
BRE_02259,BREAK,1.0,0,,,,,,
BRE_02260,BREAK,0.0,0,,,,,,
BRE_02261,BREAK,1.0,0,,,,,,
BRE_02262,BREAK,0.0,1,,,,,,
BRE_02263,BREAK,1.0,1,,,,,,
BRE_02264,BREAK,1.0,1,,,,,,
BRE_02265,BREAK,0.0,1,,,,,,
BRE_02266,BREAK,1.0,1,,,,,,
BRE_02267,BREAK,1.0,1,,,,,,
BRE_02268,BREAK,1.0,1,,,,,,
BRE_02269,BREAK,1.0,1,,,,,,
BRE_02270,BREAK,1.0,1,,,,,,
BRE_02271,BREAK,0.0,0,,,,,,
BRE_02272,BREAK,1.0,1,,,,,,
BRE_02273,BREAK,1.0,1,,,,,,
BRE_02274,BREAK,1.0,1,,,,,,
BRE_02275,BREAK,1.0,1,,,,,,
BRE_02276,BREAK,1.0,1,,,,,,
BRE_02277,BREAK,1.0,0,,,,,,
BRE_02278,BREAK,0.0,0,,,,,,
BRE_02279,BREAK,0.0,0,,,,,,
BRE_02280,BREAK,0.0,0,,,,,,
BRE_02281,BREAK,1.0,1,,,,,,
BRE_02282,BREAK,0.0,0,,,,,,
BRE_02283,BREAK,1.0,0,,,,,,
BRE_02284,BREAK,1.0,1,,,,,,
BRE_02285,BREAK,0.0,1,,,,,,
BRE_02286,BREAK,0.0,1,,,,,,
BRE_02287,BREAK,1.0,0,,,,,,
BRE_02288,BREAK,0.0,0,,,,,,
BRE_02289,BREAK,1.0,0,,,,,,
BRE_02290,BREAK,1.0,1,,,,,,
BRE_02291,BREAK,0.0,0,,,,,,
BRE_02292,BREAK,1.0,1,,,,,,
BRE_02293,BREAK,1.0,1,,,,,,
BRE_02294,BREAK,1.0,1,,,,,,
BRE_02295,BREAK,0.0,1,,,,,,
BRE_02296,BREAK,1.0,1,,,,,,
BRE_02297,BREAK,0.0,0,,,,,,
BRE_02298,BREAK,0.0,1,,,,,,
BRE_02299,BREAK,1.0,1,,,,,,
BRE_02300,BREAK,1.0,1,,,,,,
BRE_02301,BREAK,1.0,1,,,,,,
BRE_02302,BREAK,0.0,1,,,,,,
BRE_02303,BREAK,0.0,0,,,,,,
BRE_02304,BREAK,0.0,1,,,,,,
BRE_02305,BREAK,1.0,1,,,,,,
BRE_02306,BREAK,1.0,1,,,,,,
BRE_02307,BREAK,0.0,1,,,,,,
BRE_02308,BREAK,1.0,0,,,,,,
BRE_02309,BREAK,0.0,1,,,,,,
BRE_02310,BREAK,1.0,1,,,,,,
BRE_02311,BREAK,0.0,1,,,,,,
BRE_02312,BREAK,1.0,1,,,,,,
BRE_02313,BREAK,1.0,1,,,,,,
BRE_02314,BREAK,0.0,0,,,,,,
BRE_02315,BREAK,0.0,1,,,,,,
BRE_02316,BREAK,1.0,0,,,,,,
BRE_02317,BREAK,1.0,1,,,,,,
BRE_02318,BREAK,1.0,0,,,,,,
BRE_02319,BREAK,1.0,1,,,,,,
BRE_02320,BREAK,1.0,0,,,,,,
BRE_02321,BREAK,1.0,0,,,,,,
BRE_02322,BREAK,0.0,0,,,,,,
BRE_02323,BREAK,1.0,0,,,,,,
BRE_02324,BREAK,1.0,0,,,,,,
BRE_02325,BREAK,1.0,1,,,,,,
BRE_02326,BREAK,0.0,0,,,,,,
BRE_02327,BREAK,1.0,1,,,,,,
BRE_02328,BREAK,0.0,1,,,,,,
BRE_02329,BREAK,0.0,0,,,,,,
BRE_02330,BREAK,1.0,0,,,,,,
BRE_02331,BREAK,1.0,1,,,,,,
BRE_02332,BREAK,1.0,1,,,,,,
BRE_02333,BREAK,1.0,1,,,,,,
BRE_02334,BREAK,1.0,1,,,,,,
BRE_02335,BREAK,1.0,1,,,,,,
BRE_02336,BREAK,1.0,1,,,,,,
BRE_02337,BREAK,1.0,0,,,,,,
BRE_02338,BREAK,1.0,1,,,,,,
BRE_02339,BREAK,0.0,0,,,,,,
BRE_02340,BREAK,0.0,0,,,,,,
BRE_02341,BREAK,0.0,1,,,,,,
BRE_02342,BREAK,1.0,0,,,,,,
BRE_02343,BREAK,1.0,1,,,,,,
BRE_02344,BREAK,1.0,1,,,,,,
BRE_02345,BREAK,1.0,1,,,,,,
BRE_02346,BREAK,1.0,0,,,,,,
BRE_02347,BREAK,0.0,1,,,,,,
BRE_02348,BREAK,0.0,1,,,,,,
BRE_02349,BREAK,1.0,1,,,,,,
BRE_02350,BREAK,1.0,0,,,,,,
BRE_02351,BREAK,1.0,0,,,,,,
BRE_02352,BREAK,1.0,1,,,,,,
BRE_02353,BREAK,0.0,1,,,,,,
BRE_02354,BREAK,0.0,1,,,,,,
BRE_02355,BREAK,1.0,1,,,,,,
BRE_02356,BREAK,0.0,1,,,,,,
BRE_02357,BREAK,1.0,0,,,,,,
BRE_02358,BREAK,0.0,0,,,,,,
BRE_02359,BREAK,1.0,0,,,,,,
BRE_02360,BREAK,1.0,1,,,,,,
BRE_02361,BREAK,0.0,0,,,,,,
BRE_02362,BREAK,0.0,1,,,,,,
BRE_02363,BREAK,1.0,1,,,,,,
BRE_02364,BREAK,1.0,0,,,,,,
BRE_02365,BREAK,1.0,1,,,,,,
BRE_02366,BREAK,1.0,1,,,,,,
BRE_02367,BREAK,1.0,1,,,,,,
BRE_02368,BREAK,0.0,0,,,,,,
BRE_02369,BREAK,1.0,0,,,,,,
BRE_02370,BREAK,1.0,1,,,,,,
BRE_02371,BREAK,0.0,1,,,,,,
BRE_02372,BREAK,1.0,1,,,,,,
BRE_02373,BREAK,0.0,1,,,,,,
BRE_02374,BREAK,0.0,1,,,,,,
BRE_02375,BREAK,1.0,0,,,,,,
BRE_02376,BREAK,1.0,1,,,,,,
BRE_02377,BREAK,1.0,1,,,,,,
BRE_02378,BREAK,1.0,1,,,,,,
BRE_02379,BREAK,1.0,1,,,,,,
BRE_02380,BREAK,1.0,0,,,,,,
BRE_02381,BREAK,1.0,1,,,,,,
BRE_02382,BREAK,0.0,1,,,,,,
BRE_02383,BREAK,1.0,1,,,,,,
BRE_02384,BREAK,1.0,1,,,,,,
BRE_02385,BREAK,1.0,1,,,,,,
BRE_02386,BREAK,1.0,0,,,,,,
BRE_02387,BREAK,1.0,1,,,,,,
BRE_02388,BREAK,0.0,0,,,,,,
BRE_02389,BREAK,1.0,1,,,,,,
BRE_02390,BREAK,1.0,1,,,,,,
BRE_02391,BREAK,1.0,1,,,,,,
BRE_02392,BREAK,1.0,1,,,,,,
BRE_02393,BREAK,1.0,1,,,,,,
BRE_02394,BREAK,1.0,0,,,,,,
BRE_02395,BREAK,0.0,0,,,,,,
BRE_02396,BREAK,1.0,1,,,,,,
BRE_02397,BREAK,0.0,0,,,,,,
BRE_02398,BREAK,0.0,1,,,,,,
BRE_02399,BREAK,1.0,1,,,,,,
BRE_02400,BREAK,1.0,1,,,,,,
BRE_02401,BREAK,0.0,1,,,,,,
BRE_02402,BREAK,1.0,0,,,,,,
BRE_02403,BREAK,1.0,0,,,,,,
BRE_02404,BREAK,0.0,1,,,,,,
BRE_02405,BREAK,1.0,0,,,,,,
BRE_02406,BREAK,1.0,0,,,,,,
BRE_02407,BREAK,1.0,0,,,,,,
BRE_02408,BREAK,1.0,0,,,,,,
BRE_02409,BREAK,1.0,0,,,,,,
BRE_02410,BREAK,1.0,1,,,,,,
BRE_02411,BREAK,1.0,0,,,,,,
BRE_02412,BREAK,1.0,0,,,,,,
BRE_02413,BREAK,1.0,1,,,,,,
BRE_02414,BREAK,1.0,1,,,,,,
BRE_02415,BREAK,0.0,1,,,,,,
BRE_02416,BREAK,0.0,1,,,,,,
BRE_02417,BREAK,1.0,0,,,,,,
BRE_02418,BREAK,1.0,1,,,,,,
BRE_02419,BREAK,0.0,0,,,,,,
BRE_02420,BREAK,1.0,0,,,,,,
BRE_02421,BREAK,0.0,1,,,,,,
BRE_02422,BREAK,1.0,1,,,,,,
BRE_02423,BREAK,1.0,1,,,,,,
BRE_02424,BREAK,1.0,1,,,,,,
BRE_02425,BREAK,1.0,1,,,,,,
BRE_02426,BREAK,1.0,1,,,,,,
BRE_02427,BREAK,1.0,1,,,,,,
BRE_02428,BREAK,1.0,1,,,,,,
BRE_02429,BREAK,1.0,1,,,,,,
BRE_02430,BREAK,1.0,1,,,,,,
BRE_02431,BREAK,1.0,1,,,,,,
BRE_02432,BREAK,0.0,0,,,,,,
BRE_02433,BREAK,1.0,1,,,,,,
BRE_02434,BREAK,0.0,1,,,,,,
BRE_02435,BREAK,0.0,0,,,,,,
BRE_02436,BREAK,1.0,1,,,,,,
BRE_02437,BREAK,1.0,0,,,,,,
BRE_02438,BREAK,1.0,1,,,,,,
BRE_02439,BREAK,0.0,1,,,,,,
BRE_02440,BREAK,1.0,1,,,,,,
BRE_02441,BREAK,0.0,0,,,,,,
BRE_02442,BREAK,1.0,1,,,,,,
BRE_02443,BREAK,1.0,1,,,,,,
BRE_02444,BREAK,0.0,1,,,,,,
BRE_02445,BREAK,1.0,0,,,,,,
BRE_02446,BREAK,1.0,1,,,,,,
BRE_02447,BREAK,0.0,0,,,,,,
BRE_02448,BREAK,1.0,0,,,,,,
BRE_02449,BREAK,1.0,1,,,,,,
BRE_02450,BREAK,0.0,1,,,,,,
BRE_02451,BREAK,1.0,0,,,,,,
BRE_02452,BREAK,1.0,1,,,,,,
BRE_02453,BREAK,1.0,1,,,,,,
BRE_02454,BREAK,1.0,1,,,,,,
BRE_02455,BREAK,1.0,0,,,,,,
BRE_02456,BREAK,1.0,1,,,,,,
BRE_02457,BREAK,0.0,1,,,,,,
BRE_02458,BREAK,1.0,0,,,,,,
BRE_02459,BREAK,1.0,0,,,,,,
BRE_02460,BREAK,1.0,0,,,,,,
BRE_02461,BREAK,0.0,1,,,,,,
BRE_02462,BREAK,1.0,1,,,,,,
BRE_02463,BREAK,1.0,1,,,,,,
BRE_02464,BREAK,1.0,1,,,,,,
BRE_02465,BREAK,1.0,1,,,,,,
BRE_02466,BREAK,1.0,0,,,,,,
BRE_02467,BREAK,0.0,1,,,,,,
BRE_02468,BREAK,0.0,1,,,,,,
BRE_02469,BREAK,1.0,1,,,,,,
BRE_02470,BREAK,1.0,1,,,,,,
BRE_02471,BREAK,0.0,1,,,,,,
BRE_02472,BREAK,1.0,1,,,,,,
BRE_02473,BREAK,1.0,1,,,,,,
BRE_02474,BREAK,1.0,1,,,,,,
BRE_02475,BREAK,1.0,1,,,,,,
BRE_02476,BREAK,1.0,1,,,,,,
BRE_02477,BREAK,0.0,0,,,,,,
BRE_02478,BREAK,1.0,1,,,,,,
BRE_02479,BREAK,1.0,1,,,,,,
BRE_02480,BREAK,1.0,1,,,,,,
BRE_02481,BREAK,1.0,0,,,,,,
BRE_02482,BREAK,1.0,1,,,,,,
BRE_02483,BREAK,1.0,1,,,,,,
BRE_02484,BREAK,1.0,1,,,,,,
BRE_02485,BREAK,0.0,1,,,,,,
BRE_02486,BREAK,1.0,1,,,,,,
BRE_02487,BREAK,1.0,1,,,,,,
BRE_02488,BREAK,0.0,0,,,,,,
BRE_02489,BREAK,1.0,1,,,,,,
BRE_02490,BREAK,1.0,0,,,,,,
BRE_02491,BREAK,1.0,0,,,,,,
BRE_02492,BREAK,1.0,1,,,,,,
BRE_02493,BREAK,1.0,1,,,,,,
BRE_02494,BREAK,0.0,0,,,,,,
BRE_02495,BREAK,0.0,1,,,,,,
BRE_02496,BREAK,1.0,1,,,,,,
BRE_02497,BREAK,1.0,1,,,,,,
BRE_02498,BREAK,1.0,1,,,,,,
BRE_02499,BREAK,1.0,0,,,,,,
BRE_02500,BREAK,1.0,1,,,,,,
BRE_02501,BREAK,1.0,0,,,,,,
BRE_02502,BREAK,1.0,1,,,,,,
BRE_02503,BREAK,1.0,1,,,,,,
BRE_02504,BREAK,1.0,1,,,,,,
BRE_02505,BREAK,1.0,0,,,,,,
BRE_02506,BREAK,1.0,0,,,,,,
BRE_02507,BREAK,0.0,1,,,,,,
BRE_02508,BREAK,1.0,1,,,,,,
BRE_02509,BREAK,1.0,1,,,,,,
BRE_02510,BREAK,1.0,0,,,,,,
BRE_02511,BREAK,0.0,0,,,,,,
BRE_02512,BREAK,0.0,0,,,,,,
BRE_02513,BREAK,1.0,0,,,,,,
BRE_02514,BREAK,1.0,1,,,,,,
BRE_02515,BREAK,0.0,0,,,,,,
BRE_02516,BREAK,1.0,1,,,,,,
BRE_02517,BREAK,1.0,0,,,,,,
BRE_02518,BREAK,0.0,0,,,,,,
BRE_02519,BREAK,1.0,1,,,,,,
BRE_02520,BREAK,0.0,1,,,,,,
BRE_02521,BREAK,1.0,0,,,,,,
BRE_02522,BREAK,1.0,1,,,,,,
BRE_02523,BREAK,1.0,1,,,,,,
BRE_02524,BREAK,1.0,0,,,,,,
BRE_02525,BREAK,1.0,1,,,,,,
BRE_02526,BREAK,1.0,1,,,,,,
BRE_02527,BREAK,1.0,0,,,,,,
BRE_02528,BREAK,1.0,1,,,,,,
BRE_02529,BREAK,0.0,0,,,,,,
BRE_02530,BREAK,1.0,0,,,,,,
BRE_02531,BREAK,1.0,1,,,,,,
BRE_02532,BREAK,1.0,1,,,,,,
BRE_02533,BREAK,0.0,1,,,,,,
BRE_02534,BREAK,0.0,1,,,,,,
BRE_02535,BREAK,0.0,1,,,,,,
BRE_02536,BREAK,0.0,0,,,,,,
BRE_02537,BREAK,0.0,1,,,,,,
BRE_02538,BREAK,1.0,0,,,,,,
BRE_02539,BREAK,1.0,1,,,,,,
BRE_02540,BREAK,1.0,1,,,,,,
BRE_02541,BREAK,1.0,1,,,,,,
BRE_02542,BREAK,1.0,0,,,,,,
BRE_02543,BREAK,1.0,1,,,,,,
BRE_02544,BREAK,1.0,1,,,,,,
BRE_02545,BREAK,0.0,0,,,,,,
BRE_02546,BREAK,1.0,1,,,,,,
BRE_02547,BREAK,0.0,0,,,,,,
BRE_02548,BREAK,1.0,0,,,,,,
BRE_02549,BREAK,1.0,0,,,,,,
BRE_02550,BREAK,1.0,0,,,,,,
BRE_02551,BREAK,1.0,1,,,,,,
BRE_02552,BREAK,1.0,1,,,,,,
BRE_02553,BREAK,1.0,0,,,,,,
BRE_02554,BREAK,1.0,1,,,,,,
BRE_02555,BREAK,0.0,0,,,,,,
BRE_02556,BREAK,1.0,1,,,,,,
BRE_02557,BREAK,1.0,0,,,,,,
BRE_02558,BREAK,1.0,1,,,,,,
BRE_02559,BREAK,0.0,1,,,,,,
BRE_02560,BREAK,1.0,1,,,,,,
BRE_02561,BREAK,1.0,1,,,,,,
BRE_02562,BREAK,0.0,0,,,,,,
BRE_02563,BREAK,0.0,0,,,,,,
BRE_02564,BREAK,0.0,1,,,,,,
BRE_02565,BREAK,1.0,1,,,,,,
BRE_02566,BREAK,1.0,0,,,,,,
BRE_02567,BREAK,1.0,1,,,,,,
BRE_02568,BREAK,1.0,1,,,,,,
BRE_02569,BREAK,1.0,1,,,,,,
BRE_02570,BREAK,1.0,0,,,,,,
BRE_02571,BREAK,0.0,1,,,,,,
BRE_02572,BREAK,1.0,1,,,,,,
BRE_02573,BREAK,1.0,1,,,,,,
BRE_02574,BREAK,1.0,1,,,,,,
BRE_02575,BREAK,1.0,1,,,,,,
BRE_02576,BREAK,0.0,0,,,,,,
BRE_02577,BREAK,0.0,1,,,,,,
BRE_02578,BREAK,1.0,1,,,,,,
BRE_02579,BREAK,1.0,1,,,,,,
BRE_02580,BREAK,1.0,1,,,,,,
BRE_02581,BREAK,1.0,1,,,,,,
BRE_02582,BREAK,0.0,0,,,,,,
BRE_02583,BREAK,0.0,0,,,,,,
BRE_02584,BREAK,1.0,0,,,,,,
BRE_02585,BREAK,1.0,1,,,,,,
BRE_02586,BREAK,0.0,0,,,,,,
BRE_02587,BREAK,0.0,1,,,,,,
BRE_02588,BREAK,1.0,1,,,,,,
BRE_02589,BREAK,0.0,0,,,,,,
BRE_02590,BREAK,1.0,1,,,,,,
BRE_02591,BREAK,1.0,1,,,,,,
BRE_02592,BREAK,0.0,1,,,,,,
BRE_02593,BREAK,0.0,0,,,,,,
BRE_02594,BREAK,1.0,1,,,,,,
BRE_02595,BREAK,1.0,0,,,,,,
BRE_02596,BREAK,1.0,0,,,,,,
BRE_02597,BREAK,1.0,0,,,,,,
BRE_02598,BREAK,0.0,0,,,,,,
BRE_02599,BREAK,0.0,1,,,,,,
BRE_02600,BREAK,0.0,0,,,,,,
BRE_02601,BREAK,1.0,0,,,,,,
BRE_02602,BREAK,0.0,0,,,,,,
BRE_02603,BREAK,0.0,0,,,,,,
BRE_02604,BREAK,1.0,1,,,,,,
BRE_02605,BREAK,0.0,1,,,,,,
BRE_02606,BREAK,1.0,1,,,,,,
BRE_02607,BREAK,1.0,0,,,,,,
BRE_02608,BREAK,0.0,0,,,,,,
BRE_02609,BREAK,1.0,0,,,,,,
BRE_02610,BREAK,1.0,1,,,,,,
BRE_02611,BREAK,0.0,1,,,,,,
BRE_02612,BREAK,1.0,1,,,,,,
BRE_02613,BREAK,1.0,0,,,,,,
BRE_02614,BREAK,1.0,1,,,,,,
BRE_02615,BREAK,0.0,0,,,,,,
BRE_02616,BREAK,1.0,1,,,,,,
BRE_02617,BREAK,0.0,0,,,,,,
BRE_02618,BREAK,1.0,0,,,,,,
BRE_02619,BREAK,1.0,1,,,,,,
BRE_02620,BREAK,1.0,0,,,,,,
BRE_02621,BREAK,0.0,1,,,,,,
BRE_02622,BREAK,1.0,1,,,,,,
BRE_02623,BREAK,1.0,1,,,,,,
BRE_02624,BREAK,1.0,1,,,,,,
BRE_02625,BREAK,1.0,1,,,,,,
BRE_02626,BREAK,1.0,1,,,,,,
BRE_02627,BREAK,1.0,0,,,,,,
BRE_02628,BREAK,1.0,1,,,,,,
BRE_02629,BREAK,0.0,1,,,,,,
BRE_02630,BREAK,1.0,1,,,,,,
BRE_02631,BREAK,1.0,1,,,,,,
BRE_02632,BREAK,1.0,1,,,,,,
BRE_02633,BREAK,1.0,1,,,,,,
BRE_02634,BREAK,1.0,1,,,,,,
BRE_02635,BREAK,0.0,0,,,,,,
BRE_02636,BREAK,0.0,1,,,,,,
BRE_02637,BREAK,1.0,0,,,,,,
BRE_02638,BREAK,0.0,1,,,,,,
BRE_02639,BREAK,0.0,1,,,,,,
BRE_02640,BREAK,1.0,1,,,,,,
BRE_02641,BREAK,1.0,1,,,,,,
BRE_02642,BREAK,0.0,0,,,,,,
BRE_02643,BREAK,1.0,1,,,,,,
BRE_02644,BREAK,1.0,1,,,,,,
BRE_02645,BREAK,1.0,0,,,,,,
BRE_02646,BREAK,1.0,0,,,,,,
BRE_02647,BREAK,0.0,0,,,,,,
BRE_02648,BREAK,0.0,0,,,,,,
BRE_02649,BREAK,1.0,1,,,,,,
BRE_02650,BREAK,0.0,1,,,,,,
BRE_02651,BREAK,1.0,0,,,,,,
BRE_02652,BREAK,0.0,1,,,,,,
BRE_02653,BREAK,1.0,1,,,,,,
BRE_02654,BREAK,0.0,0,,,,,,
BRE_02655,BREAK,1.0,1,,,,,,
BRE_02656,BREAK,1.0,0,,,,,,
BRE_02657,BREAK,1.0,1,,,,,,
BRE_02658,BREAK,1.0,1,,,,,,
BRE_02659,BREAK,0.0,1,,,,,,
BRE_02660,BREAK,1.0,1,,,,,,
BRE_02661,BREAK,1.0,1,,,,,,
BRE_02662,BREAK,1.0,0,,,,,,
BRE_02663,BREAK,0.0,0,,,,,,
BRE_02664,BREAK,1.0,1,,,,,,
BRE_02665,BREAK,0.0,0,,,,,,
BRE_02666,BREAK,0.0,0,,,,,,
BRE_02667,BREAK,0.0,0,,,,,,
BRE_02668,BREAK,1.0,0,,,,,,
BRE_02669,BREAK,1.0,1,,,,,,
BRE_02670,BREAK,1.0,1,,,,,,
BRE_02671,BREAK,1.0,0,,,,,,
BRE_02672,BREAK,1.0,0,,,,,,
BRE_02673,BREAK,1.0,1,,,,,,
BRE_02674,BREAK,1.0,1,,,,,,
BRE_02675,BREAK,1.0,1,,,,,,
BRE_02676,BREAK,0.0,0,,,,,,
BRE_02677,BREAK,1.0,1,,,,,,
BRE_02678,BREAK,1.0,1,,,,,,
BRE_02679,BREAK,1.0,1,,,,,,
BRE_02680,BREAK,1.0,1,,,,,,
BRE_02681,BREAK,1.0,1,,,,,,
BRE_02682,BREAK,1.0,0,,,,,,
BRE_02683,BREAK,1.0,1,,,,,,
BRE_02684,BREAK,0.0,1,,,,,,
BRE_02685,BREAK,1.0,0,,,,,,
BRE_02686,BREAK,1.0,1,,,,,,
BRE_02687,BREAK,1.0,1,,,,,,
BRE_02688,BREAK,0.0,0,,,,,,
BRE_02689,BREAK,0.0,1,,,,,,
BRE_02690,BREAK,0.0,1,,,,,,
BRE_02691,BREAK,0.0,0,,,,,,
BRE_02692,BREAK,1.0,1,,,,,,
BRE_02693,BREAK,1.0,1,,,,,,
BRE_02694,BREAK,0.0,1,,,,,,
BRE_02695,BREAK,1.0,0,,,,,,
BRE_02696,BREAK,1.0,1,,,,,,
BRE_02697,BREAK,1.0,1,,,,,,
BRE_02698,BREAK,1.0,1,,,,,,
BRE_02699,BREAK,1.0,1,,,,,,
BRE_02700,BREAK,0.0,0,,,,,,
BRE_02701,BREAK,1.0,1,,,,,,
BRE_02702,BREAK,0.0,1,,,,,,
BRE_02703,BREAK,1.0,1,,,,,,
BRE_02704,BREAK,1.0,1,,,,,,
BRE_02705,BREAK,0.0,0,,,,,,
BRE_02706,BREAK,0.0,1,,,,,,
BRE_02707,BREAK,0.0,1,,,,,,
BRE_02708,BREAK,0.0,1,,,,,,
BRE_02709,BREAK,1.0,1,,,,,,
BRE_02710,BREAK,1.0,1,,,,,,
BRE_02711,BREAK,0.0,1,,,,,,
BRE_02712,BREAK,0.0,0,,,,,,
BRE_02713,BREAK,1.0,1,,,,,,
BRE_02714,BREAK,0.0,1,,,,,,
BRE_02715,BREAK,1.0,0,,,,,,
BRE_02716,BREAK,1.0,0,,,,,,
BRE_02717,BREAK,1.0,1,,,,,,
BRE_02718,BREAK,1.0,1,,,,,,
BRE_02719,BREAK,0.0,0,,,,,,
BRE_02720,BREAK,1.0,0,,,,,,
BRE_02721,BREAK,1.0,0,,,,,,
BRE_02722,BREAK,0.0,0,,,,,,
BRE_02723,BREAK,1.0,1,,,,,,
BRE_02724,BREAK,0.0,1,,,,,,
BRE_02725,BREAK,0.0,0,,,,,,
BRE_02726,BREAK,1.0,1,,,,,,
BRE_02727,BREAK,1.0,1,,,,,,
BRE_02728,BREAK,0.0,1,,,,,,
BRE_02729,BREAK,0.0,0,,,,,,
BRE_02730,BREAK,0.0,0,,,,,,
BRE_02731,BREAK,0.0,0,,,,,,
BRE_02732,BREAK,1.0,1,,,,,,
BRE_02733,BREAK,1.0,0,,,,,,
BRE_02734,BREAK,1.0,0,,,,,,
BRE_02735,BREAK,1.0,0,,,,,,
BRE_02736,BREAK,1.0,1,,,,,,
BRE_02737,BREAK,1.0,1,,,,,,
BRE_02738,BREAK,0.0,1,,,,,,
BRE_02739,BREAK,1.0,1,,,,,,
BRE_02740,BREAK,0.0,1,,,,,,
BRE_02741,BREAK,1.0,0,,,,,,
BRE_02742,BREAK,0.0,1,,,,,,
BRE_02743,BREAK,1.0,1,,,,,,
BRE_02744,BREAK,1.0,0,,,,,,
BRE_02745,BREAK,0.0,0,,,,,,
BRE_02746,BREAK,0.0,1,,,,,,
BRE_02747,BREAK,1.0,1,,,,,,
BRE_02748,BREAK,1.0,1,,,,,,
BRE_02749,BREAK,0.0,1,,,,,,
BRE_02750,BREAK,1.0,1,,,,,,
BRE_02751,BREAK,1.0,0,,,,,,
BRE_02752,BREAK,1.0,1,,,,,,
BRE_02753,BREAK,1.0,1,,,,,,
BRE_02754,BREAK,1.0,1,,,,,,
BRE_02755,BREAK,0.0,1,,,,,,
BRE_02756,BREAK,1.0,0,,,,,,
BRE_02757,BREAK,1.0,0,,,,,,
BRE_02758,BREAK,0.0,0,,,,,,
BRE_02759,BREAK,1.0,0,,,,,,
BRE_02760,BREAK,1.0,0,,,,,,
BRE_02761,BREAK,0.0,1,,,,,,
BRE_02762,BREAK,1.0,1,,,,,,
BRE_02763,BREAK,1.0,1,,,,,,
BRE_02764,BREAK,1.0,1,,,,,,
BRE_02765,BREAK,1.0,0,,,,,,
BRE_02766,BREAK,1.0,0,,,,,,
BRE_02767,BREAK,0.0,0,,,,,,
BRE_02768,BREAK,0.0,0,,,,,,
BRE_02769,BREAK,1.0,1,,,,,,
BRE_02770,BREAK,0.0,0,,,,,,
BRE_02771,BREAK,1.0,0,,,,,,
BRE_02772,BREAK,0.0,0,,,,,,
BRE_02773,BREAK,1.0,1,,,,,,
BRE_02774,BREAK,0.0,1,,,,,,
BRE_02775,BREAK,1.0,1,,,,,,
BRE_02776,BREAK,0.0,0,,,,,,
BRE_02777,BREAK,1.0,1,,,,,,
BRE_02778,BREAK,1.0,1,,,,,,
BRE_02779,BREAK,0.0,0,,,,,,
BRE_02780,BREAK,1.0,0,,,,,,
BRE_02781,BREAK,1.0,1,,,,,,
BRE_02782,BREAK,0.0,0,,,,,,
BRE_02783,BREAK,1.0,1,,,,,,
BRE_02784,BREAK,1.0,0,,,,,,
BRE_02785,BREAK,1.0,1,,,,,,
BRE_02786,BREAK,1.0,1,,,,,,
BRE_02787,BREAK,0.0,1,,,,,,
BRE_02788,BREAK,1.0,0,,,,,,
BRE_02789,BREAK,1.0,1,,,,,,
BRE_02790,BREAK,1.0,1,,,,,,
BRE_02791,BREAK,1.0,0,,,,,,
BRE_02792,BREAK,1.0,1,,,,,,
BRE_02793,BREAK,1.0,1,,,,,,
BRE_02794,BREAK,1.0,0,,,,,,
BRE_02795,BREAK,0.0,1,,,,,,
BRE_02796,BREAK,1.0,1,,,,,,
BRE_02797,BREAK,0.0,0,,,,,,
BRE_02798,BREAK,1.0,1,,,,,,
BRE_02799,BREAK,1.0,1,,,,,,
BRE_02800,BREAK,0.0,1,,,,,,
BRE_02801,BREAK,0.0,0,,,,,,
BRE_02802,BREAK,0.0,1,,,,,,
BRE_02803,BREAK,1.0,1,,,,,,
BRE_02804,BREAK,0.0,0,,,,,,
BRE_02805,BREAK,1.0,1,,,,,,
BRE_02806,BREAK,0.0,1,,,,,,
BRE_02807,BREAK,1.0,0,,,,,,
BRE_02808,BREAK,1.0,1,,,,,,
BRE_02809,BREAK,1.0,1,,,,,,
BRE_02810,BREAK,0.0,1,,,,,,
BRE_02811,BREAK,0.0,0,,,,,,
BRE_02812,BREAK,1.0,1,,,,,,
BRE_02813,BREAK,0.0,1,,,,,,
BRE_02814,BREAK,1.0,1,,,,,,
BRE_02815,BREAK,1.0,1,,,,,,
BRE_02816,BREAK,1.0,1,,,,,,
BRE_02817,BREAK,0.0,1,,,,,,
BRE_02818,BREAK,1.0,1,,,,,,
BRE_02819,BREAK,0.0,1,,,,,,
BRE_02820,BREAK,0.0,0,,,,,,
BRE_02821,BREAK,1.0,0,,,,,,
BRE_02822,BREAK,0.0,1,,,,,,
BRE_02823,BREAK,0.0,1,,,,,,
BRE_02824,BREAK,0.0,1,,,,,,
BRE_02825,BREAK,0.0,0,,,,,,
BRE_02826,BREAK,1.0,0,,,,,,
BRE_02827,BREAK,1.0,1,,,,,,
BRE_02828,BREAK,1.0,0,,,,,,
BRE_02829,BREAK,0.0,0,,,,,,
BRE_02830,BREAK,0.0,0,,,,,,
BRE_02831,BREAK,0.0,1,,,,,,
BRE_02832,BREAK,1.0,0,,,,,,
BRE_02833,BREAK,0.0,1,,,,,,
BRE_02834,BREAK,1.0,1,,,,,,
BRE_02835,BREAK,1.0,1,,,,,,
BRE_02836,BREAK,0.0,1,,,,,,
BRE_02837,BREAK,1.0,1,,,,,,
BRE_02838,BREAK,1.0,1,,,,,,
BRE_02839,BREAK,1.0,1,,,,,,
BRE_02840,BREAK,1.0,0,,,,,,
BRE_02841,BREAK,1.0,0,,,,,,
BRE_02842,BREAK,1.0,1,,,,,,
BRE_02843,BREAK,0.0,1,,,,,,
BRE_02844,BREAK,1.0,1,,,,,,
BRE_02845,BREAK,0.0,0,,,,,,
BRE_02846,BREAK,1.0,1,,,,,,
BRE_02847,BREAK,1.0,1,,,,,,
BRE_02848,BREAK,1.0,1,,,,,,
BRE_02849,BREAK,1.0,1,,,,,,
BRE_02850,BREAK,1.0,0,,,,,,
BRE_02851,BREAK,0.0,1,,,,,,
BRE_02852,BREAK,0.0,0,,,,,,
BRE_02853,BREAK,0.0,0,,,,,,
BRE_02854,BREAK,1.0,1,,,,,,
BRE_02855,BREAK,0.0,1,,,,,,
BRE_02856,BREAK,1.0,0,,,,,,
BRE_02857,BREAK,0.0,1,,,,,,
BRE_02858,BREAK,0.0,0,,,,,,
BRE_02859,BREAK,0.0,0,,,,,,
BRE_02860,BREAK,1.0,1,,,,,,
BRE_02861,BREAK,1.0,1,,,,,,
BRE_02862,BREAK,0.0,1,,,,,,
BRE_02863,BREAK,0.0,0,,,,,,
BRE_02864,BREAK,1.0,1,,,,,,
BRE_02865,BREAK,0.0,0,,,,,,
BRE_02866,BREAK,1.0,1,,,,,,
BRE_02867,BREAK,0.0,1,,,,,,
BRE_02868,BREAK,1.0,0,,,,,,
BRE_02869,BREAK,1.0,1,,,,,,
BRE_02870,BREAK,0.0,0,,,,,,
BRE_02871,BREAK,1.0,1,,,,,,
BRE_02872,BREAK,0.0,0,,,,,,
BRE_02873,BREAK,0.0,1,,,,,,
BRE_02874,BREAK,0.0,0,,,,,,
BRE_02875,BREAK,1.0,1,,,,,,
BRE_02876,BREAK,1.0,1,,,,,,
BRE_02877,BREAK,0.0,0,,,,,,
BRE_02878,BREAK,1.0,0,,,,,,
BRE_02879,BREAK,1.0,1,,,,,,
BRE_02880,BREAK,0.0,0,,,,,,
BRE_02881,BREAK,1.0,0,,,,,,
BRE_02882,BREAK,1.0,1,,,,,,
BRE_02883,BREAK,0.0,0,,,,,,
BRE_02884,BREAK,0.0,0,,,,,,
BRE_02885,BREAK,1.0,0,,,,,,
BRE_02886,BREAK,0.0,1,,,,,,
BRE_02887,BREAK,1.0,1,,,,,,
BRE_02888,BREAK,1.0,1,,,,,,
BRE_02889,BREAK,1.0,1,,,,,,
BRE_02890,BREAK,1.0,1,,,,,,
BRE_02891,BREAK,1.0,1,,,,,,
BRE_02892,BREAK,1.0,1,,,,,,
BRE_02893,BREAK,0.0,1,,,,,,
BRE_02894,BREAK,1.0,1,,,,,,
BRE_02895,BREAK,1.0,0,,,,,,
BRE_02896,BREAK,1.0,1,,,,,,
BRE_02897,BREAK,1.0,0,,,,,,
BRE_02898,BREAK,1.0,1,,,,,,
BRE_02899,BREAK,1.0,1,,,,,,
BRE_02900,BREAK,1.0,1,,,,,,
BRE_02901,BREAK,1.0,1,,,,,,
BRE_02902,BREAK,0.0,0,,,,,,
BRE_02903,BREAK,1.0,0,,,,,,
BRE_02904,BREAK,1.0,1,,,,,,
BRE_02905,BREAK,1.0,1,,,,,,
BRE_02906,BREAK,0.0,1,,,,,,
BRE_02907,BREAK,1.0,1,,,,,,
BRE_02908,BREAK,1.0,1,,,,,,
BRE_02909,BREAK,1.0,1,,,,,,
BRE_02910,BREAK,1.0,0,,,,,,
BRE_02911,BREAK,0.0,0,,,,,,
BRE_02912,BREAK,1.0,1,,,,,,
BRE_02913,BREAK,0.0,0,,,,,,
BRE_02914,BREAK,0.0,1,,,,,,
BRE_02915,BREAK,1.0,1,,,,,,
BRE_02916,BREAK,1.0,1,,,,,,
BRE_02917,BREAK,1.0,0,,,,,,
BRE_02918,BREAK,1.0,1,,,,,,
BRE_02919,BREAK,1.0,0,,,,,,
BRE_02920,BREAK,1.0,0,,,,,,
BRE_02921,BREAK,1.0,1,,,,,,
BRE_02922,BREAK,1.0,1,,,,,,
BRE_02923,BREAK,0.0,1,,,,,,
BRE_02924,BREAK,1.0,1,,,,,,
BRE_02925,BREAK,0.0,0,,,,,,
BRE_02926,BREAK,1.0,1,,,,,,
BRE_02927,BREAK,1.0,0,,,,,,
BRE_02928,BREAK,1.0,1,,,,,,
BRE_02929,BREAK,0.0,0,,,,,,
BRE_02930,BREAK,1.0,0,,,,,,
BRE_02931,BREAK,1.0,1,,,,,,
BRE_02932,BREAK,1.0,1,,,,,,
BRE_02933,BREAK,1.0,1,,,,,,
BRE_02934,BREAK,0.0,1,,,,,,
BRE_02935,BREAK,0.0,1,,,,,,
BRE_02936,BREAK,0.0,1,,,,,,
BRE_02937,BREAK,1.0,1,,,,,,
BRE_02938,BREAK,1.0,1,,,,,,
BRE_02939,BREAK,1.0,1,,,,,,
BRE_02940,BREAK,1.0,1,,,,,,
BRE_02941,BREAK,1.0,0,,,,,,
BRE_02942,BREAK,1.0,1,,,,,,
BRE_02943,BREAK,1.0,1,,,,,,
BRE_02944,BREAK,1.0,0,,,,,,
BRE_02945,BREAK,0.0,1,,,,,,
BRE_02946,BREAK,1.0,1,,,,,,
BRE_02947,BREAK,1.0,1,,,,,,
BRE_02948,BREAK,1.0,0,,,,,,
BRE_02949,BREAK,0.0,0,,,,,,
BRE_02950,BREAK,1.0,0,,,,,,
BRE_02951,BREAK,0.0,0,,,,,,
BRE_02952,BREAK,1.0,1,,,,,,
BRE_02953,BREAK,1.0,1,,,,,,
BRE_02954,BREAK,0.0,0,,,,,,
BRE_02955,BREAK,1.0,1,,,,,,
BRE_02956,BREAK,1.0,1,,,,,,
BRE_02957,BREAK,0.0,0,,,,,,
BRE_02958,BREAK,1.0,1,,,,,,
BRE_02959,BREAK,1.0,1,,,,,,
BRE_02960,BREAK,0.0,0,,,,,,
BRE_02961,BREAK,1.0,1,,,,,,
BRE_02962,BREAK,1.0,1,,,,,,
BRE_02963,BREAK,1.0,1,,,,,,
BRE_02964,BREAK,1.0,1,,,,,,
BRE_02965,BREAK,0.0,1,,,,,,
BRE_02966,BREAK,1.0,1,,,,,,
BRE_02967,BREAK,1.0,1,,,,,,
BRE_02968,BREAK,1.0,1,,,,,,
BRE_02969,BREAK,1.0,0,,,,,,
BRE_02970,BREAK,0.0,1,,,,,,
BRE_02971,BREAK,0.0,1,,,,,,
BRE_02972,BREAK,1.0,1,,,,,,
BRE_02973,BREAK,0.0,1,,,,,,
BRE_02974,BREAK,1.0,1,,,,,,
BRE_02975,BREAK,0.0,0,,,,,,
BRE_02976,BREAK,0.0,0,,,,,,
BRE_02977,BREAK,1.0,1,,,,,,
BRE_02978,BREAK,1.0,1,,,,,,
BRE_02979,BREAK,0.0,0,,,,,,
BRE_02980,BREAK,1.0,1,,,,,,
BRE_02981,BREAK,1.0,1,,,,,,
BRE_02982,BREAK,1.0,1,,,,,,
BRE_02983,BREAK,0.0,0,,,,,,
BRE_02984,BREAK,1.0,1,,,,,,
BRE_02985,BREAK,1.0,1,,,,,,
BRE_02986,BREAK,0.0,0,,,,,,
BRE_02987,BREAK,1.0,0,,,,,,
BRE_02988,BREAK,1.0,0,,,,,,
BRE_02989,BREAK,1.0,0,,,,,,
BRE_02990,BREAK,1.0,1,,,,,,
BRE_02991,BREAK,1.0,1,,,,,,
BRE_02992,BREAK,1.0,0,,,,,,
BRE_02993,BREAK,0.0,0,,,,,,
BRE_02994,BREAK,0.0,0,,,,,,
BRE_02995,BREAK,0.0,1,,,,,,
BRE_02996,BREAK,1.0,0,,,,,,
BRE_02997,BREAK,0.0,0,,,,,,
BRE_02998,BREAK,0.0,1,,,,,,
BRE_02999,BREAK,1.0,1,,,,,,
BRE_03000,BREAK,1.0,0,,,,,,
LUN_00001,LUNCH,,0,,1.0,0.0,0.0,0.0,0.0
LUN_00002,LUNCH,,0,,0.0,1.0,0.0,1.0,1.0
LUN_00003,LUNCH,,1,,0.0,1.0,1.0,0.0,1.0
LUN_00004,LUNCH,,1,,0.0,1.0,0.0,0.0,0.0
LUN_00005,LUNCH,,1,,0.0,1.0,1.0,1.0,0.0
LUN_00006,LUNCH,,1,,0.0,1.0,1.0,0.0,0.0
LUN_00007,LUNCH,,1,,0.0,0.0,0.0,0.0,0.0
LUN_00008,LUNCH,,1,,0.0,1.0,0.0,0.0,1.0
LUN_00009,LUNCH,,0,,0.0,0.0,1.0,0.0,0.0
LUN_00010,LUNCH,,0,,0.0,1.0,0.0,0.0,0.0
LUN_00011,LUNCH,,0,,1.0,0.0,0.0,0.0,0.0
LUN_00012,LUNCH,,1,,0.0,1.0,0.0,0.0,1.0
LUN_00013,LUNCH,,1,,0.0,1.0,1.0,1.0,0.0
LUN_00014,LUNCH,,0,,0.0,1.0,0.0,0.0,0.0
LUN_00015,LUNCH,,1,,0.0,1.0,1.0,0.0,0.0
LUN_00016,LUNCH,,0,,1.0,0.0,0.0,0.0,0.0
LUN_00017,LUNCH,,0,,0.0,1.0,0.0,0.0,1.0
LUN_00018,LUNCH,,0,,0.0,0.0,0.0,0.0,0.0
LUN_00019,LUNCH,,1,,0.0,1.0,1.0,1.0,0.0
LUN_00020,LUNCH,,1,,0.0,1.0,1.0,1.0,0.0
LUN_00021,LUNCH,,0,,1.0,0.0,0.0,0.0,0.0
LUN_00022,LUNCH,,0,,1.0,0.0,0.0,0.0,0.0
LUN_00023,LUNCH,,1,,0.0,1.0,0.0,0.0,1.0
LUN_00024,LUNCH,,0,,1.0,0.0,0.0,0.0,0.0
LUN_00025,LUNCH,,1,,0.0,1.0,0.0,0.0,0.0
LUN_00026,LUNCH,,0,,0.0,1.0,1.0,1.0,0.0
LUN_00027,LUNCH,,0,,0.0,1.0,0.0,0.0,1.0
LUN_00028,LUNCH,,0,,0.0,0.0,0.0,0.0,0.0
LUN_00029,LUNCH,,1,,0.0,0.0,0.0,0.0,0.0
LUN_00030,LUNCH,,0,,1.0,0.0,0.0,0.0,0.0
LUN_00031,LUNCH,,0,,1.0,0.0,0.0,0.0,0.0
LUN_00032,LUNCH,,0,,0.0,1.0,1.0,1.0,0.0
LUN_00033,LUNCH,,0,,0.0,0.0,1.0,0.0,0.0
LUN_00034,LUNCH,,0,,1.0,0.0,0.0,0.0,0.0
LUN_00035,LUNCH,,1,,0.0,1.0,1.0,0.0,0.0
LUN_00036,LUNCH,,1,,0.0,1.0,0.0,1.0,0.0
LUN_00037,LUNCH,,1,,0.0,1.0,1.0,1.0,0.0
LUN_00038,LUNCH,,1,,0.0,1.0,1.0,1.0,1.0
LUN_00039,LUNCH,,1,,0.0,1.0,1.0,0.0,0.0
LUN_00040,LUNCH,,1,,0.0,1.0,1.0,0.0,1.0
LUN_00041,LUNCH,,1,,0.0,1.0,0.0,1.0,0.0
LUN_00042,LUNCH,,0,,0.0,0.0,0.0,1.0,0.0
LUN_00043,LUNCH,,1,,0.0,1.0,0.0,0.0,1.0
LUN_00044,LUNCH,,0,,0.0,1.0,0.0,0.0,0.0
LUN_00045,LUNCH,,0,,0.0,1.0,0.0,1.0,0.0
LUN_00046,LUNCH,,1,,0.0,0.0,1.0,1.0,1.0
LUN_00047,LUNCH,,1,,0.0,0.0,0.0,0.0,0.0
LUN_00048,LUNCH,,1,,0.0,1.0,1.0,1.0,1.0
LUN_00049,LUNCH,,1,,0.0,1.0,1.0,1.0,1.0
LUN_00050,LUNCH,,0,,0.0,1.0,0.0,0.0,0.0
LUN_00051,LUNCH,,0,,1.0,0.0,0.0,0.0,0.0
LUN_00052,LUNCH,,0,,1.0,0.0,0.0,0.0,0.0
LUN_00053,LUNCH,,0,,0.0,1.0,0.0,1.0,0.0
LUN_00054,LUNCH,,0,,1.0,0.0,0.0,0.0,0.0
LUN_00055,LUNCH,,0,,0.0,1.0,1.0,0.0,1.0
LUN_00056,LUNCH,,1,,0.0,1.0,0.0,0.0,0.0
LUN_00057,LUNCH,,1,,0.0,1.0,0.0,1.0,1.0
LUN_00058,LUNCH,,1,,0.0,1.0,0.0,0.0,0.0
LUN_00059,LUNCH,,0,,0.0,1.0,1.0,1.0,0.0
LUN_00060,LUNCH,,1,,0.0,1.0,0.0,1.0,0.0
LUN_00061,LUNCH,,1,,0.0,0.0,0.0,0.0,0.0
LUN_00062,LUNCH,,1,,0.0,1.0,1.0,1.0,1.0
LUN_00063,LUNCH,,0,,0.0,1.0,1.0,1.0,0.0
LUN_00064,LUNCH,,0,,1.0,0.0,0.0,0.0,0.0
LUN_00065,LUNCH,,1,,0.0,1.0,0.0,1.0,0.0
LUN_00066,LUNCH,,0,,0.0,0.0,0.0,0.0,0.0
LUN_00067,LUNCH,,1,,0.0,1.0,0.0,0.0,0.0
LUN_00068,LUNCH,,0,,1.0,0.0,0.0,0.0,0.0
LUN_00069,LUNCH,,0,,1.0,0.0,0.0,0.0,0.0
LUN_00070,LUNCH,,0,,1.0,0.0,0.0,0.0,0.0
LUN_00071,LUNCH,,0,,0.0,1.0,0.0,0.0,1.0
LUN_00072,LUNCH,,1,,0.0,1.0,0.0,0.0,0.0
LUN_00073,LUNCH,,0,,1.0,0.0,0.0,0.0,0.0
LUN_00074,LUNCH,,0,,1.0,0.0,0.0,0.0,0.0
LUN_00075,LUNCH,,0,,1.0,0.0,0.0,0.0,0.0
LUN_00076,LUNCH,,0,,0.0,0.0,0.0,0.0,0.0
LUN_00077,LUNCH,,0,,0.0,1.0,0.0,0.0,0.0
LUN_00078,LUNCH,,0,,0.0,1.0,0.0,1.0,0.0
LUN_00079,LUNCH,,1,,0.0,1.0,1.0,1.0,0.0
LUN_00080,LUNCH,,0,,0.0,1.0,1.0,1.0,0.0
LUN_00081,LUNCH,,0,,0.0,0.0,1.0,0.0,0.0
LUN_00082,LUNCH,,0,,0.0,1.0,1.0,0.0,1.0
LUN_00083,LUNCH,,0,,1.0,0.0,0.0,0.0,0.0
LUN_00084,LUNCH,,1,,0.0,0.0,1.0,0.0,0.0
LUN_00085,LUNCH,,0,,0.0,1.0,0.0,1.0,0.0
LUN_00086,LUNCH,,0,,1.0,0.0,0.0,0.0,0.0
LUN_00087,LUNCH,,0,,0.0,1.0,1.0,1.0,1.0
LUN_00088,LUNCH,,1,,0.0,0.0,1.0,0.0,0.0
LUN_00089,LUNCH,,1,,0.0,1.0,1.0,0.0,0.0
LUN_00090,LUNCH,,1,,0.0,1.0,0.0,0.0,1.0
LUN_00091,LUNCH,,0,,1.0,0.0,0.0,0.0,0.0
LUN_00092,LUNCH,,1,,0.0,1.0,0.0,1.0,0.0
LUN_00093,LUNCH,,0,,1.0,0.0,0.0,0.0,0.0
LUN_00094,LUNCH,,1,,0.0,1.0,1.0,0.0,0.0
LUN_00095,LUNCH,,0,,0.0,1.0,1.0,0.0,0.0
LUN_00096,LUNCH,,0,,0.0,1.0,1.0,1.0,1.0
LUN_00097,LUNCH,,0,,1.0,0.0,0.0,0.0,0.0
LUN_00098,LUNCH,,0,,0.0,1.0,1.0,0.0,1.0
LUN_00099,LUNCH,,0,,1.0,0.0,0.0,0.0,0.0
LUN_00100,LUNCH,,1,,0.0,1.0,1.0,0.0,0.0
LUN_00101,LUNCH,,1,,0.0,0.0,1.0,0.0,0.0
LUN_00102,LUNCH,,0,,1.0,0.0,0.0,0.0,0.0
LUN_00103,LUNCH,,0,,1.0,0.0,0.0,0.0,0.0
LUN_00104,LUNCH,,0,,1.0,0.0,0.0,0.0,0.0
LUN_00105,LUNCH,,1,,0.0,1.0,0.0,0.0,0.0
LUN_00106,LUNCH,,1,,0.0,1.0,1.0,1.0,0.0
LUN_00107,LUNCH,,1,,0.0,1.0,1.0,1.0,1.0
LUN_00108,LUNCH,,0,,0.0,1.0,0.0,0.0,0.0
LUN_00109,LUNCH,,1,,0.0,1.0,0.0,1.0,0.0
LUN_00110,LUNCH,,0,,1.0,0.0,0.0,0.0,0.0
LUN_00111,LUNCH,,0,,1.0,0.0,0.0,0.0,0.0
LUN_00112,LUNCH,,0,,1.0,0.0,0.0,0.0,0.0
LUN_00113,LUNCH,,1,,0.0,1.0,0.0,0.0,0.0
LUN_00114,LUNCH,,0,,1.0,0.0,0.0,0.0,0.0
LUN_00115,LUNCH,,1,,0.0,1.0,1.0,1.0,0.0
LUN_00116,LUNCH,,1,,0.0,1.0,1.0,0.0,0.0
LUN_00117,LUNCH,,0,,0.0,0.0,1.0,1.0,0.0
LUN_00118,LUNCH,,0,,1.0,0.0,0.0,0.0,0.0
LUN_00119,LUNCH,,1,,0.0,1.0,0.0,0.0,0.0
LUN_00120,LUNCH,,1,,0.0,1.0,0.0,1.0,1.0
LUN_00121,LUNCH,,0,,1.0,0.0,0.0,0.0,0.0
LUN_00122,LUNCH,,1,,0.0,1.0,1.0,1.0,0.0
LUN_00123,LUNCH,,0,,0.0,0.0,1.0,1.0,1.0
LUN_00124,LUNCH,,1,,0.0,0.0,1.0,0.0,1.0
LUN_00125,LUNCH,,0,,0.0,1.0,0.0,0.0,0.0
LUN_00126,LUNCH,,1,,0.0,1.0,1.0,0.0,0.0
LUN_00127,LUNCH,,1,,0.0,0.0,0.0,1.0,0.0
LUN_00128,LUNCH,,0,,1.0,0.0,0.0,0.0,0.0
LUN_00129,LUNCH,,0,,1.0,0.0,0.0,0.0,0.0
LUN_00130,LUNCH,,1,,0.0,1.0,0.0,1.0,0.0
LUN_00131,LUNCH,,0,,0.0,0.0,0.0,0.0,0.0
LUN_00132,LUNCH,,1,,0.0,1.0,0.0,0.0,0.0
LUN_00133,LUNCH,,0,,1.0,0.0,0.0,0.0,0.0
LUN_00134,LUNCH,,0,,0.0,1.0,1.0,1.0,0.0
LUN_00135,LUNCH,,0,,0.0,1.0,0.0,1.0,0.0
LUN_00136,LUNCH,,1,,0.0,1.0,1.0,1.0,0.0
LUN_00137,LUNCH,,0,,1.0,0.0,0.0,0.0,0.0
LUN_00138,LUNCH,,0,,1.0,0.0,0.0,0.0,0.0
LUN_00139,LUNCH,,1,,0.0,1.0,1.0,0.0,1.0
LUN_00140,LUNCH,,1,,0.0,1.0,0.0,0.0,1.0
LUN_00141,LUNCH,,0,,1.0,0.0,0.0,0.0,0.0
LUN_00142,LUNCH,,0,,0.0,0.0,0.0,1.0,1.0
LUN_00143,LUNCH,,1,,0.0,1.0,0.0,0.0,1.0
LUN_00144,LUNCH,,0,,0.0,1.0,0.0,0.0,0.0
LUN_00145,LUNCH,,1,,0.0,1.0,1.0,0.0,0.0
LUN_00146,LUNCH,,1,,0.0,1.0,0.0,0.0,0.0
LUN_00147,LUNCH,,1,,0.0,1.0,1.0,0.0,0.0
LUN_00148,LUNCH,,0,,1.0,0.0,0.0,0.0,0.0
LUN_00149,LUNCH,,0,,1.0,0.0,0.0,0.0,0.0
LUN_00150,LUNCH,,0,,0.0,1.0,1.0,1.0,0.0
LUN_00151,LUNCH,,0,,0.0,1.0,1.0,1.0,0.0
LUN_00152,LUNCH,,1,,0.0,1.0,1.0,1.0,0.0
LUN_00153,LUNCH,,1,,0.0,1.0,1.0,1.0,0.0
LUN_00154,LUNCH,,0,,1.0,0.0,0.0,0.0,0.0
LUN_00155,LUNCH,,0,,0.0,1.0,0.0,0.0,0.0
LUN_00156,LUNCH,,1,,0.0,1.0,1.0,1.0,1.0
LUN_00157,LUNCH,,0,,1.0,0.0,0.0,0.0,0.0
LUN_00158,LUNCH,,0,,1.0,0.0,0.0,0.0,0.0
LUN_00159,LUNCH,,1,,0.0,0.0,1.0,0.0,0.0
LUN_00160,LUNCH,,1,,0.0,1.0,0.0,0.0,0.0
LUN_00161,LUNCH,,0,,0.0,1.0,1.0,0.0,1.0
LUN_00162,LUNCH,,0,,0.0,1.0,1.0,1.0,0.0
LUN_00163,LUNCH,,1,,0.0,1.0,1.0,1.0,0.0
LUN_00164,LUNCH,,1,,0.0,1.0,0.0,0.0,0.0
LUN_00165,LUNCH,,0,,0.0,1.0,0.0,1.0,1.0
LUN_00166,LUNCH,,0,,0.0,1.0,0.0,1.0,1.0
LUN_00167,LUNCH,,0,,1.0,0.0,0.0,0.0,0.0
LUN_00168,LUNCH,,1,,0.0,1.0,0.0,0.0,0.0
LUN_00169,LUNCH,,0,,0.0,1.0,0.0,1.0,0.0
LUN_00170,LUNCH,,1,,0.0,1.0,1.0,1.0,0.0
LUN_00171,LUNCH,,1,,0.0,1.0,1.0,0.0,0.0
LUN_00172,LUNCH,,0,,1.0,0.0,0.0,0.0,0.0
LUN_00173,LUNCH,,0,,1.0,0.0,0.0,0.0,0.0
LUN_00174,LUNCH,,1,,0.0,1.0,0.0,0.0,0.0
LUN_00175,LUNCH,,1,,0.0,0.0,0.0,1.0,0.0
LUN_00176,LUNCH,,0,,0.0,1.0,0.0,1.0,1.0
LUN_00177,LUNCH,,0,,0.0,1.0,1.0,0.0,1.0
LUN_00178,LUNCH,,0,,0.0,0.0,0.0,0.0,0.0
LUN_00179,LUNCH,,1,,0.0,1.0,1.0,0.0,0.0
LUN_00180,LUNCH,,0,,0.0,1.0,0.0,1.0,0.0
LUN_00181,LUNCH,,0,,0.0,1.0,1.0,0.0,1.0
LUN_00182,LUNCH,,1,,0.0,1.0,0.0,0.0,0.0
LUN_00183,LUNCH,,1,,0.0,1.0,1.0,1.0,0.0
LUN_00184,LUNCH,,1,,0.0,0.0,1.0,0.0,0.0
LUN_00185,LUNCH,,0,,0.0,1.0,0.0,0.0,0.0
LUN_00186,LUNCH,,0,,1.0,0.0,0.0,0.0,0.0
LUN_00187,LUNCH,,0,,0.0,1.0,1.0,1.0,0.0
LUN_00188,LUNCH,,1,,0.0,1.0,0.0,0.0,0.0
LUN_00189,LUNCH,,0,,0.0,1.0,1.0,1.0,0.0
LUN_00190,LUNCH,,1,,0.0,1.0,1.0,1.0,1.0
LUN_00191,LUNCH,,0,,0.0,1.0,1.0,0.0,0.0
LUN_00192,LUNCH,,0,,0.0,1.0,0.0,1.0,0.0
LUN_00193,LUNCH,,1,,0.0,0.0,1.0,0.0,0.0
LUN_00194,LUNCH,,1,,0.0,1.0,1.0,0.0,1.0
LUN_00195,LUNCH,,0,,0.0,1.0,1.0,0.0,0.0
LUN_00196,LUNCH,,0,,0.0,1.0,1.0,1.0,0.0
LUN_00197,LUNCH,,1,,0.0,0.0,0.0,0.0,0.0
LUN_00198,LUNCH,,1,,0.0,1.0,1.0,1.0,0.0
LUN_00199,LUNCH,,0,,0.0,1.0,0.0,0.0,1.0
LUN_00200,LUNCH,,1,,0.0,1.0,1.0,1.0,0.0
LUN_00201,LUNCH,,0,,0.0,1.0,1.0,1.0,1.0
LUN_00202,LUNCH,,1,,0.0,1.0,0.0,0.0,0.0
LUN_00203,LUNCH,,0,,0.0,1.0,0.0,0.0,1.0
LUN_00204,LUNCH,,1,,0.0,1.0,1.0,0.0,0.0
LUN_00205,LUNCH,,1,,0.0,1.0,1.0,0.0,0.0
LUN_00206,LUNCH,,1,,0.0,0.0,0.0,1.0,1.0
LUN_00207,LUNCH,,1,,0.0,0.0,0.0,1.0,1.0
LUN_00208,LUNCH,,1,,0.0,1.0,1.0,1.0,0.0
LUN_00209,LUNCH,,1,,0.0,1.0,0.0,0.0,0.0
LUN_00210,LUNCH,,1,,0.0,1.0,0.0,1.0,0.0
LUN_00211,LUNCH,,1,,0.0,1.0,1.0,0.0,1.0
LUN_00212,LUNCH,,1,,0.0,1.0,0.0,0.0,0.0
LUN_00213,LUNCH,,1,,0.0,1.0,0.0,0.0,0.0
LUN_00214,LUNCH,,1,,0.0,0.0,0.0,0.0,1.0
LUN_00215,LUNCH,,1,,0.0,1.0,1.0,0.0,1.0
LUN_00216,LUNCH,,1,,0.0,1.0,0.0,0.0,1.0
LUN_00217,LUNCH,,0,,0.0,1.0,0.0,0.0,0.0
LUN_00218,LUNCH,,0,,0.0,1.0,1.0,1.0,1.0
LUN_00219,LUNCH,,1,,0.0,1.0,1.0,1.0,0.0
LUN_00220,LUNCH,,1,,0.0,1.0,0.0,1.0,1.0
LUN_00221,LUNCH,,0,,1.0,0.0,0.0,0.0,0.0
LUN_00222,LUNCH,,1,,0.0,1.0,1.0,0.0,0.0
LUN_00223,LUNCH,,0,,1.0,0.0,0.0,0.0,0.0
LUN_00224,LUNCH,,0,,1.0,0.0,0.0,0.0,0.0
LUN_00225,LUNCH,,1,,0.0,1.0,1.0,0.0,1.0
LUN_00226,LUNCH,,1,,0.0,1.0,0.0,0.0,0.0
LUN_00227,LUNCH,,0,,1.0,0.0,0.0,0.0,0.0
LUN_00228,LUNCH,,0,,0.0,0.0,1.0,1.0,1.0
LUN_00229,LUNCH,,0,,0.0,1.0,1.0,1.0,1.0
LUN_00230,LUNCH,,0,,0.0,0.0,1.0,0.0,0.0
LUN_00231,LUNCH,,1,,0.0,0.0,0.0,1.0,0.0
LUN_00232,LUNCH,,1,,0.0,1.0,0.0,1.0,0.0
LUN_00233,LUNCH,,1,,0.0,0.0,0.0,0.0,1.0
LUN_00234,LUNCH,,1,,0.0,1.0,1.0,1.0,0.0
LUN_00235,LUNCH,,0,,1.0,0.0,0.0,0.0,0.0
LUN_00236,LUNCH,,1,,0.0,1.0,0.0,1.0,0.0
LUN_00237,LUNCH,,0,,0.0,1.0,1.0,0.0,0.0
LUN_00238,LUNCH,,1,,0.0,1.0,1.0,0.0,1.0
LUN_00239,LUNCH,,1,,0.0,1.0,0.0,1.0,1.0
LUN_00240,LUNCH,,1,,0.0,1.0,0.0,0.0,0.0
LUN_00241,LUNCH,,0,,0.0,1.0,0.0,1.0,0.0
LUN_00242,LUNCH,,0,,0.0,1.0,0.0,1.0,1.0
LUN_00243,LUNCH,,1,,0.0,1.0,0.0,0.0,0.0
LUN_00244,LUNCH,,1,,0.0,0.0,1.0,1.0,0.0
LUN_00245,LUNCH,,0,,0.0,1.0,0.0,0.0,0.0
LUN_00246,LUNCH,,1,,0.0,1.0,0.0,1.0,1.0
LUN_00247,LUNCH,,1,,0.0,1.0,1.0,0.0,1.0
LUN_00248,LUNCH,,0,,1.0,0.0,0.0,0.0,0.0
LUN_00249,LUNCH,,1,,0.0,1.0,0.0,1.0,0.0
LUN_00250,LUNCH,,0,,1.0,0.0,0.0,0.0,0.0
LUN_00251,LUNCH,,0,,0.0,1.0,0.0,1.0,1.0
LUN_00252,LUNCH,,1,,0.0,0.0,1.0,0.0,0.0
LUN_00253,LUNCH,,1,,0.0,0.0,0.0,0.0,0.0
LUN_00254,LUNCH,,0,,0.0,1.0,0.0,1.0,1.0
LUN_00255,LUNCH,,0,,0.0,1.0,1.0,0.0,1.0
LUN_00256,LUNCH,,1,,0.0,1.0,1.0,0.0,0.0
LUN_00257,LUNCH,,0,,1.0,0.0,0.0,0.0,0.0
LUN_00258,LUNCH,,0,,0.0,1.0,1.0,1.0,1.0
LUN_00259,LUNCH,,0,,1.0,0.0,0.0,0.0,0.0
LUN_00260,LUNCH,,0,,0.0,0.0,0.0,0.0,0.0
LUN_00261,LUNCH,,0,,1.0,0.0,0.0,0.0,0.0
LUN_00262,LUNCH,,0,,0.0,1.0,1.0,0.0,0.0
LUN_00263,LUNCH,,1,,0.0,1.0,1.0,1.0,1.0
LUN_00264,LUNCH,,0,,0.0,0.0,1.0,0.0,1.0
LUN_00265,LUNCH,,1,,0.0,1.0,0.0,0.0,1.0
LUN_00266,LUNCH,,1,,0.0,1.0,1.0,0.0,0.0
LUN_00267,LUNCH,,0,,0.0,1.0,1.0,1.0,0.0
LUN_00268,LUNCH,,1,,0.0,1.0,1.0,1.0,1.0
LUN_00269,LUNCH,,1,,0.0,1.0,0.0,1.0,1.0
LUN_00270,LUNCH,,0,,1.0,0.0,0.0,0.0,0.0
LUN_00271,LUNCH,,1,,0.0,1.0,0.0,0.0,1.0
LUN_00272,LUNCH,,0,,0.0,1.0,1.0,1.0,1.0
LUN_00273,LUNCH,,0,,0.0,0.0,1.0,0.0,0.0
LUN_00274,LUNCH,,1,,0.0,1.0,1.0,0.0,1.0
LUN_00275,LUNCH,,0,,0.0,1.0,0.0,1.0,1.0
LUN_00276,LUNCH,,1,,0.0,1.0,1.0,0.0,0.0
LUN_00277,LUNCH,,0,,0.0,0.0,1.0,1.0,0.0
LUN_00278,LUNCH,,0,,0.0,1.0,1.0,1.0,1.0
LUN_00279,LUNCH,,0,,1.0,0.0,0.0,0.0,0.0
LUN_00280,LUNCH,,1,,0.0,1.0,1.0,0.0,0.0
LUN_00281,LUNCH,,1,,0.0,1.0,1.0,1.0,0.0
LUN_00282,LUNCH,,1,,0.0,1.0,1.0,0.0,1.0
LUN_00283,LUNCH,,1,,0.0,1.0,0.0,0.0,0.0
LUN_00284,LUNCH,,1,,0.0,1.0,0.0,0.0,0.0
LUN_00285,LUNCH,,1,,0.0,1.0,0.0,0.0,0.0
LUN_00286,LUNCH,,0,,1.0,0.0,0.0,0.0,0.0
LUN_00287,LUNCH,,0,,1.0,0.0,0.0,0.0,0.0
LUN_00288,LUNCH,,0,,0.0,0.0,0.0,0.0,1.0
LUN_00289,LUNCH,,1,,0.0,0.0,0.0,0.0,1.0
LUN_00290,LUNCH,,1,,0.0,1.0,1.0,0.0,0.0
LUN_00291,LUNCH,,0,,0.0,1.0,1.0,0.0,1.0
LUN_00292,LUNCH,,1,,0.0,1.0,1.0,1.0,0.0
LUN_00293,LUNCH,,1,,0.0,1.0,1.0,0.0,1.0
LUN_00294,LUNCH,,1,,0.0,1.0,1.0,1.0,1.0
LUN_00295,LUNCH,,0,,1.0,0.0,0.0,0.0,0.0
LUN_00296,LUNCH,,1,,0.0,1.0,1.0,1.0,1.0
LUN_00297,LUNCH,,1,,0.0,0.0,1.0,1.0,0.0
LUN_00298,LUNCH,,1,,0.0,1.0,0.0,1.0,1.0
LUN_00299,LUNCH,,0,,0.0,1.0,1.0,1.0,1.0
LUN_00300,LUNCH,,0,,0.0,1.0,1.0,1.0,0.0
LUN_00301,LUNCH,,0,,0.0,0.0,0.0,1.0,1.0
LUN_00302,LUNCH,,1,,0.0,1.0,1.0,1.0,0.0
LUN_00303,LUNCH,,1,,0.0,1.0,1.0,1.0,0.0
LUN_00304,LUNCH,,1,,0.0,1.0,1.0,0.0,0.0
LUN_00305,LUNCH,,0,,1.0,0.0,0.0,0.0,0.0
LUN_00306,LUNCH,,0,,1.0,0.0,0.0,0.0,0.0
LUN_00307,LUNCH,,1,,0.0,1.0,1.0,0.0,1.0
LUN_00308,LUNCH,,0,,0.0,1.0,1.0,1.0,1.0
LUN_00309,LUNCH,,0,,1.0,0.0,0.0,0.0,0.0
LUN_00310,LUNCH,,1,,0.0,1.0,0.0,0.0,1.0
LUN_00311,LUNCH,,0,,1.0,0.0,0.0,0.0,0.0
LUN_00312,LUNCH,,0,,1.0,0.0,0.0,0.0,0.0
LUN_00313,LUNCH,,1,,0.0,1.0,1.0,0.0,0.0
LUN_00314,LUNCH,,0,,0.0,1.0,0.0,1.0,0.0
LUN_00315,LUNCH,,0,,1.0,0.0,0.0,0.0,0.0
LUN_00316,LUNCH,,0,,1.0,0.0,0.0,0.0,0.0
LUN_00317,LUNCH,,0,,1.0,0.0,0.0,0.0,0.0
LUN_00318,LUNCH,,1,,0.0,1.0,0.0,0.0,0.0
LUN_00319,LUNCH,,1,,0.0,1.0,1.0,0.0,1.0
LUN_00320,LUNCH,,1,,0.0,1.0,1.0,0.0,1.0
LUN_00321,LUNCH,,0,,0.0,1.0,0.0,0.0,0.0
LUN_00322,LUNCH,,1,,0.0,1.0,1.0,1.0,0.0
LUN_00323,LUNCH,,0,,1.0,0.0,0.0,0.0,0.0
LUN_00324,LUNCH,,0,,0.0,0.0,0.0,0.0,0.0
LUN_00325,LUNCH,,1,,0.0,1.0,0.0,1.0,0.0
LUN_00326,LUNCH,,1,,0.0,0.0,1.0,0.0,0.0
LUN_00327,LUNCH,,0,,1.0,0.0,0.0,0.0,0.0
LUN_00328,LUNCH,,0,,1.0,0.0,0.0,0.0,0.0
LUN_00329,LUNCH,,1,,0.0,1.0,1.0,1.0,1.0
LUN_00330,LUNCH,,0,,0.0,1.0,0.0,0.0,0.0
LUN_00331,LUNCH,,0,,0.0,1.0,0.0,0.0,0.0
LUN_00332,LUNCH,,1,,0.0,1.0,0.0,0.0,0.0
LUN_00333,LUNCH,,0,,0.0,1.0,0.0,0.0,0.0
LUN_00334,LUNCH,,1,,0.0,0.0,0.0,0.0,1.0
LUN_00335,LUNCH,,0,,1.0,0.0,0.0,0.0,0.0
LUN_00336,LUNCH,,0,,1.0,0.0,0.0,0.0,0.0
LUN_00337,LUNCH,,0,,0.0,1.0,1.0,1.0,0.0
LUN_00338,LUNCH,,1,,0.0,1.0,1.0,0.0,0.0
LUN_00339,LUNCH,,1,,0.0,1.0,0.0,0.0,1.0
LUN_00340,LUNCH,,1,,0.0,1.0,1.0,1.0,0.0
LUN_00341,LUNCH,,1,,0.0,1.0,0.0,0.0,0.0
LUN_00342,LUNCH,,0,,1.0,0.0,0.0,0.0,0.0
LUN_00343,LUNCH,,0,,1.0,0.0,0.0,0.0,0.0
LUN_00344,LUNCH,,0,,0.0,1.0,1.0,1.0,0.0
LUN_00345,LUNCH,,0,,0.0,1.0,1.0,1.0,0.0
LUN_00346,LUNCH,,0,,1.0,0.0,0.0,0.0,0.0
LUN_00347,LUNCH,,1,,0.0,1.0,1.0,1.0,0.0
LUN_00348,LUNCH,,0,,0.0,1.0,1.0,0.0,1.0
LUN_00349,LUNCH,,0,,1.0,0.0,0.0,0.0,0.0
LUN_00350,LUNCH,,0,,1.0,0.0,0.0,0.0,0.0
LUN_00351,LUNCH,,0,,0.0,0.0,1.0,1.0,0.0
LUN_00352,LUNCH,,0,,0.0,1.0,1.0,1.0,0.0
LUN_00353,LUNCH,,0,,0.0,1.0,0.0,0.0,0.0
LUN_00354,LUNCH,,1,,0.0,1.0,0.0,0.0,0.0
LUN_00355,LUNCH,,0,,0.0,1.0,0.0,0.0,0.0
LUN_00356,LUNCH,,0,,1.0,0.0,0.0,0.0,0.0
LUN_00357,LUNCH,,0,,0.0,1.0,0.0,0.0,1.0
LUN_00358,LUNCH,,1,,0.0,1.0,0.0,1.0,0.0
LUN_00359,LUNCH,,0,,1.0,0.0,0.0,0.0,0.0
LUN_00360,LUNCH,,0,,0.0,1.0,0.0,0.0,1.0
LUN_00361,LUNCH,,0,,0.0,1.0,0.0,1.0,0.0
LUN_00362,LUNCH,,0,,0.0,1.0,0.0,0.0,1.0
LUN_00363,LUNCH,,1,,0.0,1.0,0.0,1.0,0.0
LUN_00364,LUNCH,,0,,0.0,1.0,0.0,1.0,1.0
LUN_00365,LUNCH,,0,,0.0,1.0,0.0,0.0,0.0
LUN_00366,LUNCH,,0,,0.0,1.0,1.0,1.0,0.0
LUN_00367,LUNCH,,1,,0.0,0.0,1.0,0.0,1.0
LUN_00368,LUNCH,,0,,0.0,1.0,1.0,1.0,1.0
LUN_00369,LUNCH,,1,,0.0,0.0,1.0,0.0,0.0
LUN_00370,LUNCH,,1,,0.0,1.0,0.0,0.0,0.0
LUN_00371,LUNCH,,1,,0.0,1.0,1.0,1.0,0.0
LUN_00372,LUNCH,,1,,0.0,1.0,0.0,1.0,0.0
LUN_00373,LUNCH,,1,,0.0,1.0,1.0,1.0,0.0
LUN_00374,LUNCH,,0,,1.0,0.0,0.0,0.0,0.0
LUN_00375,LUNCH,,1,,0.0,1.0,1.0,1.0,0.0
LUN_00376,LUNCH,,1,,0.0,1.0,1.0,1.0,0.0
LUN_00377,LUNCH,,0,,0.0,1.0,1.0,1.0,0.0
LUN_00378,LUNCH,,0,,1.0,0.0,0.0,0.0,0.0
LUN_00379,LUNCH,,0,,1.0,0.0,0.0,0.0,0.0
LUN_00380,LUNCH,,1,,0.0,1.0,1.0,0.0,0.0
LUN_00381,LUNCH,,1,,0.0,1.0,0.0,0.0,0.0
LUN_00382,LUNCH,,1,,0.0,1.0,1.0,1.0,1.0
LUN_00383,LUNCH,,1,,0.0,0.0,1.0,0.0,0.0
LUN_00384,LUNCH,,0,,1.0,0.0,0.0,0.0,0.0
LUN_00385,LUNCH,,1,,0.0,0.0,0.0,1.0,0.0
LUN_00386,LUNCH,,1,,0.0,1.0,1.0,1.0,0.0
LUN_00387,LUNCH,,0,,1.0,0.0,0.0,0.0,0.0
LUN_00388,LUNCH,,0,,1.0,0.0,0.0,0.0,0.0
LUN_00389,LUNCH,,1,,0.0,1.0,1.0,1.0,0.0
LUN_00390,LUNCH,,1,,0.0,1.0,1.0,1.0,1.0
LUN_00391,LUNCH,,1,,0.0,1.0,0.0,1.0,0.0
LUN_00392,LUNCH,,0,,0.0,1.0,0.0,0.0,0.0
LUN_00393,LUNCH,,1,,0.0,0.0,0.0,0.0,0.0
LUN_00394,LUNCH,,1,,0.0,1.0,0.0,0.0,0.0
LUN_00395,LUNCH,,0,,1.0,0.0,0.0,0.0,0.0
LUN_00396,LUNCH,,1,,0.0,0.0,0.0,0.0,1.0
LUN_00397,LUNCH,,0,,0.0,1.0,0.0,1.0,1.0
LUN_00398,LUNCH,,0,,0.0,1.0,0.0,0.0,1.0
LUN_00399,LUNCH,,1,,0.0,1.0,1.0,1.0,1.0
LUN_00400,LUNCH,,0,,1.0,0.0,0.0,0.0,0.0
LUN_00401,LUNCH,,0,,0.0,0.0,1.0,0.0,1.0
LUN_00402,LUNCH,,1,,0.0,1.0,0.0,0.0,0.0
LUN_00403,LUNCH,,1,,0.0,1.0,1.0,0.0,0.0
LUN_00404,LUNCH,,1,,0.0,1.0,1.0,1.0,0.0
LUN_00405,LUNCH,,0,,1.0,0.0,0.0,0.0,0.0
LUN_00406,LUNCH,,1,,0.0,1.0,0.0,1.0,0.0
LUN_00407,LUNCH,,0,,0.0,0.0,1.0,0.0,1.0
LUN_00408,LUNCH,,1,,0.0,1.0,0.0,1.0,0.0
LUN_00409,LUNCH,,0,,1.0,0.0,0.0,0.0,0.0
LUN_00410,LUNCH,,1,,0.0,1.0,1.0,0.0,0.0
LUN_00411,LUNCH,,0,,0.0,1.0,1.0,0.0,0.0
LUN_00412,LUNCH,,1,,0.0,1.0,1.0,0.0,0.0
LUN_00413,LUNCH,,0,,1.0,0.0,0.0,0.0,0.0
LUN_00414,LUNCH,,0,,0.0,1.0,1.0,0.0,0.0
LUN_00415,LUNCH,,0,,0.0,1.0,0.0,0.0,0.0
LUN_00416,LUNCH,,0,,1.0,0.0,0.0,0.0,0.0
LUN_00417,LUNCH,,0,,1.0,0.0,0.0,0.0,0.0
LUN_00418,LUNCH,,1,,0.0,1.0,0.0,0.0,1.0
LUN_00419,LUNCH,,0,,1.0,0.0,0.0,0.0,0.0
LUN_00420,LUNCH,,0,,0.0,1.0,0.0,0.0,1.0
LUN_00421,LUNCH,,1,,0.0,1.0,1.0,1.0,1.0
LUN_00422,LUNCH,,0,,0.0,1.0,0.0,0.0,0.0
LUN_00423,LUNCH,,0,,1.0,0.0,0.0,0.0,0.0
LUN_00424,LUNCH,,0,,0.0,1.0,1.0,0.0,1.0
LUN_00425,LUNCH,,0,,0.0,1.0,1.0,0.0,1.0
LUN_00426,LUNCH,,1,,0.0,1.0,1.0,1.0,0.0
LUN_00427,LUNCH,,1,,0.0,0.0,1.0,0.0,1.0
LUN_00428,LUNCH,,0,,0.0,1.0,0.0,1.0,0.0
LUN_00429,LUNCH,,1,,0.0,1.0,1.0,0.0,0.0
LUN_00430,LUNCH,,0,,0.0,1.0,0.0,1.0,0.0
LUN_00431,LUNCH,,1,,0.0,1.0,1.0,0.0,0.0
LUN_00432,LUNCH,,0,,0.0,0.0,0.0,0.0,0.0
LUN_00433,LUNCH,,0,,1.0,0.0,0.0,0.0,0.0
LUN_00434,LUNCH,,0,,0.0,1.0,0.0,0.0,0.0
LUN_00435,LUNCH,,1,,0.0,1.0,0.0,0.0,0.0
LUN_00436,LUNCH,,0,,0.0,0.0,1.0,1.0,0.0
LUN_00437,LUNCH,,1,,0.0,1.0,0.0,0.0,0.0
LUN_00438,LUNCH,,0,,0.0,1.0,0.0,0.0,0.0
LUN_00439,LUNCH,,1,,0.0,1.0,1.0,0.0,0.0
LUN_00440,LUNCH,,1,,0.0,1.0,0.0,0.0,0.0
LUN_00441,LUNCH,,0,,1.0,0.0,0.0,0.0,0.0
LUN_00442,LUNCH,,0,,0.0,0.0,1.0,1.0,1.0
LUN_00443,LUNCH,,1,,0.0,1.0,1.0,1.0,1.0
LUN_00444,LUNCH,,0,,0.0,1.0,0.0,1.0,0.0
LUN_00445,LUNCH,,0,,1.0,0.0,0.0,0.0,0.0
LUN_00446,LUNCH,,0,,0.0,0.0,1.0,1.0,1.0
LUN_00447,LUNCH,,0,,0.0,1.0,0.0,0.0,0.0
LUN_00448,LUNCH,,0,,1.0,0.0,0.0,0.0,0.0
LUN_00449,LUNCH,,0,,0.0,1.0,1.0,1.0,0.0
LUN_00450,LUNCH,,0,,0.0,1.0,0.0,0.0,0.0
LUN_00451,LUNCH,,0,,0.0,0.0,0.0,0.0,0.0
LUN_00452,LUNCH,,1,,0.0,1.0,1.0,1.0,0.0
LUN_00453,LUNCH,,1,,0.0,1.0,1.0,1.0,0.0
LUN_00454,LUNCH,,0,,1.0,0.0,0.0,0.0,0.0
LUN_00455,LUNCH,,1,,0.0,1.0,1.0,1.0,0.0
LUN_00456,LUNCH,,0,,1.0,0.0,0.0,0.0,0.0
LUN_00457,LUNCH,,1,,0.0,1.0,0.0,1.0,1.0
LUN_00458,LUNCH,,0,,0.0,1.0,1.0,0.0,0.0
LUN_00459,LUNCH,,1,,0.0,1.0,1.0,1.0,0.0
LUN_00460,LUNCH,,0,,1.0,0.0,0.0,0.0,0.0
LUN_00461,LUNCH,,0,,1.0,0.0,0.0,0.0,0.0
LUN_00462,LUNCH,,0,,1.0,0.0,0.0,0.0,0.0
LUN_00463,LUNCH,,0,,1.0,0.0,0.0,0.0,0.0
LUN_00464,LUNCH,,0,,1.0,0.0,0.0,0.0,0.0
LUN_00465,LUNCH,,0,,1.0,0.0,0.0,0.0,0.0
LUN_00466,LUNCH,,0,,1.0,0.0,0.0,0.0,0.0
LUN_00467,LUNCH,,1,,0.0,1.0,1.0,0.0,0.0
LUN_00468,LUNCH,,1,,0.0,0.0,1.0,1.0,0.0
LUN_00469,LUNCH,,1,,0.0,1.0,1.0,0.0,0.0
LUN_00470,LUNCH,,1,,0.0,1.0,1.0,1.0,0.0
LUN_00471,LUNCH,,0,,0.0,1.0,1.0,0.0,0.0
LUN_00472,LUNCH,,0,,0.0,1.0,1.0,1.0,1.0
LUN_00473,LUNCH,,1,,0.0,1.0,0.0,0.0,1.0
LUN_00474,LUNCH,,0,,0.0,1.0,1.0,1.0,0.0
LUN_00475,LUNCH,,1,,0.0,1.0,0.0,0.0,0.0
LUN_00476,LUNCH,,1,,0.0,1.0,1.0,1.0,0.0
LUN_00477,LUNCH,,0,,1.0,0.0,0.0,0.0,0.0
LUN_00478,LUNCH,,1,,0.0,1.0,1.0,0.0,0.0
LUN_00479,LUNCH,,0,,0.0,1.0,1.0,0.0,0.0
LUN_00480,LUNCH,,1,,0.0,1.0,1.0,0.0,0.0
LUN_00481,LUNCH,,0,,0.0,1.0,0.0,0.0,1.0
LUN_00482,LUNCH,,1,,0.0,1.0,1.0,0.0,0.0
LUN_00483,LUNCH,,1,,0.0,1.0,0.0,0.0,0.0
LUN_00484,LUNCH,,0,,1.0,0.0,0.0,0.0,0.0
LUN_00485,LUNCH,,0,,1.0,0.0,0.0,0.0,0.0
LUN_00486,LUNCH,,0,,0.0,1.0,1.0,1.0,0.0
LUN_00487,LUNCH,,0,,1.0,0.0,0.0,0.0,0.0
LUN_00488,LUNCH,,1,,0.0,1.0,1.0,0.0,0.0
LUN_00489,LUNCH,,1,,0.0,1.0,1.0,1.0,0.0
LUN_00490,LUNCH,,0,,1.0,0.0,0.0,0.0,0.0
LUN_00491,LUNCH,,0,,1.0,0.0,0.0,0.0,0.0
LUN_00492,LUNCH,,0,,1.0,0.0,0.0,0.0,0.0
LUN_00493,LUNCH,,0,,1.0,0.0,0.0,0.0,0.0
LUN_00494,LUNCH,,0,,1.0,0.0,0.0,0.0,0.0
LUN_00495,LUNCH,,1,,0.0,1.0,1.0,0.0,0.0
LUN_00496,LUNCH,,1,,0.0,0.0,0.0,0.0,0.0
LUN_00497,LUNCH,,0,,1.0,0.0,0.0,0.0,0.0
LUN_00498,LUNCH,,1,,0.0,1.0,1.0,0.0,0.0
LUN_00499,LUNCH,,0,,0.0,1.0,1.0,1.0,0.0
LUN_00500,LUNCH,,0,,0.0,0.0,0.0,1.0,1.0
LUN_00501,LUNCH,,0,,1.0,0.0,0.0,0.0,0.0
LUN_00502,LUNCH,,0,,1.0,0.0,0.0,0.0,0.0
LUN_00503,LUNCH,,1,,0.0,1.0,1.0,1.0,0.0
LUN_00504,LUNCH,,0,,1.0,0.0,0.0,0.0,0.0
LUN_00505,LUNCH,,1,,0.0,1.0,1.0,1.0,1.0
LUN_00506,LUNCH,,0,,1.0,0.0,0.0,0.0,0.0
LUN_00507,LUNCH,,0,,0.0,1.0,0.0,0.0,0.0
LUN_00508,LUNCH,,1,,0.0,1.0,1.0,1.0,1.0
LUN_00509,LUNCH,,1,,0.0,1.0,1.0,0.0,0.0
LUN_00510,LUNCH,,1,,0.0,1.0,0.0,0.0,1.0
LUN_00511,LUNCH,,0,,1.0,0.0,0.0,0.0,0.0
LUN_00512,LUNCH,,0,,1.0,0.0,0.0,0.0,0.0
LUN_00513,LUNCH,,1,,0.0,1.0,0.0,1.0,0.0
LUN_00514,LUNCH,,1,,0.0,1.0,1.0,0.0,1.0
LUN_00515,LUNCH,,1,,0.0,0.0,0.0,1.0,1.0
LUN_00516,LUNCH,,1,,0.0,1.0,0.0,1.0,0.0
LUN_00517,LUNCH,,0,,1.0,0.0,0.0,0.0,0.0
LUN_00518,LUNCH,,1,,0.0,0.0,0.0,0.0,0.0
LUN_00519,LUNCH,,1,,0.0,1.0,1.0,1.0,0.0
LUN_00520,LUNCH,,1,,0.0,1.0,0.0,0.0,0.0
LUN_00521,LUNCH,,1,,0.0,1.0,1.0,0.0,0.0
LUN_00522,LUNCH,,0,,1.0,0.0,0.0,0.0,0.0
LUN_00523,LUNCH,,1,,0.0,1.0,0.0,0.0,1.0
LUN_00524,LUNCH,,0,,0.0,1.0,0.0,0.0,1.0
LUN_00525,LUNCH,,0,,0.0,0.0,1.0,0.0,0.0
LUN_00526,LUNCH,,0,,1.0,0.0,0.0,0.0,0.0
LUN_00527,LUNCH,,0,,0.0,0.0,0.0,0.0,0.0
LUN_00528,LUNCH,,0,,0.0,0.0,0.0,0.0,0.0
LUN_00529,LUNCH,,1,,0.0,1.0,1.0,1.0,1.0
LUN_00530,LUNCH,,0,,0.0,1.0,0.0,0.0,0.0
LUN_00531,LUNCH,,0,,1.0,0.0,0.0,0.0,0.0
LUN_00532,LUNCH,,0,,0.0,1.0,1.0,1.0,0.0
LUN_00533,LUNCH,,0,,1.0,0.0,0.0,0.0,0.0
LUN_00534,LUNCH,,1,,0.0,1.0,1.0,1.0,0.0
LUN_00535,LUNCH,,1,,0.0,0.0,1.0,1.0,0.0
LUN_00536,LUNCH,,0,,0.0,0.0,0.0,0.0,0.0
LUN_00537,LUNCH,,1,,0.0,1.0,1.0,1.0,1.0
LUN_00538,LUNCH,,1,,0.0,1.0,1.0,0.0,0.0
LUN_00539,LUNCH,,0,,1.0,0.0,0.0,0.0,0.0
LUN_00540,LUNCH,,0,,1.0,0.0,0.0,0.0,0.0
LUN_00541,LUNCH,,1,,0.0,1.0,1.0,1.0,1.0
LUN_00542,LUNCH,,1,,0.0,1.0,0.0,0.0,0.0
LUN_00543,LUNCH,,1,,0.0,1.0,0.0,0.0,0.0
LUN_00544,LUNCH,,1,,0.0,1.0,1.0,1.0,0.0
LUN_00545,LUNCH,,0,,0.0,1.0,1.0,0.0,0.0
LUN_00546,LUNCH,,1,,0.0,1.0,0.0,0.0,0.0
LUN_00547,LUNCH,,1,,0.0,1.0,1.0,1.0,0.0
LUN_00548,LUNCH,,0,,0.0,1.0,1.0,1.0,0.0
LUN_00549,LUNCH,,0,,1.0,0.0,0.0,0.0,0.0
LUN_00550,LUNCH,,1,,0.0,1.0,0.0,1.0,0.0
LUN_00551,LUNCH,,1,,0.0,1.0,0.0,0.0,0.0
LUN_00552,LUNCH,,0,,0.0,0.0,0.0,0.0,1.0
LUN_00553,LUNCH,,0,,0.0,1.0,0.0,1.0,0.0
LUN_00554,LUNCH,,0,,0.0,1.0,1.0,1.0,0.0
LUN_00555,LUNCH,,0,,0.0,0.0,1.0,0.0,0.0
LUN_00556,LUNCH,,0,,0.0,0.0,1.0,0.0,0.0
LUN_00557,LUNCH,,0,,0.0,1.0,0.0,0.0,0.0
LUN_00558,LUNCH,,1,,0.0,0.0,0.0,1.0,1.0
LUN_00559,LUNCH,,0,,0.0,1.0,1.0,0.0,1.0
LUN_00560,LUNCH,,1,,0.0,1.0,1.0,1.0,1.0
LUN_00561,LUNCH,,0,,1.0,0.0,0.0,0.0,0.0
LUN_00562,LUNCH,,0,,1.0,0.0,0.0,0.0,0.0
LUN_00563,LUNCH,,1,,0.0,0.0,1.0,0.0,0.0
LUN_00564,LUNCH,,1,,0.0,1.0,0.0,0.0,1.0
LUN_00565,LUNCH,,0,,1.0,0.0,0.0,0.0,0.0
LUN_00566,LUNCH,,1,,0.0,1.0,1.0,1.0,1.0
LUN_00567,LUNCH,,0,,1.0,0.0,0.0,0.0,0.0
LUN_00568,LUNCH,,0,,1.0,0.0,0.0,0.0,0.0
LUN_00569,LUNCH,,1,,0.0,1.0,1.0,0.0,1.0
LUN_00570,LUNCH,,1,,0.0,1.0,1.0,1.0,0.0
LUN_00571,LUNCH,,0,,1.0,0.0,0.0,0.0,0.0
LUN_00572,LUNCH,,0,,1.0,0.0,0.0,0.0,0.0
LUN_00573,LUNCH,,0,,1.0,0.0,0.0,0.0,0.0
LUN_00574,LUNCH,,0,,0.0,1.0,0.0,1.0,0.0
LUN_00575,LUNCH,,1,,0.0,0.0,0.0,0.0,1.0
LUN_00576,LUNCH,,1,,0.0,1.0,1.0,0.0,0.0
LUN_00577,LUNCH,,0,,1.0,0.0,0.0,0.0,0.0
LUN_00578,LUNCH,,1,,0.0,1.0,1.0,1.0,0.0
LUN_00579,LUNCH,,0,,0.0,1.0,0.0,0.0,1.0
LUN_00580,LUNCH,,0,,0.0,1.0,0.0,0.0,0.0
LUN_00581,LUNCH,,0,,1.0,0.0,0.0,0.0,0.0
LUN_00582,LUNCH,,0,,0.0,1.0,1.0,0.0,1.0
LUN_00583,LUNCH,,1,,0.0,1.0,0.0,1.0,1.0
LUN_00584,LUNCH,,0,,0.0,1.0,0.0,1.0,0.0
LUN_00585,LUNCH,,1,,0.0,1.0,0.0,0.0,0.0
LUN_00586,LUNCH,,0,,0.0,0.0,1.0,0.0,0.0
LUN_00587,LUNCH,,0,,0.0,1.0,1.0,0.0,0.0
LUN_00588,LUNCH,,0,,0.0,0.0,0.0,1.0,1.0
LUN_00589,LUNCH,,0,,1.0,0.0,0.0,0.0,0.0
LUN_00590,LUNCH,,0,,0.0,0.0,0.0,0.0,0.0
LUN_00591,LUNCH,,0,,0.0,1.0,1.0,0.0,0.0
LUN_00592,LUNCH,,0,,1.0,0.0,0.0,0.0,0.0
LUN_00593,LUNCH,,1,,0.0,1.0,0.0,1.0,0.0
LUN_00594,LUNCH,,1,,0.0,1.0,0.0,0.0,0.0
LUN_00595,LUNCH,,1,,0.0,1.0,1.0,1.0,1.0
LUN_00596,LUNCH,,1,,0.0,1.0,0.0,1.0,0.0
LUN_00597,LUNCH,,0,,0.0,1.0,0.0,1.0,0.0
LUN_00598,LUNCH,,0,,0.0,1.0,1.0,1.0,0.0
LUN_00599,LUNCH,,0,,1.0,0.0,0.0,0.0,0.0
LUN_00600,LUNCH,,1,,0.0,1.0,0.0,1.0,0.0
LUN_00601,LUNCH,,0,,0.0,0.0,1.0,0.0,0.0
LUN_00602,LUNCH,,0,,1.0,0.0,0.0,0.0,0.0
LUN_00603,LUNCH,,1,,0.0,1.0,0.0,0.0,0.0
LUN_00604,LUNCH,,0,,1.0,0.0,0.0,0.0,0.0
LUN_00605,LUNCH,,0,,0.0,1.0,1.0,1.0,1.0
LUN_00606,LUNCH,,0,,0.0,1.0,0.0,0.0,1.0
LUN_00607,LUNCH,,0,,1.0,0.0,0.0,0.0,0.0
LUN_00608,LUNCH,,1,,0.0,1.0,1.0,0.0,0.0
LUN_00609,LUNCH,,0,,1.0,0.0,0.0,0.0,0.0
LUN_00610,LUNCH,,1,,0.0,1.0,1.0,0.0,0.0
LUN_00611,LUNCH,,0,,1.0,0.0,0.0,0.0,0.0
LUN_00612,LUNCH,,1,,0.0,0.0,1.0,0.0,0.0
LUN_00613,LUNCH,,1,,0.0,1.0,1.0,1.0,0.0
LUN_00614,LUNCH,,1,,0.0,1.0,1.0,1.0,1.0
LUN_00615,LUNCH,,1,,0.0,0.0,0.0,0.0,0.0
LUN_00616,LUNCH,,0,,0.0,1.0,1.0,0.0,1.0
LUN_00617,LUNCH,,0,,1.0,0.0,0.0,0.0,0.0
LUN_00618,LUNCH,,1,,0.0,1.0,0.0,0.0,0.0
LUN_00619,LUNCH,,1,,0.0,1.0,1.0,1.0,0.0
LUN_00620,LUNCH,,0,,0.0,1.0,0.0,0.0,1.0
LUN_00621,LUNCH,,0,,0.0,1.0,0.0,0.0,0.0
LUN_00622,LUNCH,,0,,0.0,1.0,1.0,1.0,1.0
LUN_00623,LUNCH,,1,,0.0,1.0,0.0,0.0,0.0
LUN_00624,LUNCH,,0,,1.0,0.0,0.0,0.0,0.0
LUN_00625,LUNCH,,0,,1.0,0.0,0.0,0.0,0.0
LUN_00626,LUNCH,,1,,0.0,1.0,0.0,1.0,0.0
LUN_00627,LUNCH,,0,,0.0,1.0,0.0,1.0,1.0
LUN_00628,LUNCH,,0,,0.0,1.0,1.0,0.0,1.0
LUN_00629,LUNCH,,0,,0.0,0.0,1.0,0.0,0.0
LUN_00630,LUNCH,,1,,0.0,1.0,1.0,1.0,1.0
LUN_00631,LUNCH,,1,,0.0,1.0,0.0,0.0,0.0
LUN_00632,LUNCH,,0,,0.0,1.0,1.0,1.0,0.0
LUN_00633,LUNCH,,0,,1.0,0.0,0.0,0.0,0.0
LUN_00634,LUNCH,,0,,0.0,0.0,1.0,0.0,1.0
LUN_00635,LUNCH,,1,,0.0,1.0,0.0,1.0,0.0
LUN_00636,LUNCH,,1,,0.0,1.0,1.0,0.0,0.0
LUN_00637,LUNCH,,0,,0.0,1.0,1.0,0.0,0.0
LUN_00638,LUNCH,,0,,1.0,0.0,0.0,0.0,0.0
LUN_00639,LUNCH,,0,,1.0,0.0,0.0,0.0,0.0
LUN_00640,LUNCH,,1,,0.0,1.0,1.0,0.0,0.0
LUN_00641,LUNCH,,0,,0.0,1.0,1.0,0.0,1.0
LUN_00642,LUNCH,,1,,0.0,1.0,0.0,0.0,0.0
LUN_00643,LUNCH,,0,,1.0,0.0,0.0,0.0,0.0
LUN_00644,LUNCH,,0,,0.0,1.0,0.0,0.0,0.0
LUN_00645,LUNCH,,0,,1.0,0.0,0.0,0.0,0.0
LUN_00646,LUNCH,,0,,1.0,0.0,0.0,0.0,0.0
LUN_00647,LUNCH,,0,,0.0,0.0,1.0,1.0,1.0
LUN_00648,LUNCH,,1,,0.0,1.0,1.0,0.0,1.0
LUN_00649,LUNCH,,0,,0.0,1.0,1.0,0.0,0.0
LUN_00650,LUNCH,,0,,1.0,0.0,0.0,0.0,0.0
LUN_00651,LUNCH,,1,,0.0,1.0,1.0,1.0,0.0
LUN_00652,LUNCH,,1,,0.0,1.0,0.0,0.0,0.0
LUN_00653,LUNCH,,1,,0.0,1.0,1.0,1.0,0.0
LUN_00654,LUNCH,,0,,0.0,1.0,0.0,0.0,1.0
LUN_00655,LUNCH,,0,,1.0,0.0,0.0,0.0,0.0
LUN_00656,LUNCH,,1,,0.0,1.0,1.0,0.0,1.0
LUN_00657,LUNCH,,0,,0.0,1.0,0.0,0.0,1.0
LUN_00658,LUNCH,,1,,0.0,1.0,1.0,1.0,1.0
LUN_00659,LUNCH,,1,,0.0,0.0,1.0,0.0,1.0
LUN_00660,LUNCH,,1,,0.0,0.0,0.0,0.0,0.0
LUN_00661,LUNCH,,1,,0.0,1.0,0.0,0.0,0.0
LUN_00662,LUNCH,,1,,0.0,1.0,1.0,0.0,1.0
LUN_00663,LUNCH,,0,,0.0,0.0,1.0,0.0,0.0
LUN_00664,LUNCH,,0,,0.0,1.0,1.0,0.0,0.0
LUN_00665,LUNCH,,1,,0.0,1.0,0.0,0.0,0.0
LUN_00666,LUNCH,,1,,0.0,0.0,1.0,0.0,0.0
LUN_00667,LUNCH,,1,,0.0,1.0,0.0,1.0,0.0
LUN_00668,LUNCH,,1,,0.0,1.0,1.0,1.0,0.0
LUN_00669,LUNCH,,0,,1.0,0.0,0.0,0.0,0.0
LUN_00670,LUNCH,,0,,0.0,1.0,1.0,0.0,0.0
LUN_00671,LUNCH,,0,,1.0,0.0,0.0,0.0,0.0
LUN_00672,LUNCH,,0,,1.0,0.0,0.0,0.0,0.0
LUN_00673,LUNCH,,0,,0.0,0.0,0.0,0.0,0.0
LUN_00674,LUNCH,,0,,0.0,1.0,1.0,0.0,0.0
LUN_00675,LUNCH,,0,,0.0,1.0,1.0,0.0,1.0
LUN_00676,LUNCH,,0,,0.0,1.0,0.0,0.0,0.0
LUN_00677,LUNCH,,1,,0.0,1.0,0.0,0.0,0.0
LUN_00678,LUNCH,,0,,1.0,0.0,0.0,0.0,0.0
LUN_00679,LUNCH,,1,,0.0,1.0,0.0,0.0,0.0
LUN_00680,LUNCH,,0,,1.0,0.0,0.0,0.0,0.0
LUN_00681,LUNCH,,0,,0.0,1.0,1.0,0.0,1.0
LUN_00682,LUNCH,,0,,1.0,0.0,0.0,0.0,0.0
LUN_00683,LUNCH,,0,,1.0,0.0,0.0,0.0,0.0
LUN_00684,LUNCH,,0,,1.0,0.0,0.0,0.0,0.0
LUN_00685,LUNCH,,0,,1.0,0.0,0.0,0.0,0.0
LUN_00686,LUNCH,,0,,1.0,0.0,0.0,0.0,0.0
LUN_00687,LUNCH,,1,,0.0,1.0,0.0,0.0,0.0
LUN_00688,LUNCH,,1,,0.0,0.0,0.0,0.0,0.0
LUN_00689,LUNCH,,0,,1.0,0.0,0.0,0.0,0.0
LUN_00690,LUNCH,,0,,0.0,1.0,1.0,0.0,1.0
LUN_00691,LUNCH,,1,,0.0,1.0,0.0,0.0,1.0
LUN_00692,LUNCH,,0,,1.0,0.0,0.0,0.0,0.0
LUN_00693,LUNCH,,0,,0.0,1.0,0.0,0.0,0.0
LUN_00694,LUNCH,,1,,0.0,1.0,0.0,1.0,1.0
LUN_00695,LUNCH,,0,,0.0,1.0,0.0,0.0,1.0
LUN_00696,LUNCH,,0,,1.0,0.0,0.0,0.0,0.0
LUN_00697,LUNCH,,0,,1.0,0.0,0.0,0.0,0.0
LUN_00698,LUNCH,,0,,1.0,0.0,0.0,0.0,0.0
LUN_00699,LUNCH,,0,,1.0,0.0,0.0,0.0,0.0
LUN_00700,LUNCH,,1,,0.0,1.0,1.0,1.0,1.0
LUN_00701,LUNCH,,0,,0.0,1.0,1.0,0.0,1.0
LUN_00702,LUNCH,,1,,0.0,1.0,1.0,0.0,1.0
LUN_00703,LUNCH,,1,,0.0,0.0,1.0,0.0,0.0
LUN_00704,LUNCH,,0,,1.0,0.0,0.0,0.0,0.0
LUN_00705,LUNCH,,1,,0.0,1.0,1.0,1.0,0.0
LUN_00706,LUNCH,,0,,1.0,0.0,0.0,0.0,0.0
LUN_00707,LUNCH,,0,,1.0,0.0,0.0,0.0,0.0
LUN_00708,LUNCH,,0,,0.0,0.0,0.0,0.0,1.0
LUN_00709,LUNCH,,0,,0.0,1.0,1.0,1.0,0.0
LUN_00710,LUNCH,,0,,1.0,0.0,0.0,0.0,0.0
LUN_00711,LUNCH,,1,,0.0,1.0,0.0,0.0,0.0
LUN_00712,LUNCH,,1,,0.0,1.0,1.0,0.0,0.0
LUN_00713,LUNCH,,1,,0.0,1.0,1.0,0.0,1.0
LUN_00714,LUNCH,,0,,0.0,1.0,0.0,1.0,1.0
LUN_00715,LUNCH,,0,,0.0,1.0,0.0,0.0,0.0
LUN_00716,LUNCH,,0,,0.0,1.0,1.0,0.0,0.0
LUN_00717,LUNCH,,0,,1.0,0.0,0.0,0.0,0.0
LUN_00718,LUNCH,,1,,0.0,1.0,0.0,0.0,0.0
LUN_00719,LUNCH,,0,,1.0,0.0,0.0,0.0,0.0
LUN_00720,LUNCH,,1,,0.0,0.0,1.0,0.0,0.0
LUN_00721,LUNCH,,1,,0.0,1.0,0.0,0.0,1.0
LUN_00722,LUNCH,,0,,0.0,1.0,0.0,0.0,0.0
LUN_00723,LUNCH,,1,,0.0,1.0,1.0,1.0,0.0
LUN_00724,LUNCH,,1,,0.0,1.0,1.0,1.0,1.0
LUN_00725,LUNCH,,0,,1.0,0.0,0.0,0.0,0.0
LUN_00726,LUNCH,,1,,0.0,1.0,1.0,1.0,0.0
LUN_00727,LUNCH,,0,,0.0,1.0,0.0,1.0,0.0
LUN_00728,LUNCH,,1,,0.0,1.0,0.0,1.0,1.0
LUN_00729,LUNCH,,0,,0.0,1.0,1.0,1.0,0.0
LUN_00730,LUNCH,,1,,0.0,0.0,0.0,0.0,1.0
LUN_00731,LUNCH,,1,,0.0,1.0,1.0,0.0,0.0
LUN_00732,LUNCH,,0,,0.0,1.0,0.0,0.0,0.0
LUN_00733,LUNCH,,1,,0.0,0.0,1.0,1.0,0.0
LUN_00734,LUNCH,,1,,0.0,1.0,1.0,0.0,0.0
LUN_00735,LUNCH,,1,,0.0,1.0,0.0,1.0,0.0
LUN_00736,LUNCH,,1,,0.0,1.0,1.0,0.0,0.0
LUN_00737,LUNCH,,1,,0.0,1.0,1.0,0.0,0.0
LUN_00738,LUNCH,,0,,1.0,0.0,0.0,0.0,0.0
LUN_00739,LUNCH,,0,,0.0,0.0,1.0,1.0,0.0
LUN_00740,LUNCH,,0,,1.0,0.0,0.0,0.0,0.0
LUN_00741,LUNCH,,1,,0.0,1.0,1.0,1.0,0.0
LUN_00742,LUNCH,,0,,1.0,0.0,0.0,0.0,0.0
LUN_00743,LUNCH,,0,,1.0,0.0,0.0,0.0,0.0
LUN_00744,LUNCH,,0,,0.0,1.0,0.0,0.0,0.0
LUN_00745,LUNCH,,0,,0.0,1.0,1.0,0.0,0.0
LUN_00746,LUNCH,,1,,0.0,1.0,1.0,1.0,0.0
LUN_00747,LUNCH,,1,,0.0,1.0,1.0,1.0,1.0
LUN_00748,LUNCH,,0,,1.0,0.0,0.0,0.0,0.0
LUN_00749,LUNCH,,1,,0.0,1.0,1.0,0.0,1.0
LUN_00750,LUNCH,,1,,0.0,1.0,1.0,1.0,1.0
LUN_00751,LUNCH,,0,,0.0,1.0,1.0,1.0,1.0
LUN_00752,LUNCH,,0,,0.0,0.0,0.0,0.0,0.0
LUN_00753,LUNCH,,1,,0.0,1.0,1.0,1.0,0.0
LUN_00754,LUNCH,,0,,1.0,0.0,0.0,0.0,0.0
LUN_00755,LUNCH,,0,,1.0,0.0,0.0,0.0,0.0
LUN_00756,LUNCH,,1,,0.0,1.0,0.0,0.0,0.0
LUN_00757,LUNCH,,0,,0.0,1.0,0.0,1.0,0.0
LUN_00758,LUNCH,,0,,0.0,1.0,0.0,1.0,1.0
LUN_00759,LUNCH,,0,,0.0,1.0,0.0,1.0,0.0
LUN_00760,LUNCH,,0,,0.0,0.0,1.0,0.0,0.0
LUN_00761,LUNCH,,0,,1.0,0.0,0.0,0.0,0.0
LUN_00762,LUNCH,,0,,0.0,0.0,0.0,0.0,0.0
LUN_00763,LUNCH,,0,,1.0,0.0,0.0,0.0,0.0
LUN_00764,LUNCH,,0,,0.0,1.0,1.0,1.0,0.0
LUN_00765,LUNCH,,0,,0.0,1.0,0.0,1.0,0.0
LUN_00766,LUNCH,,0,,0.0,1.0,0.0,1.0,0.0
LUN_00767,LUNCH,,1,,0.0,1.0,0.0,0.0,0.0
LUN_00768,LUNCH,,0,,0.0,1.0,1.0,0.0,1.0
LUN_00769,LUNCH,,1,,0.0,0.0,0.0,0.0,1.0
LUN_00770,LUNCH,,1,,0.0,1.0,1.0,0.0,0.0
LUN_00771,LUNCH,,0,,0.0,1.0,0.0,1.0,1.0
LUN_00772,LUNCH,,1,,0.0,0.0,0.0,0.0,0.0
LUN_00773,LUNCH,,0,,0.0,1.0,1.0,1.0,1.0
LUN_00774,LUNCH,,1,,0.0,1.0,1.0,0.0,0.0
LUN_00775,LUNCH,,0,,1.0,0.0,0.0,0.0,0.0
LUN_00776,LUNCH,,1,,0.0,1.0,0.0,0.0,1.0
LUN_00777,LUNCH,,0,,1.0,0.0,0.0,0.0,0.0
LUN_00778,LUNCH,,1,,0.0,1.0,0.0,1.0,0.0
LUN_00779,LUNCH,,0,,1.0,0.0,0.0,0.0,0.0
LUN_00780,LUNCH,,0,,0.0,0.0,1.0,1.0,1.0
LUN_00781,LUNCH,,1,,0.0,1.0,1.0,0.0,0.0
LUN_00782,LUNCH,,1,,0.0,1.0,1.0,1.0,1.0
LUN_00783,LUNCH,,0,,0.0,1.0,1.0,1.0,1.0
LUN_00784,LUNCH,,1,,0.0,1.0,1.0,1.0,0.0
LUN_00785,LUNCH,,1,,0.0,1.0,1.0,1.0,1.0
LUN_00786,LUNCH,,0,,0.0,1.0,0.0,0.0,0.0
LUN_00787,LUNCH,,1,,0.0,1.0,0.0,0.0,1.0
LUN_00788,LUNCH,,1,,0.0,1.0,1.0,0.0,0.0
LUN_00789,LUNCH,,0,,1.0,0.0,0.0,0.0,0.0
LUN_00790,LUNCH,,1,,0.0,1.0,0.0,0.0,0.0
LUN_00791,LUNCH,,0,,0.0,1.0,0.0,0.0,0.0
LUN_00792,LUNCH,,0,,1.0,0.0,0.0,0.0,0.0
LUN_00793,LUNCH,,0,,0.0,1.0,0.0,0.0,0.0
LUN_00794,LUNCH,,0,,0.0,1.0,0.0,1.0,1.0
LUN_00795,LUNCH,,1,,0.0,1.0,1.0,1.0,0.0
LUN_00796,LUNCH,,0,,0.0,1.0,1.0,0.0,0.0
LUN_00797,LUNCH,,1,,0.0,1.0,0.0,0.0,0.0
LUN_00798,LUNCH,,1,,0.0,1.0,1.0,0.0,0.0
LUN_00799,LUNCH,,0,,1.0,0.0,0.0,0.0,0.0
LUN_00800,LUNCH,,0,,1.0,0.0,0.0,0.0,0.0
LUN_00801,LUNCH,,0,,1.0,0.0,0.0,0.0,0.0
LUN_00802,LUNCH,,0,,0.0,1.0,1.0,0.0,1.0
LUN_00803,LUNCH,,0,,0.0,1.0,1.0,0.0,0.0
LUN_00804,LUNCH,,0,,0.0,0.0,0.0,0.0,0.0
LUN_00805,LUNCH,,1,,0.0,0.0,0.0,1.0,1.0
LUN_00806,LUNCH,,0,,1.0,0.0,0.0,0.0,0.0
LUN_00807,LUNCH,,1,,0.0,1.0,1.0,1.0,0.0
LUN_00808,LUNCH,,0,,0.0,1.0,1.0,0.0,1.0
LUN_00809,LUNCH,,1,,0.0,1.0,0.0,1.0,1.0
LUN_00810,LUNCH,,1,,0.0,1.0,1.0,0.0,1.0
LUN_00811,LUNCH,,1,,0.0,1.0,1.0,1.0,0.0
LUN_00812,LUNCH,,0,,0.0,0.0,1.0,0.0,0.0
LUN_00813,LUNCH,,1,,0.0,0.0,0.0,0.0,0.0
LUN_00814,LUNCH,,1,,0.0,0.0,0.0,1.0,0.0
LUN_00815,LUNCH,,1,,0.0,0.0,0.0,1.0,0.0
LUN_00816,LUNCH,,0,,1.0,0.0,0.0,0.0,0.0
LUN_00817,LUNCH,,0,,0.0,1.0,1.0,0.0,0.0
LUN_00818,LUNCH,,1,,0.0,1.0,1.0,1.0,0.0
LUN_00819,LUNCH,,0,,0.0,1.0,0.0,0.0,0.0
LUN_00820,LUNCH,,0,,1.0,0.0,0.0,0.0,0.0
LUN_00821,LUNCH,,1,,0.0,1.0,1.0,1.0,0.0
LUN_00822,LUNCH,,0,,1.0,0.0,0.0,0.0,0.0
LUN_00823,LUNCH,,0,,1.0,0.0,0.0,0.0,0.0
LUN_00824,LUNCH,,1,,0.0,1.0,1.0,1.0,0.0
LUN_00825,LUNCH,,0,,1.0,0.0,0.0,0.0,0.0
LUN_00826,LUNCH,,0,,0.0,1.0,0.0,1.0,0.0
LUN_00827,LUNCH,,0,,0.0,1.0,0.0,1.0,1.0
LUN_00828,LUNCH,,0,,1.0,0.0,0.0,0.0,0.0
LUN_00829,LUNCH,,0,,0.0,1.0,0.0,0.0,0.0
LUN_00830,LUNCH,,1,,0.0,1.0,0.0,0.0,0.0
LUN_00831,LUNCH,,0,,0.0,1.0,1.0,0.0,0.0
LUN_00832,LUNCH,,0,,0.0,1.0,1.0,1.0,0.0
LUN_00833,LUNCH,,0,,0.0,1.0,1.0,0.0,0.0
LUN_00834,LUNCH,,1,,0.0,0.0,0.0,0.0,0.0
LUN_00835,LUNCH,,0,,0.0,0.0,0.0,0.0,1.0
LUN_00836,LUNCH,,0,,0.0,1.0,1.0,1.0,1.0
LUN_00837,LUNCH,,0,,0.0,1.0,1.0,1.0,1.0
LUN_00838,LUNCH,,1,,0.0,1.0,0.0,0.0,0.0
LUN_00839,LUNCH,,1,,0.0,1.0,1.0,1.0,1.0
LUN_00840,LUNCH,,1,,0.0,1.0,1.0,0.0,0.0
LUN_00841,LUNCH,,1,,0.0,1.0,1.0,1.0,1.0
LUN_00842,LUNCH,,1,,0.0,1.0,1.0,1.0,1.0
LUN_00843,LUNCH,,1,,0.0,1.0,1.0,0.0,0.0
LUN_00844,LUNCH,,1,,0.0,1.0,0.0,1.0,0.0
LUN_00845,LUNCH,,0,,0.0,1.0,0.0,1.0,0.0
LUN_00846,LUNCH,,1,,0.0,1.0,1.0,0.0,0.0
LUN_00847,LUNCH,,0,,0.0,0.0,1.0,1.0,0.0
LUN_00848,LUNCH,,0,,0.0,1.0,1.0,0.0,0.0
LUN_00849,LUNCH,,0,,0.0,1.0,0.0,1.0,0.0
LUN_00850,LUNCH,,1,,0.0,0.0,1.0,1.0,0.0
LUN_00851,LUNCH,,1,,0.0,1.0,1.0,0.0,1.0
LUN_00852,LUNCH,,0,,1.0,0.0,0.0,0.0,0.0
LUN_00853,LUNCH,,0,,0.0,1.0,0.0,0.0,0.0
LUN_00854,LUNCH,,0,,0.0,1.0,1.0,1.0,0.0
LUN_00855,LUNCH,,1,,0.0,1.0,0.0,0.0,0.0
LUN_00856,LUNCH,,0,,1.0,0.0,0.0,0.0,0.0
LUN_00857,LUNCH,,0,,0.0,1.0,0.0,0.0,1.0
LUN_00858,LUNCH,,0,,0.0,1.0,1.0,1.0,0.0
LUN_00859,LUNCH,,1,,0.0,1.0,0.0,0.0,1.0
LUN_00860,LUNCH,,1,,0.0,0.0,1.0,0.0,0.0
LUN_00861,LUNCH,,1,,0.0,1.0,1.0,0.0,0.0
LUN_00862,LUNCH,,1,,0.0,1.0,1.0,0.0,0.0
LUN_00863,LUNCH,,0,,0.0,0.0,0.0,1.0,0.0
LUN_00864,LUNCH,,1,,0.0,1.0,0.0,0.0,1.0
LUN_00865,LUNCH,,0,,0.0,1.0,1.0,1.0,0.0
LUN_00866,LUNCH,,0,,0.0,1.0,0.0,1.0,0.0
LUN_00867,LUNCH,,0,,0.0,1.0,0.0,0.0,1.0
LUN_00868,LUNCH,,0,,1.0,0.0,0.0,0.0,0.0
LUN_00869,LUNCH,,0,,0.0,1.0,0.0,1.0,0.0
LUN_00870,LUNCH,,1,,0.0,1.0,1.0,0.0,1.0
LUN_00871,LUNCH,,0,,0.0,0.0,1.0,0.0,0.0
LUN_00872,LUNCH,,0,,0.0,1.0,1.0,1.0,1.0
LUN_00873,LUNCH,,0,,0.0,1.0,0.0,0.0,1.0
LUN_00874,LUNCH,,0,,0.0,0.0,0.0,1.0,0.0
LUN_00875,LUNCH,,1,,0.0,1.0,0.0,1.0,1.0
LUN_00876,LUNCH,,0,,0.0,1.0,1.0,1.0,0.0
LUN_00877,LUNCH,,1,,0.0,1.0,1.0,1.0,0.0
LUN_00878,LUNCH,,0,,0.0,1.0,0.0,1.0,0.0
LUN_00879,LUNCH,,0,,0.0,1.0,0.0,0.0,0.0
LUN_00880,LUNCH,,1,,0.0,1.0,1.0,0.0,0.0
LUN_00881,LUNCH,,0,,0.0,1.0,1.0,0.0,1.0
LUN_00882,LUNCH,,1,,0.0,1.0,1.0,0.0,1.0
LUN_00883,LUNCH,,1,,0.0,1.0,0.0,1.0,1.0
LUN_00884,LUNCH,,0,,1.0,0.0,0.0,0.0,0.0
LUN_00885,LUNCH,,1,,0.0,1.0,0.0,0.0,0.0
LUN_00886,LUNCH,,0,,0.0,1.0,0.0,0.0,0.0
LUN_00887,LUNCH,,1,,0.0,1.0,1.0,1.0,1.0
LUN_00888,LUNCH,,1,,0.0,1.0,1.0,0.0,1.0
LUN_00889,LUNCH,,1,,0.0,1.0,1.0,0.0,1.0
LUN_00890,LUNCH,,0,,0.0,1.0,1.0,1.0,0.0
LUN_00891,LUNCH,,1,,0.0,1.0,0.0,0.0,0.0
LUN_00892,LUNCH,,1,,0.0,1.0,0.0,0.0,0.0
LUN_00893,LUNCH,,0,,1.0,0.0,0.0,0.0,0.0
LUN_00894,LUNCH,,1,,0.0,1.0,0.0,0.0,0.0
LUN_00895,LUNCH,,0,,0.0,1.0,0.0,0.0,0.0
LUN_00896,LUNCH,,1,,0.0,0.0,0.0,0.0,0.0
LUN_00897,LUNCH,,1,,0.0,1.0,1.0,0.0,0.0
LUN_00898,LUNCH,,1,,0.0,1.0,1.0,0.0,0.0
LUN_00899,LUNCH,,0,,0.0,1.0,0.0,0.0,0.0
LUN_00900,LUNCH,,1,,0.0,1.0,0.0,0.0,0.0
LUN_00901,LUNCH,,0,,0.0,1.0,0.0,0.0,1.0
LUN_00902,LUNCH,,1,,0.0,1.0,1.0,1.0,0.0
LUN_00903,LUNCH,,0,,1.0,0.0,0.0,0.0,0.0
LUN_00904,LUNCH,,0,,0.0,1.0,0.0,1.0,1.0
LUN_00905,LUNCH,,1,,0.0,1.0,1.0,1.0,0.0
LUN_00906,LUNCH,,1,,0.0,1.0,0.0,0.0,1.0
LUN_00907,LUNCH,,0,,0.0,1.0,0.0,0.0,1.0
LUN_00908,LUNCH,,0,,0.0,1.0,1.0,1.0,0.0
LUN_00909,LUNCH,,1,,0.0,1.0,0.0,1.0,0.0
LUN_00910,LUNCH,,1,,0.0,1.0,0.0,0.0,0.0
LUN_00911,LUNCH,,1,,0.0,1.0,0.0,0.0,0.0
LUN_00912,LUNCH,,0,,0.0,1.0,0.0,0.0,0.0
LUN_00913,LUNCH,,1,,0.0,1.0,1.0,1.0,0.0
LUN_00914,LUNCH,,1,,0.0,1.0,1.0,1.0,0.0
LUN_00915,LUNCH,,0,,0.0,1.0,1.0,0.0,1.0
LUN_00916,LUNCH,,0,,1.0,0.0,0.0,0.0,0.0
LUN_00917,LUNCH,,0,,1.0,0.0,0.0,0.0,0.0
LUN_00918,LUNCH,,1,,0.0,1.0,1.0,0.0,0.0
LUN_00919,LUNCH,,0,,0.0,1.0,0.0,0.0,0.0
LUN_00920,LUNCH,,1,,0.0,1.0,0.0,0.0,0.0
LUN_00921,LUNCH,,0,,0.0,1.0,0.0,0.0,0.0
LUN_00922,LUNCH,,1,,0.0,1.0,0.0,0.0,0.0
LUN_00923,LUNCH,,1,,0.0,1.0,1.0,1.0,1.0
LUN_00924,LUNCH,,1,,0.0,1.0,1.0,1.0,1.0
LUN_00925,LUNCH,,0,,1.0,0.0,0.0,0.0,0.0
LUN_00926,LUNCH,,0,,0.0,1.0,1.0,1.0,0.0
LUN_00927,LUNCH,,0,,1.0,0.0,0.0,0.0,0.0
LUN_00928,LUNCH,,0,,1.0,0.0,0.0,0.0,0.0
LUN_00929,LUNCH,,1,,0.0,1.0,1.0,0.0,1.0
LUN_00930,LUNCH,,1,,0.0,0.0,0.0,1.0,1.0
LUN_00931,LUNCH,,1,,0.0,1.0,0.0,0.0,0.0
LUN_00932,LUNCH,,1,,0.0,1.0,1.0,0.0,0.0
LUN_00933,LUNCH,,0,,1.0,0.0,0.0,0.0,0.0
LUN_00934,LUNCH,,0,,1.0,0.0,0.0,0.0,0.0
LUN_00935,LUNCH,,0,,1.0,0.0,0.0,0.0,0.0
LUN_00936,LUNCH,,0,,1.0,0.0,0.0,0.0,0.0
LUN_00937,LUNCH,,0,,0.0,1.0,0.0,0.0,0.0
LUN_00938,LUNCH,,1,,0.0,0.0,0.0,0.0,1.0
LUN_00939,LUNCH,,1,,0.0,1.0,1.0,0.0,1.0
LUN_00940,LUNCH,,0,,1.0,0.0,0.0,0.0,0.0
LUN_00941,LUNCH,,0,,0.0,1.0,0.0,1.0,0.0
LUN_00942,LUNCH,,1,,0.0,0.0,1.0,0.0,0.0
LUN_00943,LUNCH,,0,,1.0,0.0,0.0,0.0,0.0
LUN_00944,LUNCH,,1,,0.0,1.0,0.0,0.0,1.0
LUN_00945,LUNCH,,1,,0.0,1.0,1.0,0.0,1.0
LUN_00946,LUNCH,,0,,1.0,0.0,0.0,0.0,0.0
LUN_00947,LUNCH,,1,,0.0,1.0,1.0,1.0,0.0
LUN_00948,LUNCH,,0,,1.0,0.0,0.0,0.0,0.0
LUN_00949,LUNCH,,1,,0.0,1.0,1.0,1.0,1.0
LUN_00950,LUNCH,,0,,1.0,0.0,0.0,0.0,0.0
LUN_00951,LUNCH,,0,,0.0,1.0,0.0,0.0,0.0
LUN_00952,LUNCH,,1,,0.0,1.0,1.0,1.0,1.0
LUN_00953,LUNCH,,1,,0.0,1.0,1.0,1.0,1.0
LUN_00954,LUNCH,,1,,0.0,1.0,1.0,0.0,0.0
LUN_00955,LUNCH,,0,,0.0,1.0,1.0,0.0,0.0
LUN_00956,LUNCH,,1,,0.0,1.0,1.0,0.0,0.0
LUN_00957,LUNCH,,0,,0.0,1.0,0.0,1.0,0.0
LUN_00958,LUNCH,,1,,0.0,1.0,1.0,1.0,1.0
LUN_00959,LUNCH,,0,,1.0,0.0,0.0,0.0,0.0
LUN_00960,LUNCH,,1,,0.0,1.0,0.0,1.0,0.0
LUN_00961,LUNCH,,0,,0.0,0.0,1.0,1.0,0.0
LUN_00962,LUNCH,,1,,0.0,1.0,1.0,1.0,0.0
LUN_00963,LUNCH,,0,,1.0,0.0,0.0,0.0,0.0
LUN_00964,LUNCH,,1,,0.0,1.0,1.0,0.0,0.0
LUN_00965,LUNCH,,1,,0.0,1.0,1.0,1.0,0.0
LUN_00966,LUNCH,,1,,0.0,1.0,1.0,1.0,0.0
LUN_00967,LUNCH,,1,,0.0,1.0,0.0,1.0,0.0
LUN_00968,LUNCH,,0,,0.0,1.0,1.0,0.0,1.0
LUN_00969,LUNCH,,0,,1.0,0.0,0.0,0.0,0.0
LUN_00970,LUNCH,,1,,0.0,1.0,1.0,1.0,1.0
LUN_00971,LUNCH,,1,,0.0,1.0,0.0,0.0,0.0
LUN_00972,LUNCH,,0,,0.0,1.0,1.0,0.0,1.0
LUN_00973,LUNCH,,1,,0.0,1.0,1.0,1.0,0.0
LUN_00974,LUNCH,,0,,0.0,1.0,0.0,0.0,0.0
LUN_00975,LUNCH,,1,,0.0,0.0,0.0,1.0,1.0
LUN_00976,LUNCH,,1,,0.0,0.0,1.0,0.0,0.0
LUN_00977,LUNCH,,1,,0.0,0.0,1.0,0.0,0.0
LUN_00978,LUNCH,,0,,0.0,1.0,0.0,0.0,0.0
LUN_00979,LUNCH,,1,,0.0,1.0,1.0,0.0,1.0
LUN_00980,LUNCH,,1,,0.0,1.0,0.0,0.0,0.0
LUN_00981,LUNCH,,0,,1.0,0.0,0.0,0.0,0.0
LUN_00982,LUNCH,,1,,0.0,1.0,1.0,1.0,0.0
LUN_00983,LUNCH,,1,,0.0,1.0,1.0,1.0,0.0
LUN_00984,LUNCH,,1,,0.0,1.0,1.0,1.0,0.0
LUN_00985,LUNCH,,1,,0.0,1.0,0.0,0.0,0.0
LUN_00986,LUNCH,,1,,0.0,1.0,1.0,0.0,0.0
LUN_00987,LUNCH,,1,,0.0,1.0,1.0,0.0,0.0
LUN_00988,LUNCH,,1,,0.0,0.0,0.0,1.0,0.0
LUN_00989,LUNCH,,0,,1.0,0.0,0.0,0.0,0.0
LUN_00990,LUNCH,,1,,0.0,1.0,0.0,0.0,0.0
LUN_00991,LUNCH,,1,,0.0,1.0,1.0,0.0,1.0
LUN_00992,LUNCH,,0,,1.0,0.0,0.0,0.0,0.0
LUN_00993,LUNCH,,0,,1.0,0.0,0.0,0.0,0.0
LUN_00994,LUNCH,,0,,0.0,0.0,0.0,1.0,0.0
LUN_00995,LUNCH,,0,,0.0,0.0,1.0,1.0,0.0
LUN_00996,LUNCH,,1,,0.0,0.0,1.0,0.0,0.0
LUN_00997,LUNCH,,0,,1.0,0.0,0.0,0.0,0.0
LUN_00998,LUNCH,,0,,1.0,0.0,0.0,0.0,0.0
LUN_00999,LUNCH,,1,,0.0,1.0,1.0,0.0,1.0
LUN_01000,LUNCH,,0,,0.0,1.0,1.0,0.0,0.0
LUN_01001,LUNCH,,1,,0.0,1.0,1.0,1.0,0.0
LUN_01002,LUNCH,,1,,0.0,0.0,1.0,1.0,0.0
LUN_01003,LUNCH,,0,,1.0,0.0,0.0,0.0,0.0
LUN_01004,LUNCH,,0,,1.0,0.0,0.0,0.0,0.0
LUN_01005,LUNCH,,1,,0.0,1.0,1.0,0.0,0.0
LUN_01006,LUNCH,,1,,0.0,1.0,0.0,1.0,0.0
LUN_01007,LUNCH,,1,,0.0,0.0,1.0,0.0,1.0
LUN_01008,LUNCH,,0,,1.0,0.0,0.0,0.0,0.0
LUN_01009,LUNCH,,1,,0.0,1.0,1.0,1.0,1.0
LUN_01010,LUNCH,,0,,0.0,1.0,1.0,0.0,0.0
LUN_01011,LUNCH,,1,,0.0,1.0,1.0,0.0,0.0
LUN_01012,LUNCH,,1,,0.0,0.0,0.0,0.0,0.0
LUN_01013,LUNCH,,0,,0.0,1.0,1.0,0.0,1.0
LUN_01014,LUNCH,,1,,0.0,1.0,1.0,0.0,1.0
LUN_01015,LUNCH,,1,,0.0,1.0,0.0,0.0,0.0
LUN_01016,LUNCH,,0,,0.0,1.0,0.0,1.0,0.0
LUN_01017,LUNCH,,0,,0.0,1.0,0.0,1.0,1.0
LUN_01018,LUNCH,,0,,1.0,0.0,0.0,0.0,0.0
LUN_01019,LUNCH,,1,,0.0,1.0,1.0,1.0,0.0
LUN_01020,LUNCH,,0,,1.0,0.0,0.0,0.0,0.0
LUN_01021,LUNCH,,0,,1.0,0.0,0.0,0.0,0.0
LUN_01022,LUNCH,,0,,0.0,0.0,0.0,1.0,0.0
LUN_01023,LUNCH,,1,,0.0,1.0,1.0,1.0,0.0
LUN_01024,LUNCH,,0,,0.0,1.0,1.0,0.0,0.0
LUN_01025,LUNCH,,0,,0.0,1.0,0.0,0.0,0.0
LUN_01026,LUNCH,,0,,0.0,1.0,1.0,1.0,0.0
LUN_01027,LUNCH,,0,,0.0,1.0,0.0,0.0,1.0
LUN_01028,LUNCH,,1,,0.0,0.0,1.0,0.0,0.0
LUN_01029,LUNCH,,1,,0.0,1.0,1.0,0.0,1.0
LUN_01030,LUNCH,,0,,1.0,0.0,0.0,0.0,0.0
LUN_01031,LUNCH,,0,,1.0,0.0,0.0,0.0,0.0
LUN_01032,LUNCH,,1,,0.0,1.0,1.0,1.0,0.0
LUN_01033,LUNCH,,0,,0.0,1.0,0.0,0.0,0.0
LUN_01034,LUNCH,,1,,0.0,1.0,1.0,1.0,1.0
LUN_01035,LUNCH,,0,,0.0,1.0,0.0,0.0,0.0
LUN_01036,LUNCH,,0,,1.0,0.0,0.0,0.0,0.0
LUN_01037,LUNCH,,1,,0.0,1.0,0.0,1.0,0.0
LUN_01038,LUNCH,,0,,1.0,0.0,0.0,0.0,0.0
LUN_01039,LUNCH,,1,,0.0,1.0,0.0,1.0,1.0
LUN_01040,LUNCH,,0,,1.0,0.0,0.0,0.0,0.0
LUN_01041,LUNCH,,0,,0.0,1.0,1.0,0.0,0.0
LUN_01042,LUNCH,,0,,1.0,0.0,0.0,0.0,0.0
LUN_01043,LUNCH,,1,,0.0,0.0,0.0,0.0,1.0
LUN_01044,LUNCH,,1,,0.0,1.0,0.0,0.0,0.0
LUN_01045,LUNCH,,0,,1.0,0.0,0.0,0.0,0.0
LUN_01046,LUNCH,,1,,0.0,1.0,0.0,1.0,0.0
LUN_01047,LUNCH,,0,,1.0,0.0,0.0,0.0,0.0
LUN_01048,LUNCH,,1,,0.0,1.0,1.0,0.0,0.0
LUN_01049,LUNCH,,1,,0.0,1.0,1.0,1.0,0.0
LUN_01050,LUNCH,,1,,0.0,1.0,1.0,0.0,0.0
LUN_01051,LUNCH,,1,,0.0,1.0,0.0,0.0,0.0
LUN_01052,LUNCH,,0,,1.0,0.0,0.0,0.0,0.0
LUN_01053,LUNCH,,0,,0.0,1.0,0.0,0.0,0.0
LUN_01054,LUNCH,,0,,1.0,0.0,0.0,0.0,0.0
LUN_01055,LUNCH,,0,,0.0,1.0,1.0,1.0,1.0
LUN_01056,LUNCH,,0,,0.0,1.0,0.0,0.0,1.0
LUN_01057,LUNCH,,0,,1.0,0.0,0.0,0.0,0.0
LUN_01058,LUNCH,,1,,0.0,1.0,1.0,0.0,1.0
LUN_01059,LUNCH,,0,,0.0,1.0,1.0,1.0,0.0
LUN_01060,LUNCH,,0,,0.0,1.0,0.0,0.0,0.0
LUN_01061,LUNCH,,0,,0.0,1.0,0.0,0.0,1.0
LUN_01062,LUNCH,,0,,0.0,1.0,0.0,0.0,1.0
LUN_01063,LUNCH,,1,,0.0,1.0,1.0,0.0,1.0
LUN_01064,LUNCH,,1,,0.0,1.0,1.0,1.0,0.0
LUN_01065,LUNCH,,1,,0.0,1.0,1.0,0.0,0.0
LUN_01066,LUNCH,,1,,0.0,1.0,1.0,0.0,1.0
LUN_01067,LUNCH,,1,,0.0,1.0,1.0,0.0,0.0
LUN_01068,LUNCH,,1,,0.0,1.0,1.0,0.0,0.0
LUN_01069,LUNCH,,0,,0.0,1.0,0.0,1.0,0.0
LUN_01070,LUNCH,,0,,0.0,1.0,0.0,0.0,0.0
LUN_01071,LUNCH,,0,,1.0,0.0,0.0,0.0,0.0
LUN_01072,LUNCH,,0,,0.0,1.0,1.0,0.0,0.0
LUN_01073,LUNCH,,0,,1.0,0.0,0.0,0.0,0.0
LUN_01074,LUNCH,,0,,1.0,0.0,0.0,0.0,0.0
LUN_01075,LUNCH,,0,,0.0,1.0,0.0,0.0,0.0
LUN_01076,LUNCH,,0,,1.0,0.0,0.0,0.0,0.0
LUN_01077,LUNCH,,1,,0.0,1.0,1.0,0.0,0.0
LUN_01078,LUNCH,,1,,0.0,1.0,1.0,0.0,0.0
LUN_01079,LUNCH,,1,,0.0,1.0,0.0,0.0,1.0
LUN_01080,LUNCH,,0,,1.0,0.0,0.0,0.0,0.0
LUN_01081,LUNCH,,0,,0.0,0.0,1.0,0.0,0.0
LUN_01082,LUNCH,,1,,0.0,0.0,1.0,1.0,0.0
LUN_01083,LUNCH,,1,,0.0,0.0,0.0,0.0,0.0
LUN_01084,LUNCH,,1,,0.0,1.0,1.0,1.0,1.0
LUN_01085,LUNCH,,1,,0.0,0.0,1.0,0.0,0.0
LUN_01086,LUNCH,,1,,0.0,1.0,1.0,1.0,1.0
LUN_01087,LUNCH,,1,,0.0,1.0,0.0,0.0,1.0
LUN_01088,LUNCH,,0,,0.0,1.0,1.0,1.0,1.0
LUN_01089,LUNCH,,0,,0.0,1.0,0.0,0.0,1.0
LUN_01090,LUNCH,,1,,0.0,0.0,0.0,0.0,1.0
LUN_01091,LUNCH,,1,,0.0,1.0,1.0,0.0,0.0
LUN_01092,LUNCH,,0,,0.0,1.0,0.0,1.0,0.0
LUN_01093,LUNCH,,0,,0.0,1.0,0.0,0.0,0.0
LUN_01094,LUNCH,,1,,0.0,1.0,0.0,0.0,0.0
LUN_01095,LUNCH,,0,,1.0,0.0,0.0,0.0,0.0
LUN_01096,LUNCH,,0,,0.0,1.0,0.0,1.0,1.0
LUN_01097,LUNCH,,1,,0.0,1.0,1.0,0.0,0.0
LUN_01098,LUNCH,,0,,0.0,1.0,0.0,0.0,0.0
LUN_01099,LUNCH,,0,,1.0,0.0,0.0,0.0,0.0
LUN_01100,LUNCH,,0,,0.0,1.0,0.0,0.0,0.0
LUN_01101,LUNCH,,1,,0.0,1.0,0.0,1.0,0.0
LUN_01102,LUNCH,,1,,0.0,1.0,0.0,0.0,0.0
LUN_01103,LUNCH,,0,,0.0,1.0,1.0,1.0,1.0
LUN_01104,LUNCH,,1,,0.0,1.0,1.0,1.0,0.0
LUN_01105,LUNCH,,1,,0.0,1.0,0.0,0.0,1.0
LUN_01106,LUNCH,,0,,0.0,1.0,1.0,0.0,0.0
LUN_01107,LUNCH,,0,,0.0,1.0,0.0,1.0,0.0
LUN_01108,LUNCH,,0,,0.0,1.0,1.0,1.0,0.0
LUN_01109,LUNCH,,0,,0.0,0.0,0.0,1.0,0.0
LUN_01110,LUNCH,,1,,0.0,1.0,1.0,1.0,0.0
LUN_01111,LUNCH,,1,,0.0,1.0,1.0,0.0,0.0
LUN_01112,LUNCH,,0,,0.0,0.0,0.0,0.0,0.0
LUN_01113,LUNCH,,1,,0.0,1.0,1.0,1.0,0.0
LUN_01114,LUNCH,,0,,0.0,1.0,1.0,1.0,1.0
LUN_01115,LUNCH,,1,,0.0,1.0,1.0,0.0,0.0
LUN_01116,LUNCH,,0,,0.0,1.0,0.0,0.0,0.0
LUN_01117,LUNCH,,1,,0.0,1.0,0.0,0.0,1.0
LUN_01118,LUNCH,,0,,0.0,1.0,0.0,0.0,1.0
LUN_01119,LUNCH,,1,,0.0,1.0,1.0,1.0,0.0
LUN_01120,LUNCH,,0,,1.0,0.0,0.0,0.0,0.0
LUN_01121,LUNCH,,0,,0.0,0.0,0.0,0.0,1.0
LUN_01122,LUNCH,,0,,0.0,1.0,0.0,0.0,0.0
LUN_01123,LUNCH,,0,,1.0,0.0,0.0,0.0,0.0
LUN_01124,LUNCH,,0,,0.0,1.0,1.0,0.0,0.0
LUN_01125,LUNCH,,1,,0.0,1.0,1.0,0.0,1.0
LUN_01126,LUNCH,,0,,0.0,1.0,1.0,0.0,0.0
LUN_01127,LUNCH,,1,,0.0,0.0,1.0,1.0,0.0
LUN_01128,LUNCH,,0,,0.0,1.0,0.0,0.0,0.0
LUN_01129,LUNCH,,1,,0.0,1.0,1.0,0.0,0.0
LUN_01130,LUNCH,,0,,1.0,0.0,0.0,0.0,0.0
LUN_01131,LUNCH,,0,,0.0,1.0,0.0,0.0,0.0
LUN_01132,LUNCH,,1,,0.0,0.0,1.0,1.0,0.0
LUN_01133,LUNCH,,0,,0.0,1.0,1.0,1.0,0.0
LUN_01134,LUNCH,,1,,0.0,1.0,1.0,0.0,0.0
LUN_01135,LUNCH,,0,,1.0,0.0,0.0,0.0,0.0
LUN_01136,LUNCH,,1,,0.0,1.0,1.0,1.0,0.0
LUN_01137,LUNCH,,0,,0.0,1.0,0.0,0.0,0.0
LUN_01138,LUNCH,,1,,0.0,1.0,0.0,1.0,0.0
LUN_01139,LUNCH,,0,,0.0,1.0,1.0,0.0,0.0
LUN_01140,LUNCH,,1,,0.0,1.0,0.0,0.0,0.0
LUN_01141,LUNCH,,1,,0.0,1.0,1.0,1.0,1.0
LUN_01142,LUNCH,,0,,0.0,1.0,1.0,1.0,1.0
LUN_01143,LUNCH,,1,,0.0,1.0,0.0,1.0,1.0
LUN_01144,LUNCH,,1,,0.0,1.0,1.0,0.0,0.0
LUN_01145,LUNCH,,0,,0.0,1.0,1.0,0.0,0.0
LUN_01146,LUNCH,,0,,0.0,1.0,0.0,0.0,0.0
LUN_01147,LUNCH,,0,,0.0,1.0,1.0,0.0,1.0
LUN_01148,LUNCH,,0,,1.0,0.0,0.0,0.0,0.0
LUN_01149,LUNCH,,0,,0.0,1.0,0.0,1.0,1.0
LUN_01150,LUNCH,,1,,0.0,1.0,0.0,0.0,1.0
LUN_01151,LUNCH,,0,,0.0,0.0,0.0,0.0,1.0
LUN_01152,LUNCH,,1,,0.0,0.0,0.0,0.0,1.0
LUN_01153,LUNCH,,0,,0.0,1.0,1.0,1.0,0.0
LUN_01154,LUNCH,,1,,0.0,1.0,0.0,0.0,0.0
LUN_01155,LUNCH,,0,,1.0,0.0,0.0,0.0,0.0
LUN_01156,LUNCH,,1,,0.0,1.0,1.0,0.0,1.0
LUN_01157,LUNCH,,1,,0.0,1.0,0.0,1.0,0.0
LUN_01158,LUNCH,,0,,0.0,1.0,1.0,0.0,1.0
LUN_01159,LUNCH,,0,,0.0,0.0,1.0,0.0,0.0
LUN_01160,LUNCH,,0,,0.0,1.0,1.0,0.0,0.0
LUN_01161,LUNCH,,0,,0.0,1.0,0.0,0.0,0.0
LUN_01162,LUNCH,,0,,1.0,0.0,0.0,0.0,0.0
LUN_01163,LUNCH,,0,,1.0,0.0,0.0,0.0,0.0
LUN_01164,LUNCH,,0,,0.0,1.0,0.0,0.0,0.0
LUN_01165,LUNCH,,0,,0.0,1.0,1.0,1.0,0.0
LUN_01166,LUNCH,,1,,0.0,1.0,0.0,1.0,0.0
LUN_01167,LUNCH,,0,,1.0,0.0,0.0,0.0,0.0
LUN_01168,LUNCH,,1,,0.0,1.0,1.0,1.0,0.0
LUN_01169,LUNCH,,0,,1.0,0.0,0.0,0.0,0.0
LUN_01170,LUNCH,,0,,1.0,0.0,0.0,0.0,0.0
LUN_01171,LUNCH,,1,,0.0,1.0,0.0,0.0,1.0
LUN_01172,LUNCH,,1,,0.0,0.0,1.0,0.0,0.0
LUN_01173,LUNCH,,0,,0.0,1.0,1.0,1.0,0.0
LUN_01174,LUNCH,,1,,0.0,1.0,0.0,1.0,0.0
LUN_01175,LUNCH,,1,,0.0,1.0,1.0,0.0,0.0
LUN_01176,LUNCH,,1,,0.0,0.0,1.0,0.0,0.0
LUN_01177,LUNCH,,0,,0.0,1.0,1.0,0.0,0.0
LUN_01178,LUNCH,,0,,0.0,1.0,1.0,0.0,0.0
LUN_01179,LUNCH,,0,,0.0,1.0,1.0,0.0,0.0
LUN_01180,LUNCH,,0,,0.0,1.0,1.0,1.0,0.0
LUN_01181,LUNCH,,1,,0.0,1.0,0.0,0.0,0.0
LUN_01182,LUNCH,,1,,0.0,1.0,1.0,1.0,0.0
LUN_01183,LUNCH,,0,,1.0,0.0,0.0,0.0,0.0
LUN_01184,LUNCH,,0,,0.0,1.0,1.0,1.0,0.0
LUN_01185,LUNCH,,1,,0.0,1.0,0.0,0.0,0.0
LUN_01186,LUNCH,,1,,0.0,0.0,0.0,0.0,0.0
LUN_01187,LUNCH,,0,,1.0,0.0,0.0,0.0,0.0
LUN_01188,LUNCH,,1,,0.0,1.0,0.0,1.0,0.0
LUN_01189,LUNCH,,0,,1.0,0.0,0.0,0.0,0.0
LUN_01190,LUNCH,,1,,0.0,1.0,0.0,0.0,0.0
LUN_01191,LUNCH,,1,,0.0,1.0,0.0,0.0,1.0
LUN_01192,LUNCH,,1,,0.0,0.0,1.0,1.0,1.0
LUN_01193,LUNCH,,0,,1.0,0.0,0.0,0.0,0.0
LUN_01194,LUNCH,,0,,1.0,0.0,0.0,0.0,0.0
LUN_01195,LUNCH,,0,,0.0,1.0,1.0,1.0,0.0
LUN_01196,LUNCH,,1,,0.0,1.0,0.0,0.0,0.0
LUN_01197,LUNCH,,0,,0.0,1.0,1.0,0.0,0.0
LUN_01198,LUNCH,,0,,0.0,1.0,1.0,0.0,0.0
LUN_01199,LUNCH,,0,,0.0,0.0,1.0,0.0,0.0
LUN_01200,LUNCH,,0,,1.0,0.0,0.0,0.0,0.0
LUN_01201,LUNCH,,0,,1.0,0.0,0.0,0.0,0.0
LUN_01202,LUNCH,,0,,0.0,1.0,1.0,0.0,1.0
LUN_01203,LUNCH,,0,,0.0,1.0,1.0,0.0,0.0
LUN_01204,LUNCH,,1,,0.0,1.0,0.0,0.0,0.0
LUN_01205,LUNCH,,1,,0.0,1.0,0.0,0.0,0.0
LUN_01206,LUNCH,,0,,1.0,0.0,0.0,0.0,0.0
LUN_01207,LUNCH,,0,,1.0,0.0,0.0,0.0,0.0
LUN_01208,LUNCH,,1,,0.0,1.0,1.0,1.0,1.0
LUN_01209,LUNCH,,0,,1.0,0.0,0.0,0.0,0.0
LUN_01210,LUNCH,,1,,0.0,1.0,1.0,0.0,0.0
LUN_01211,LUNCH,,1,,0.0,0.0,0.0,0.0,0.0
LUN_01212,LUNCH,,1,,0.0,1.0,0.0,0.0,0.0
LUN_01213,LUNCH,,0,,1.0,0.0,0.0,0.0,0.0
LUN_01214,LUNCH,,1,,0.0,1.0,1.0,0.0,1.0
LUN_01215,LUNCH,,0,,1.0,0.0,0.0,0.0,0.0
LUN_01216,LUNCH,,0,,0.0,1.0,0.0,1.0,1.0
LUN_01217,LUNCH,,1,,0.0,1.0,0.0,1.0,0.0
LUN_01218,LUNCH,,1,,0.0,1.0,1.0,0.0,0.0
LUN_01219,LUNCH,,0,,0.0,1.0,1.0,0.0,0.0
LUN_01220,LUNCH,,0,,0.0,1.0,0.0,1.0,0.0
LUN_01221,LUNCH,,0,,0.0,1.0,0.0,0.0,0.0
LUN_01222,LUNCH,,1,,0.0,1.0,1.0,0.0,1.0
LUN_01223,LUNCH,,0,,1.0,0.0,0.0,0.0,0.0
LUN_01224,LUNCH,,1,,0.0,1.0,1.0,1.0,0.0
LUN_01225,LUNCH,,0,,0.0,0.0,0.0,0.0,0.0
LUN_01226,LUNCH,,1,,0.0,1.0,1.0,1.0,0.0
LUN_01227,LUNCH,,0,,0.0,1.0,0.0,0.0,0.0
LUN_01228,LUNCH,,0,,1.0,0.0,0.0,0.0,0.0
LUN_01229,LUNCH,,0,,0.0,1.0,1.0,1.0,0.0
LUN_01230,LUNCH,,0,,0.0,0.0,0.0,1.0,0.0
LUN_01231,LUNCH,,0,,0.0,1.0,1.0,0.0,0.0
LUN_01232,LUNCH,,1,,0.0,1.0,0.0,1.0,0.0
LUN_01233,LUNCH,,1,,0.0,1.0,0.0,0.0,1.0
LUN_01234,LUNCH,,1,,0.0,1.0,0.0,0.0,0.0
LUN_01235,LUNCH,,1,,0.0,1.0,0.0,0.0,0.0
LUN_01236,LUNCH,,0,,1.0,0.0,0.0,0.0,0.0
LUN_01237,LUNCH,,0,,0.0,1.0,1.0,1.0,1.0
LUN_01238,LUNCH,,0,,0.0,1.0,0.0,1.0,0.0
LUN_01239,LUNCH,,0,,1.0,0.0,0.0,0.0,0.0
LUN_01240,LUNCH,,0,,0.0,1.0,0.0,0.0,0.0
LUN_01241,LUNCH,,1,,0.0,1.0,0.0,0.0,0.0
LUN_01242,LUNCH,,0,,1.0,0.0,0.0,0.0,0.0
LUN_01243,LUNCH,,0,,0.0,1.0,0.0,1.0,0.0
LUN_01244,LUNCH,,0,,0.0,1.0,0.0,1.0,0.0
LUN_01245,LUNCH,,0,,0.0,1.0,1.0,0.0,0.0
LUN_01246,LUNCH,,0,,0.0,1.0,0.0,0.0,0.0
LUN_01247,LUNCH,,0,,0.0,1.0,0.0,0.0,1.0
LUN_01248,LUNCH,,1,,0.0,1.0,1.0,0.0,1.0
LUN_01249,LUNCH,,0,,0.0,1.0,1.0,0.0,0.0
LUN_01250,LUNCH,,0,,1.0,0.0,0.0,0.0,0.0
LUN_01251,LUNCH,,0,,0.0,1.0,1.0,0.0,0.0
LUN_01252,LUNCH,,1,,0.0,0.0,0.0,1.0,0.0
LUN_01253,LUNCH,,0,,0.0,1.0,1.0,0.0,0.0
LUN_01254,LUNCH,,1,,0.0,0.0,0.0,1.0,0.0
LUN_01255,LUNCH,,1,,0.0,1.0,1.0,1.0,0.0
LUN_01256,LUNCH,,1,,0.0,1.0,0.0,0.0,0.0
LUN_01257,LUNCH,,1,,0.0,1.0,0.0,1.0,0.0
LUN_01258,LUNCH,,1,,0.0,1.0,0.0,0.0,0.0
LUN_01259,LUNCH,,0,,1.0,0.0,0.0,0.0,0.0
LUN_01260,LUNCH,,1,,0.0,1.0,0.0,1.0,0.0
LUN_01261,LUNCH,,0,,1.0,0.0,0.0,0.0,0.0
LUN_01262,LUNCH,,1,,0.0,1.0,1.0,0.0,0.0
LUN_01263,LUNCH,,0,,1.0,0.0,0.0,0.0,0.0
LUN_01264,LUNCH,,0,,0.0,1.0,0.0,0.0,1.0
LUN_01265,LUNCH,,1,,0.0,1.0,0.0,0.0,0.0
LUN_01266,LUNCH,,0,,1.0,0.0,0.0,0.0,0.0
LUN_01267,LUNCH,,1,,0.0,1.0,0.0,1.0,0.0
LUN_01268,LUNCH,,1,,0.0,1.0,1.0,1.0,1.0
LUN_01269,LUNCH,,0,,0.0,1.0,1.0,1.0,1.0
LUN_01270,LUNCH,,0,,1.0,0.0,0.0,0.0,0.0
LUN_01271,LUNCH,,0,,0.0,1.0,0.0,0.0,0.0
LUN_01272,LUNCH,,0,,1.0,0.0,0.0,0.0,0.0
LUN_01273,LUNCH,,1,,0.0,1.0,1.0,0.0,0.0
LUN_01274,LUNCH,,0,,1.0,0.0,0.0,0.0,0.0
LUN_01275,LUNCH,,1,,0.0,1.0,1.0,0.0,1.0
LUN_01276,LUNCH,,1,,0.0,1.0,1.0,0.0,0.0
LUN_01277,LUNCH,,1,,0.0,0.0,1.0,0.0,0.0
LUN_01278,LUNCH,,1,,0.0,1.0,1.0,0.0,0.0
LUN_01279,LUNCH,,0,,0.0,1.0,1.0,0.0,0.0
LUN_01280,LUNCH,,0,,0.0,1.0,1.0,0.0,0.0
LUN_01281,LUNCH,,0,,0.0,1.0,1.0,1.0,1.0
LUN_01282,LUNCH,,0,,0.0,1.0,0.0,0.0,0.0
LUN_01283,LUNCH,,1,,0.0,0.0,1.0,0.0,0.0
LUN_01284,LUNCH,,0,,0.0,1.0,0.0,0.0,1.0
LUN_01285,LUNCH,,1,,0.0,1.0,1.0,1.0,1.0
LUN_01286,LUNCH,,0,,1.0,0.0,0.0,0.0,0.0
LUN_01287,LUNCH,,0,,1.0,0.0,0.0,0.0,0.0
LUN_01288,LUNCH,,1,,0.0,1.0,0.0,1.0,0.0
LUN_01289,LUNCH,,0,,0.0,1.0,1.0,1.0,0.0
LUN_01290,LUNCH,,0,,1.0,0.0,0.0,0.0,0.0
LUN_01291,LUNCH,,0,,0.0,1.0,1.0,1.0,0.0
LUN_01292,LUNCH,,1,,0.0,1.0,0.0,0.0,0.0
LUN_01293,LUNCH,,1,,0.0,0.0,0.0,1.0,0.0
LUN_01294,LUNCH,,1,,0.0,1.0,0.0,0.0,0.0
LUN_01295,LUNCH,,1,,0.0,1.0,0.0,0.0,1.0
LUN_01296,LUNCH,,0,,0.0,1.0,1.0,0.0,0.0
LUN_01297,LUNCH,,1,,0.0,1.0,1.0,1.0,0.0
LUN_01298,LUNCH,,0,,0.0,1.0,1.0,0.0,1.0
LUN_01299,LUNCH,,0,,0.0,1.0,0.0,0.0,0.0
LUN_01300,LUNCH,,1,,0.0,1.0,0.0,0.0,0.0
LUN_01301,LUNCH,,1,,0.0,1.0,0.0,0.0,0.0
LUN_01302,LUNCH,,1,,0.0,0.0,0.0,0.0,0.0
LUN_01303,LUNCH,,0,,1.0,0.0,0.0,0.0,0.0
LUN_01304,LUNCH,,0,,1.0,0.0,0.0,0.0,0.0
LUN_01305,LUNCH,,0,,0.0,1.0,0.0,1.0,0.0
LUN_01306,LUNCH,,0,,0.0,1.0,1.0,1.0,0.0
LUN_01307,LUNCH,,0,,0.0,1.0,0.0,1.0,1.0
LUN_01308,LUNCH,,0,,1.0,0.0,0.0,0.0,0.0
LUN_01309,LUNCH,,1,,0.0,1.0,0.0,1.0,1.0
LUN_01310,LUNCH,,0,,0.0,1.0,0.0,0.0,0.0
LUN_01311,LUNCH,,0,,1.0,0.0,0.0,0.0,0.0
LUN_01312,LUNCH,,1,,0.0,1.0,0.0,1.0,1.0
LUN_01313,LUNCH,,0,,0.0,1.0,0.0,0.0,0.0
LUN_01314,LUNCH,,0,,0.0,0.0,0.0,0.0,0.0
LUN_01315,LUNCH,,0,,1.0,0.0,0.0,0.0,0.0
LUN_01316,LUNCH,,0,,0.0,1.0,1.0,1.0,0.0
LUN_01317,LUNCH,,0,,0.0,0.0,0.0,0.0,0.0
LUN_01318,LUNCH,,0,,1.0,0.0,0.0,0.0,0.0
LUN_01319,LUNCH,,1,,0.0,0.0,1.0,0.0,0.0
LUN_01320,LUNCH,,0,,0.0,1.0,1.0,1.0,0.0
LUN_01321,LUNCH,,0,,0.0,1.0,0.0,0.0,1.0
LUN_01322,LUNCH,,1,,0.0,1.0,0.0,1.0,0.0
LUN_01323,LUNCH,,1,,0.0,1.0,1.0,1.0,1.0
LUN_01324,LUNCH,,0,,0.0,1.0,1.0,0.0,1.0
LUN_01325,LUNCH,,0,,0.0,1.0,0.0,1.0,0.0
LUN_01326,LUNCH,,1,,0.0,0.0,1.0,1.0,0.0
LUN_01327,LUNCH,,0,,0.0,1.0,1.0,0.0,1.0
LUN_01328,LUNCH,,1,,0.0,1.0,1.0,1.0,0.0
LUN_01329,LUNCH,,1,,0.0,1.0,1.0,1.0,0.0
LUN_01330,LUNCH,,0,,0.0,1.0,1.0,0.0,0.0
LUN_01331,LUNCH,,0,,1.0,0.0,0.0,0.0,0.0
LUN_01332,LUNCH,,0,,0.0,1.0,0.0,0.0,1.0
LUN_01333,LUNCH,,0,,1.0,0.0,0.0,0.0,0.0
LUN_01334,LUNCH,,1,,0.0,1.0,1.0,1.0,1.0
LUN_01335,LUNCH,,0,,0.0,1.0,0.0,0.0,1.0
LUN_01336,LUNCH,,0,,1.0,0.0,0.0,0.0,0.0
LUN_01337,LUNCH,,0,,1.0,0.0,0.0,0.0,0.0
LUN_01338,LUNCH,,0,,1.0,0.0,0.0,0.0,0.0
LUN_01339,LUNCH,,1,,0.0,1.0,1.0,1.0,0.0
LUN_01340,LUNCH,,0,,0.0,0.0,1.0,0.0,0.0
LUN_01341,LUNCH,,1,,0.0,1.0,1.0,1.0,0.0
LUN_01342,LUNCH,,0,,1.0,0.0,0.0,0.0,0.0
LUN_01343,LUNCH,,0,,1.0,0.0,0.0,0.0,0.0
LUN_01344,LUNCH,,1,,0.0,1.0,1.0,1.0,0.0
LUN_01345,LUNCH,,0,,0.0,1.0,0.0,0.0,1.0
LUN_01346,LUNCH,,1,,0.0,1.0,1.0,0.0,1.0
LUN_01347,LUNCH,,0,,0.0,1.0,1.0,0.0,1.0
LUN_01348,LUNCH,,1,,0.0,1.0,1.0,0.0,0.0
LUN_01349,LUNCH,,0,,0.0,1.0,0.0,0.0,0.0
LUN_01350,LUNCH,,0,,1.0,0.0,0.0,0.0,0.0
LUN_01351,LUNCH,,0,,0.0,1.0,1.0,0.0,0.0
LUN_01352,LUNCH,,1,,0.0,1.0,1.0,0.0,0.0
LUN_01353,LUNCH,,1,,0.0,1.0,1.0,0.0,1.0
LUN_01354,LUNCH,,1,,0.0,0.0,1.0,0.0,1.0
LUN_01355,LUNCH,,0,,0.0,1.0,0.0,0.0,1.0
LUN_01356,LUNCH,,0,,0.0,1.0,1.0,1.0,1.0
LUN_01357,LUNCH,,1,,0.0,1.0,1.0,1.0,1.0
LUN_01358,LUNCH,,1,,0.0,1.0,1.0,1.0,0.0
LUN_01359,LUNCH,,0,,1.0,0.0,0.0,0.0,0.0
LUN_01360,LUNCH,,1,,0.0,1.0,1.0,0.0,0.0
LUN_01361,LUNCH,,1,,0.0,1.0,0.0,0.0,0.0
LUN_01362,LUNCH,,0,,1.0,0.0,0.0,0.0,0.0
LUN_01363,LUNCH,,0,,0.0,1.0,0.0,0.0,0.0
LUN_01364,LUNCH,,0,,0.0,1.0,1.0,0.0,0.0
LUN_01365,LUNCH,,1,,0.0,1.0,0.0,0.0,1.0
LUN_01366,LUNCH,,1,,0.0,1.0,0.0,0.0,0.0
LUN_01367,LUNCH,,0,,1.0,0.0,0.0,0.0,0.0
LUN_01368,LUNCH,,0,,1.0,0.0,0.0,0.0,0.0
LUN_01369,LUNCH,,1,,0.0,1.0,0.0,0.0,1.0
LUN_01370,LUNCH,,0,,0.0,1.0,1.0,0.0,0.0
LUN_01371,LUNCH,,0,,1.0,0.0,0.0,0.0,0.0
LUN_01372,LUNCH,,0,,1.0,0.0,0.0,0.0,0.0
LUN_01373,LUNCH,,0,,0.0,0.0,1.0,0.0,0.0
LUN_01374,LUNCH,,0,,1.0,0.0,0.0,0.0,0.0
LUN_01375,LUNCH,,1,,0.0,1.0,1.0,0.0,0.0
LUN_01376,LUNCH,,1,,0.0,1.0,1.0,1.0,0.0
LUN_01377,LUNCH,,1,,0.0,1.0,1.0,0.0,0.0
LUN_01378,LUNCH,,1,,0.0,1.0,0.0,0.0,0.0
LUN_01379,LUNCH,,1,,0.0,1.0,1.0,0.0,0.0
LUN_01380,LUNCH,,1,,0.0,0.0,0.0,0.0,0.0
LUN_01381,LUNCH,,1,,0.0,1.0,1.0,1.0,0.0
LUN_01382,LUNCH,,0,,0.0,1.0,1.0,0.0,0.0
LUN_01383,LUNCH,,0,,0.0,1.0,1.0,0.0,1.0
LUN_01384,LUNCH,,1,,0.0,1.0,0.0,0.0,0.0
LUN_01385,LUNCH,,1,,0.0,1.0,1.0,0.0,0.0
LUN_01386,LUNCH,,1,,0.0,1.0,0.0,0.0,0.0
LUN_01387,LUNCH,,1,,0.0,1.0,1.0,0.0,0.0
LUN_01388,LUNCH,,1,,0.0,1.0,1.0,1.0,1.0
LUN_01389,LUNCH,,0,,0.0,1.0,0.0,0.0,0.0
LUN_01390,LUNCH,,1,,0.0,1.0,1.0,1.0,0.0
LUN_01391,LUNCH,,1,,0.0,1.0,0.0,0.0,1.0
LUN_01392,LUNCH,,1,,0.0,1.0,1.0,0.0,1.0
LUN_01393,LUNCH,,1,,0.0,1.0,0.0,0.0,1.0
LUN_01394,LUNCH,,1,,0.0,1.0,0.0,0.0,0.0
LUN_01395,LUNCH,,0,,0.0,1.0,0.0,1.0,0.0
LUN_01396,LUNCH,,1,,0.0,1.0,0.0,0.0,0.0
LUN_01397,LUNCH,,1,,0.0,1.0,1.0,1.0,0.0
LUN_01398,LUNCH,,1,,0.0,1.0,1.0,1.0,0.0
LUN_01399,LUNCH,,0,,0.0,1.0,1.0,1.0,0.0
LUN_01400,LUNCH,,1,,0.0,1.0,0.0,0.0,1.0
LUN_01401,LUNCH,,0,,1.0,0.0,0.0,0.0,0.0
LUN_01402,LUNCH,,0,,1.0,0.0,0.0,0.0,0.0
LUN_01403,LUNCH,,1,,0.0,1.0,0.0,0.0,1.0
LUN_01404,LUNCH,,0,,0.0,1.0,1.0,1.0,0.0
LUN_01405,LUNCH,,1,,0.0,1.0,1.0,1.0,1.0
LUN_01406,LUNCH,,0,,0.0,1.0,0.0,0.0,0.0
LUN_01407,LUNCH,,0,,0.0,1.0,1.0,1.0,0.0
LUN_01408,LUNCH,,1,,0.0,1.0,0.0,1.0,0.0
LUN_01409,LUNCH,,0,,1.0,0.0,0.0,0.0,0.0
LUN_01410,LUNCH,,0,,1.0,0.0,0.0,0.0,0.0
LUN_01411,LUNCH,,1,,0.0,1.0,0.0,1.0,0.0
LUN_01412,LUNCH,,0,,0.0,0.0,1.0,0.0,1.0
LUN_01413,LUNCH,,0,,1.0,0.0,0.0,0.0,0.0
LUN_01414,LUNCH,,1,,0.0,1.0,1.0,0.0,1.0
LUN_01415,LUNCH,,1,,0.0,1.0,0.0,0.0,0.0
LUN_01416,LUNCH,,0,,1.0,0.0,0.0,0.0,0.0
LUN_01417,LUNCH,,0,,0.0,0.0,1.0,1.0,0.0
LUN_01418,LUNCH,,1,,0.0,1.0,0.0,1.0,0.0
LUN_01419,LUNCH,,0,,1.0,0.0,0.0,0.0,0.0
LUN_01420,LUNCH,,1,,0.0,0.0,0.0,0.0,0.0
LUN_01421,LUNCH,,1,,0.0,1.0,0.0,0.0,1.0
LUN_01422,LUNCH,,1,,0.0,1.0,0.0,0.0,0.0
LUN_01423,LUNCH,,1,,0.0,1.0,0.0,0.0,0.0
LUN_01424,LUNCH,,0,,1.0,0.0,0.0,0.0,0.0
LUN_01425,LUNCH,,1,,0.0,0.0,0.0,1.0,0.0
LUN_01426,LUNCH,,1,,0.0,1.0,1.0,1.0,0.0
LUN_01427,LUNCH,,1,,0.0,1.0,1.0,0.0,0.0
LUN_01428,LUNCH,,0,,0.0,1.0,0.0,0.0,1.0
LUN_01429,LUNCH,,0,,0.0,1.0,0.0,0.0,0.0
LUN_01430,LUNCH,,0,,0.0,1.0,0.0,1.0,0.0
LUN_01431,LUNCH,,0,,1.0,0.0,0.0,0.0,0.0
LUN_01432,LUNCH,,0,,0.0,1.0,1.0,0.0,0.0
LUN_01433,LUNCH,,0,,0.0,1.0,0.0,0.0,0.0
LUN_01434,LUNCH,,0,,0.0,1.0,1.0,0.0,0.0
LUN_01435,LUNCH,,0,,0.0,1.0,0.0,0.0,1.0
LUN_01436,LUNCH,,0,,0.0,1.0,1.0,0.0,0.0
LUN_01437,LUNCH,,1,,0.0,1.0,1.0,1.0,1.0
LUN_01438,LUNCH,,0,,0.0,1.0,0.0,1.0,0.0
LUN_01439,LUNCH,,0,,0.0,1.0,0.0,0.0,0.0
LUN_01440,LUNCH,,1,,0.0,1.0,1.0,0.0,1.0
LUN_01441,LUNCH,,1,,0.0,1.0,0.0,1.0,0.0
LUN_01442,LUNCH,,1,,0.0,1.0,1.0,1.0,0.0
LUN_01443,LUNCH,,0,,0.0,1.0,0.0,1.0,0.0
LUN_01444,LUNCH,,0,,0.0,1.0,0.0,0.0,0.0
LUN_01445,LUNCH,,0,,1.0,0.0,0.0,0.0,0.0
LUN_01446,LUNCH,,0,,1.0,0.0,0.0,0.0,0.0
LUN_01447,LUNCH,,1,,0.0,1.0,1.0,0.0,0.0
LUN_01448,LUNCH,,1,,0.0,1.0,0.0,1.0,1.0
LUN_01449,LUNCH,,0,,0.0,1.0,1.0,1.0,1.0
LUN_01450,LUNCH,,1,,0.0,1.0,1.0,1.0,0.0
LUN_01451,LUNCH,,1,,0.0,1.0,0.0,0.0,1.0
LUN_01452,LUNCH,,1,,0.0,1.0,1.0,0.0,0.0
LUN_01453,LUNCH,,0,,0.0,1.0,1.0,1.0,0.0
LUN_01454,LUNCH,,1,,0.0,1.0,1.0,1.0,1.0
LUN_01455,LUNCH,,0,,1.0,0.0,0.0,0.0,0.0
LUN_01456,LUNCH,,0,,0.0,0.0,1.0,1.0,1.0
LUN_01457,LUNCH,,1,,0.0,1.0,1.0,0.0,0.0
LUN_01458,LUNCH,,1,,0.0,1.0,1.0,1.0,0.0
LUN_01459,LUNCH,,1,,0.0,1.0,1.0,1.0,0.0
LUN_01460,LUNCH,,1,,0.0,1.0,1.0,0.0,0.0
LUN_01461,LUNCH,,0,,0.0,0.0,0.0,0.0,0.0
LUN_01462,LUNCH,,0,,0.0,1.0,0.0,0.0,0.0
LUN_01463,LUNCH,,0,,0.0,1.0,0.0,0.0,0.0
LUN_01464,LUNCH,,1,,0.0,1.0,1.0,0.0,0.0
LUN_01465,LUNCH,,1,,0.0,1.0,1.0,0.0,1.0
LUN_01466,LUNCH,,0,,1.0,0.0,0.0,0.0,0.0
LUN_01467,LUNCH,,0,,1.0,0.0,0.0,0.0,0.0
LUN_01468,LUNCH,,0,,0.0,1.0,0.0,0.0,0.0
LUN_01469,LUNCH,,0,,1.0,0.0,0.0,0.0,0.0
LUN_01470,LUNCH,,1,,0.0,1.0,1.0,1.0,1.0
LUN_01471,LUNCH,,0,,1.0,0.0,0.0,0.0,0.0
LUN_01472,LUNCH,,0,,0.0,1.0,1.0,0.0,1.0
LUN_01473,LUNCH,,1,,0.0,1.0,1.0,1.0,1.0
LUN_01474,LUNCH,,0,,0.0,1.0,0.0,1.0,1.0
LUN_01475,LUNCH,,0,,0.0,1.0,1.0,1.0,1.0
LUN_01476,LUNCH,,1,,0.0,1.0,0.0,0.0,1.0
LUN_01477,LUNCH,,1,,0.0,0.0,0.0,0.0,0.0
LUN_01478,LUNCH,,0,,1.0,0.0,0.0,0.0,0.0
LUN_01479,LUNCH,,0,,0.0,1.0,1.0,1.0,1.0
LUN_01480,LUNCH,,0,,0.0,1.0,1.0,0.0,1.0
LUN_01481,LUNCH,,0,,0.0,1.0,1.0,0.0,0.0
LUN_01482,LUNCH,,0,,0.0,1.0,0.0,0.0,0.0
LUN_01483,LUNCH,,0,,0.0,1.0,1.0,1.0,0.0
LUN_01484,LUNCH,,1,,0.0,1.0,1.0,1.0,0.0
LUN_01485,LUNCH,,0,,1.0,0.0,0.0,0.0,0.0
LUN_01486,LUNCH,,1,,0.0,1.0,1.0,1.0,0.0
LUN_01487,LUNCH,,0,,0.0,1.0,0.0,0.0,0.0
LUN_01488,LUNCH,,1,,0.0,0.0,1.0,1.0,0.0
LUN_01489,LUNCH,,0,,1.0,0.0,0.0,0.0,0.0
LUN_01490,LUNCH,,0,,1.0,0.0,0.0,0.0,0.0
LUN_01491,LUNCH,,1,,0.0,1.0,0.0,0.0,0.0
LUN_01492,LUNCH,,1,,0.0,1.0,1.0,0.0,1.0
LUN_01493,LUNCH,,0,,0.0,0.0,0.0,0.0,0.0
LUN_01494,LUNCH,,1,,0.0,1.0,1.0,0.0,1.0
LUN_01495,LUNCH,,0,,0.0,1.0,1.0,1.0,1.0
LUN_01496,LUNCH,,1,,0.0,1.0,1.0,0.0,0.0
LUN_01497,LUNCH,,1,,0.0,1.0,1.0,1.0,1.0
LUN_01498,LUNCH,,1,,0.0,1.0,0.0,1.0,1.0
LUN_01499,LUNCH,,1,,0.0,1.0,1.0,0.0,1.0
LUN_01500,LUNCH,,1,,0.0,1.0,1.0,0.0,0.0
LUN_01501,LUNCH,,1,,0.0,1.0,1.0,1.0,1.0
LUN_01502,LUNCH,,0,,0.0,1.0,1.0,1.0,0.0
LUN_01503,LUNCH,,1,,0.0,1.0,1.0,0.0,0.0
LUN_01504,LUNCH,,0,,0.0,1.0,1.0,1.0,1.0
LUN_01505,LUNCH,,1,,0.0,1.0,1.0,1.0,0.0
LUN_01506,LUNCH,,0,,0.0,1.0,0.0,0.0,1.0
LUN_01507,LUNCH,,0,,0.0,1.0,1.0,0.0,0.0
LUN_01508,LUNCH,,0,,1.0,0.0,0.0,0.0,0.0
LUN_01509,LUNCH,,1,,0.0,1.0,1.0,1.0,0.0
LUN_01510,LUNCH,,0,,0.0,1.0,1.0,1.0,0.0
LUN_01511,LUNCH,,0,,1.0,0.0,0.0,0.0,0.0
LUN_01512,LUNCH,,1,,0.0,1.0,1.0,0.0,0.0
LUN_01513,LUNCH,,0,,1.0,0.0,0.0,0.0,0.0
LUN_01514,LUNCH,,0,,0.0,1.0,1.0,0.0,0.0
LUN_01515,LUNCH,,1,,0.0,1.0,1.0,1.0,0.0
LUN_01516,LUNCH,,0,,0.0,1.0,0.0,1.0,0.0
LUN_01517,LUNCH,,1,,0.0,1.0,0.0,1.0,1.0
LUN_01518,LUNCH,,1,,0.0,1.0,0.0,1.0,0.0
LUN_01519,LUNCH,,0,,0.0,1.0,1.0,0.0,1.0
LUN_01520,LUNCH,,1,,0.0,1.0,1.0,1.0,1.0
LUN_01521,LUNCH,,1,,0.0,1.0,0.0,0.0,0.0
LUN_01522,LUNCH,,0,,0.0,1.0,0.0,0.0,0.0
LUN_01523,LUNCH,,0,,1.0,0.0,0.0,0.0,0.0
LUN_01524,LUNCH,,0,,1.0,0.0,0.0,0.0,0.0
LUN_01525,LUNCH,,0,,1.0,0.0,0.0,0.0,0.0
LUN_01526,LUNCH,,0,,0.0,1.0,0.0,0.0,1.0
LUN_01527,LUNCH,,0,,0.0,1.0,0.0,0.0,1.0
LUN_01528,LUNCH,,1,,0.0,1.0,1.0,0.0,0.0
LUN_01529,LUNCH,,1,,0.0,1.0,1.0,1.0,1.0
LUN_01530,LUNCH,,0,,0.0,1.0,0.0,0.0,1.0
LUN_01531,LUNCH,,1,,0.0,1.0,0.0,1.0,0.0
LUN_01532,LUNCH,,1,,0.0,1.0,1.0,1.0,1.0
LUN_01533,LUNCH,,1,,0.0,1.0,0.0,1.0,0.0
LUN_01534,LUNCH,,0,,1.0,0.0,0.0,0.0,0.0
LUN_01535,LUNCH,,1,,0.0,1.0,1.0,0.0,0.0
LUN_01536,LUNCH,,0,,1.0,0.0,0.0,0.0,0.0
LUN_01537,LUNCH,,0,,0.0,1.0,0.0,0.0,0.0
LUN_01538,LUNCH,,1,,0.0,1.0,0.0,1.0,0.0
LUN_01539,LUNCH,,1,,0.0,1.0,0.0,0.0,1.0
LUN_01540,LUNCH,,1,,0.0,1.0,1.0,1.0,1.0
LUN_01541,LUNCH,,1,,0.0,1.0,1.0,1.0,1.0
LUN_01542,LUNCH,,1,,0.0,1.0,1.0,1.0,1.0
LUN_01543,LUNCH,,0,,0.0,1.0,1.0,0.0,0.0
LUN_01544,LUNCH,,1,,0.0,1.0,0.0,0.0,1.0
LUN_01545,LUNCH,,0,,1.0,0.0,0.0,0.0,0.0
LUN_01546,LUNCH,,0,,0.0,1.0,0.0,1.0,1.0
LUN_01547,LUNCH,,1,,0.0,1.0,0.0,1.0,1.0
LUN_01548,LUNCH,,1,,0.0,1.0,0.0,1.0,1.0
LUN_01549,LUNCH,,0,,0.0,1.0,0.0,0.0,0.0
LUN_01550,LUNCH,,0,,1.0,0.0,0.0,0.0,0.0
LUN_01551,LUNCH,,1,,0.0,0.0,1.0,0.0,0.0
LUN_01552,LUNCH,,1,,0.0,1.0,0.0,0.0,0.0
LUN_01553,LUNCH,,1,,0.0,0.0,1.0,0.0,0.0
LUN_01554,LUNCH,,1,,0.0,1.0,1.0,1.0,0.0
LUN_01555,LUNCH,,1,,0.0,1.0,1.0,0.0,1.0
LUN_01556,LUNCH,,1,,0.0,1.0,1.0,1.0,0.0
LUN_01557,LUNCH,,0,,0.0,0.0,1.0,1.0,0.0
LUN_01558,LUNCH,,1,,0.0,1.0,0.0,1.0,1.0
LUN_01559,LUNCH,,0,,1.0,0.0,0.0,0.0,0.0
LUN_01560,LUNCH,,0,,0.0,1.0,1.0,0.0,0.0
LUN_01561,LUNCH,,0,,0.0,1.0,0.0,1.0,0.0
LUN_01562,LUNCH,,1,,0.0,1.0,1.0,0.0,0.0
LUN_01563,LUNCH,,1,,0.0,1.0,1.0,1.0,1.0
LUN_01564,LUNCH,,1,,0.0,1.0,0.0,0.0,0.0
LUN_01565,LUNCH,,0,,0.0,1.0,1.0,0.0,1.0
LUN_01566,LUNCH,,0,,0.0,0.0,0.0,0.0,0.0
LUN_01567,LUNCH,,0,,0.0,1.0,1.0,1.0,1.0
LUN_01568,LUNCH,,0,,0.0,0.0,0.0,0.0,0.0
LUN_01569,LUNCH,,1,,0.0,0.0,1.0,0.0,0.0
LUN_01570,LUNCH,,1,,0.0,1.0,1.0,1.0,1.0
LUN_01571,LUNCH,,0,,1.0,0.0,0.0,0.0,0.0
LUN_01572,LUNCH,,0,,1.0,0.0,0.0,0.0,0.0
LUN_01573,LUNCH,,0,,1.0,0.0,0.0,0.0,0.0
LUN_01574,LUNCH,,0,,1.0,0.0,0.0,0.0,0.0
LUN_01575,LUNCH,,1,,0.0,1.0,1.0,0.0,1.0
LUN_01576,LUNCH,,1,,0.0,1.0,1.0,1.0,0.0
LUN_01577,LUNCH,,0,,0.0,1.0,1.0,1.0,0.0
LUN_01578,LUNCH,,1,,0.0,1.0,1.0,1.0,0.0
LUN_01579,LUNCH,,1,,0.0,0.0,0.0,0.0,0.0
LUN_01580,LUNCH,,0,,0.0,0.0,0.0,0.0,1.0
LUN_01581,LUNCH,,1,,0.0,1.0,1.0,0.0,0.0
LUN_01582,LUNCH,,0,,0.0,1.0,0.0,0.0,0.0
LUN_01583,LUNCH,,1,,0.0,1.0,1.0,0.0,0.0
LUN_01584,LUNCH,,0,,0.0,0.0,0.0,1.0,1.0
LUN_01585,LUNCH,,1,,0.0,1.0,1.0,0.0,0.0
LUN_01586,LUNCH,,0,,0.0,0.0,1.0,0.0,0.0
LUN_01587,LUNCH,,1,,0.0,1.0,0.0,1.0,1.0
LUN_01588,LUNCH,,0,,0.0,1.0,0.0,0.0,0.0
LUN_01589,LUNCH,,0,,0.0,1.0,0.0,0.0,1.0
LUN_01590,LUNCH,,0,,0.0,0.0,1.0,1.0,1.0
LUN_01591,LUNCH,,0,,1.0,0.0,0.0,0.0,0.0
LUN_01592,LUNCH,,0,,0.0,1.0,0.0,1.0,0.0
LUN_01593,LUNCH,,0,,0.0,1.0,0.0,0.0,0.0
LUN_01594,LUNCH,,1,,0.0,1.0,1.0,1.0,0.0
LUN_01595,LUNCH,,0,,0.0,1.0,1.0,0.0,0.0
LUN_01596,LUNCH,,0,,0.0,1.0,1.0,1.0,0.0
LUN_01597,LUNCH,,0,,0.0,1.0,1.0,0.0,0.0
LUN_01598,LUNCH,,0,,0.0,1.0,0.0,0.0,0.0
LUN_01599,LUNCH,,1,,0.0,1.0,0.0,0.0,0.0
LUN_01600,LUNCH,,1,,0.0,1.0,1.0,1.0,1.0
LUN_01601,LUNCH,,0,,0.0,1.0,1.0,0.0,0.0
LUN_01602,LUNCH,,0,,0.0,0.0,1.0,0.0,0.0
LUN_01603,LUNCH,,0,,0.0,1.0,0.0,0.0,0.0
LUN_01604,LUNCH,,0,,0.0,1.0,0.0,0.0,0.0
LUN_01605,LUNCH,,0,,0.0,1.0,0.0,1.0,0.0
LUN_01606,LUNCH,,0,,1.0,0.0,0.0,0.0,0.0
LUN_01607,LUNCH,,0,,0.0,0.0,1.0,0.0,0.0
LUN_01608,LUNCH,,0,,1.0,0.0,0.0,0.0,0.0
LUN_01609,LUNCH,,0,,0.0,1.0,1.0,1.0,1.0
LUN_01610,LUNCH,,0,,0.0,1.0,1.0,0.0,0.0
LUN_01611,LUNCH,,0,,1.0,0.0,0.0,0.0,0.0
LUN_01612,LUNCH,,1,,0.0,0.0,1.0,0.0,0.0
LUN_01613,LUNCH,,1,,0.0,0.0,1.0,0.0,0.0
LUN_01614,LUNCH,,0,,0.0,1.0,1.0,0.0,1.0
LUN_01615,LUNCH,,1,,0.0,1.0,1.0,1.0,0.0
LUN_01616,LUNCH,,1,,0.0,0.0,1.0,1.0,0.0
LUN_01617,LUNCH,,0,,1.0,0.0,0.0,0.0,0.0
LUN_01618,LUNCH,,1,,0.0,1.0,1.0,0.0,0.0
LUN_01619,LUNCH,,0,,1.0,0.0,0.0,0.0,0.0
LUN_01620,LUNCH,,1,,0.0,1.0,1.0,0.0,0.0
LUN_01621,LUNCH,,1,,0.0,1.0,1.0,1.0,1.0
LUN_01622,LUNCH,,0,,1.0,0.0,0.0,0.0,0.0
LUN_01623,LUNCH,,0,,0.0,1.0,0.0,0.0,0.0
LUN_01624,LUNCH,,0,,1.0,0.0,0.0,0.0,0.0
LUN_01625,LUNCH,,1,,0.0,1.0,1.0,1.0,0.0
LUN_01626,LUNCH,,1,,0.0,0.0,0.0,0.0,0.0
LUN_01627,LUNCH,,0,,0.0,1.0,1.0,1.0,0.0
LUN_01628,LUNCH,,1,,0.0,1.0,0.0,0.0,1.0
LUN_01629,LUNCH,,0,,1.0,0.0,0.0,0.0,0.0
LUN_01630,LUNCH,,0,,0.0,1.0,0.0,0.0,1.0
LUN_01631,LUNCH,,0,,0.0,1.0,1.0,1.0,1.0
LUN_01632,LUNCH,,0,,0.0,1.0,1.0,1.0,1.0
LUN_01633,LUNCH,,0,,0.0,1.0,1.0,0.0,1.0
LUN_01634,LUNCH,,1,,0.0,1.0,0.0,0.0,1.0
LUN_01635,LUNCH,,0,,0.0,1.0,1.0,1.0,0.0
LUN_01636,LUNCH,,0,,1.0,0.0,0.0,0.0,0.0
LUN_01637,LUNCH,,0,,1.0,0.0,0.0,0.0,0.0
LUN_01638,LUNCH,,0,,0.0,1.0,0.0,0.0,0.0
LUN_01639,LUNCH,,0,,1.0,0.0,0.0,0.0,0.0
LUN_01640,LUNCH,,1,,0.0,1.0,0.0,0.0,1.0
LUN_01641,LUNCH,,1,,0.0,1.0,1.0,0.0,0.0
LUN_01642,LUNCH,,1,,0.0,1.0,0.0,0.0,0.0
LUN_01643,LUNCH,,0,,0.0,1.0,0.0,0.0,0.0
LUN_01644,LUNCH,,1,,0.0,1.0,1.0,0.0,0.0
LUN_01645,LUNCH,,0,,0.0,1.0,1.0,1.0,0.0
LUN_01646,LUNCH,,1,,0.0,1.0,0.0,0.0,1.0
LUN_01647,LUNCH,,1,,0.0,1.0,1.0,1.0,0.0
LUN_01648,LUNCH,,0,,0.0,1.0,0.0,0.0,0.0
LUN_01649,LUNCH,,0,,0.0,1.0,0.0,0.0,1.0
LUN_01650,LUNCH,,0,,0.0,0.0,0.0,1.0,1.0
LUN_01651,LUNCH,,0,,0.0,1.0,0.0,1.0,0.0
LUN_01652,LUNCH,,1,,0.0,1.0,0.0,1.0,0.0
LUN_01653,LUNCH,,1,,0.0,1.0,0.0,0.0,1.0
LUN_01654,LUNCH,,0,,1.0,0.0,0.0,0.0,0.0
LUN_01655,LUNCH,,1,,0.0,1.0,1.0,1.0,0.0
LUN_01656,LUNCH,,1,,0.0,0.0,1.0,1.0,0.0
LUN_01657,LUNCH,,0,,1.0,0.0,0.0,0.0,0.0
LUN_01658,LUNCH,,0,,0.0,1.0,0.0,0.0,0.0
LUN_01659,LUNCH,,0,,0.0,1.0,1.0,1.0,0.0
LUN_01660,LUNCH,,0,,1.0,0.0,0.0,0.0,0.0
LUN_01661,LUNCH,,1,,0.0,0.0,1.0,1.0,0.0
LUN_01662,LUNCH,,1,,0.0,1.0,0.0,0.0,0.0
LUN_01663,LUNCH,,1,,0.0,1.0,1.0,0.0,1.0
LUN_01664,LUNCH,,1,,0.0,1.0,0.0,1.0,0.0
LUN_01665,LUNCH,,0,,0.0,1.0,0.0,1.0,0.0
LUN_01666,LUNCH,,1,,0.0,0.0,0.0,1.0,0.0
LUN_01667,LUNCH,,1,,0.0,1.0,0.0,0.0,0.0
LUN_01668,LUNCH,,0,,0.0,1.0,1.0,0.0,0.0
LUN_01669,LUNCH,,0,,0.0,1.0,1.0,0.0,0.0
LUN_01670,LUNCH,,0,,0.0,1.0,1.0,1.0,0.0
LUN_01671,LUNCH,,0,,0.0,1.0,1.0,1.0,1.0
LUN_01672,LUNCH,,1,,0.0,1.0,1.0,0.0,0.0
LUN_01673,LUNCH,,1,,0.0,1.0,1.0,0.0,0.0
LUN_01674,LUNCH,,0,,0.0,1.0,0.0,0.0,0.0
LUN_01675,LUNCH,,1,,0.0,1.0,0.0,0.0,1.0
LUN_01676,LUNCH,,1,,0.0,1.0,1.0,0.0,0.0
LUN_01677,LUNCH,,1,,0.0,0.0,0.0,1.0,1.0
LUN_01678,LUNCH,,1,,0.0,1.0,1.0,0.0,0.0
LUN_01679,LUNCH,,0,,0.0,1.0,0.0,0.0,1.0
LUN_01680,LUNCH,,0,,0.0,1.0,1.0,0.0,1.0
LUN_01681,LUNCH,,1,,0.0,1.0,1.0,1.0,1.0
LUN_01682,LUNCH,,0,,1.0,0.0,0.0,0.0,0.0
LUN_01683,LUNCH,,1,,0.0,1.0,1.0,0.0,1.0
LUN_01684,LUNCH,,0,,0.0,1.0,1.0,1.0,0.0
LUN_01685,LUNCH,,0,,0.0,1.0,0.0,0.0,1.0
LUN_01686,LUNCH,,0,,0.0,0.0,1.0,0.0,1.0
LUN_01687,LUNCH,,0,,1.0,0.0,0.0,0.0,0.0
LUN_01688,LUNCH,,1,,0.0,1.0,1.0,1.0,0.0
LUN_01689,LUNCH,,1,,0.0,1.0,1.0,0.0,1.0
LUN_01690,LUNCH,,0,,1.0,0.0,0.0,0.0,0.0
LUN_01691,LUNCH,,0,,1.0,0.0,0.0,0.0,0.0
LUN_01692,LUNCH,,0,,0.0,1.0,0.0,1.0,0.0
LUN_01693,LUNCH,,1,,0.0,1.0,0.0,0.0,0.0
LUN_01694,LUNCH,,0,,1.0,0.0,0.0,0.0,0.0
LUN_01695,LUNCH,,0,,0.0,1.0,0.0,0.0,0.0
LUN_01696,LUNCH,,1,,0.0,0.0,0.0,1.0,1.0
LUN_01697,LUNCH,,0,,1.0,0.0,0.0,0.0,0.0
LUN_01698,LUNCH,,0,,0.0,0.0,0.0,0.0,0.0
LUN_01699,LUNCH,,1,,0.0,1.0,0.0,1.0,0.0
LUN_01700,LUNCH,,1,,0.0,1.0,0.0,1.0,1.0
LUN_01701,LUNCH,,1,,0.0,1.0,1.0,0.0,0.0
LUN_01702,LUNCH,,0,,1.0,0.0,0.0,0.0,0.0
LUN_01703,LUNCH,,1,,0.0,1.0,1.0,1.0,0.0
LUN_01704,LUNCH,,1,,0.0,1.0,1.0,0.0,0.0
LUN_01705,LUNCH,,1,,0.0,1.0,0.0,0.0,1.0
LUN_01706,LUNCH,,1,,0.0,1.0,1.0,0.0,0.0
LUN_01707,LUNCH,,1,,0.0,1.0,0.0,0.0,0.0
LUN_01708,LUNCH,,1,,0.0,1.0,1.0,1.0,1.0
LUN_01709,LUNCH,,0,,1.0,0.0,0.0,0.0,0.0
LUN_01710,LUNCH,,0,,0.0,1.0,1.0,0.0,0.0
LUN_01711,LUNCH,,1,,0.0,1.0,0.0,0.0,0.0
LUN_01712,LUNCH,,1,,0.0,1.0,0.0,0.0,1.0
LUN_01713,LUNCH,,1,,0.0,1.0,1.0,1.0,0.0
LUN_01714,LUNCH,,0,,0.0,1.0,1.0,1.0,0.0
LUN_01715,LUNCH,,1,,0.0,1.0,1.0,1.0,1.0
LUN_01716,LUNCH,,1,,0.0,1.0,1.0,0.0,1.0
LUN_01717,LUNCH,,1,,0.0,1.0,0.0,1.0,0.0
LUN_01718,LUNCH,,1,,0.0,0.0,1.0,1.0,1.0
LUN_01719,LUNCH,,0,,1.0,0.0,0.0,0.0,0.0
LUN_01720,LUNCH,,0,,1.0,0.0,0.0,0.0,0.0
LUN_01721,LUNCH,,1,,0.0,0.0,1.0,0.0,1.0
LUN_01722,LUNCH,,1,,0.0,1.0,1.0,0.0,0.0
LUN_01723,LUNCH,,0,,1.0,0.0,0.0,0.0,0.0
LUN_01724,LUNCH,,1,,0.0,1.0,0.0,1.0,0.0
LUN_01725,LUNCH,,0,,1.0,0.0,0.0,0.0,0.0
LUN_01726,LUNCH,,0,,0.0,0.0,1.0,0.0,1.0
LUN_01727,LUNCH,,1,,0.0,0.0,1.0,1.0,0.0
LUN_01728,LUNCH,,0,,0.0,1.0,1.0,0.0,1.0
LUN_01729,LUNCH,,0,,1.0,0.0,0.0,0.0,0.0
LUN_01730,LUNCH,,0,,1.0,0.0,0.0,0.0,0.0
LUN_01731,LUNCH,,1,,0.0,1.0,1.0,1.0,0.0
LUN_01732,LUNCH,,0,,1.0,0.0,0.0,0.0,0.0
LUN_01733,LUNCH,,1,,0.0,0.0,0.0,0.0,0.0
LUN_01734,LUNCH,,1,,0.0,0.0,0.0,0.0,0.0
LUN_01735,LUNCH,,1,,0.0,1.0,1.0,0.0,1.0
LUN_01736,LUNCH,,1,,0.0,1.0,0.0,0.0,0.0
LUN_01737,LUNCH,,1,,0.0,1.0,1.0,0.0,0.0
LUN_01738,LUNCH,,0,,0.0,0.0,1.0,1.0,1.0
LUN_01739,LUNCH,,1,,0.0,1.0,0.0,1.0,0.0
LUN_01740,LUNCH,,0,,0.0,1.0,1.0,0.0,1.0
LUN_01741,LUNCH,,0,,0.0,1.0,1.0,1.0,0.0
LUN_01742,LUNCH,,1,,0.0,0.0,0.0,1.0,1.0
LUN_01743,LUNCH,,1,,0.0,1.0,1.0,0.0,0.0
LUN_01744,LUNCH,,1,,0.0,1.0,1.0,0.0,1.0
LUN_01745,LUNCH,,0,,0.0,1.0,1.0,1.0,1.0
LUN_01746,LUNCH,,0,,0.0,0.0,1.0,1.0,0.0
LUN_01747,LUNCH,,0,,0.0,1.0,0.0,0.0,0.0
LUN_01748,LUNCH,,0,,0.0,1.0,0.0,0.0,1.0
LUN_01749,LUNCH,,0,,0.0,1.0,1.0,1.0,0.0
LUN_01750,LUNCH,,0,,0.0,1.0,1.0,1.0,0.0
LUN_01751,LUNCH,,0,,1.0,0.0,0.0,0.0,0.0
LUN_01752,LUNCH,,1,,0.0,1.0,1.0,1.0,1.0
LUN_01753,LUNCH,,1,,0.0,1.0,1.0,0.0,1.0
LUN_01754,LUNCH,,1,,0.0,1.0,1.0,0.0,1.0
LUN_01755,LUNCH,,0,,0.0,1.0,0.0,1.0,0.0
LUN_01756,LUNCH,,0,,1.0,0.0,0.0,0.0,0.0
LUN_01757,LUNCH,,1,,0.0,1.0,1.0,0.0,1.0
LUN_01758,LUNCH,,1,,0.0,1.0,1.0,0.0,0.0
LUN_01759,LUNCH,,0,,1.0,0.0,0.0,0.0,0.0
LUN_01760,LUNCH,,0,,1.0,0.0,0.0,0.0,0.0
LUN_01761,LUNCH,,0,,1.0,0.0,0.0,0.0,0.0
LUN_01762,LUNCH,,1,,0.0,1.0,1.0,0.0,0.0
LUN_01763,LUNCH,,1,,0.0,1.0,1.0,1.0,1.0
LUN_01764,LUNCH,,1,,0.0,1.0,0.0,0.0,1.0
LUN_01765,LUNCH,,1,,0.0,1.0,1.0,0.0,0.0
LUN_01766,LUNCH,,1,,0.0,1.0,1.0,0.0,0.0
LUN_01767,LUNCH,,1,,0.0,1.0,1.0,0.0,0.0
LUN_01768,LUNCH,,0,,0.0,1.0,1.0,0.0,0.0
LUN_01769,LUNCH,,0,,0.0,1.0,1.0,1.0,0.0
LUN_01770,LUNCH,,1,,0.0,1.0,0.0,0.0,1.0
LUN_01771,LUNCH,,0,,1.0,0.0,0.0,0.0,0.0
LUN_01772,LUNCH,,1,,0.0,1.0,1.0,0.0,0.0
LUN_01773,LUNCH,,0,,0.0,1.0,1.0,1.0,0.0
LUN_01774,LUNCH,,0,,0.0,1.0,1.0,1.0,0.0
LUN_01775,LUNCH,,1,,0.0,1.0,0.0,0.0,0.0
LUN_01776,LUNCH,,0,,0.0,1.0,1.0,1.0,0.0
LUN_01777,LUNCH,,1,,0.0,1.0,1.0,1.0,0.0
LUN_01778,LUNCH,,1,,0.0,1.0,0.0,0.0,0.0
LUN_01779,LUNCH,,1,,0.0,1.0,1.0,0.0,0.0
LUN_01780,LUNCH,,1,,0.0,1.0,1.0,0.0,0.0
LUN_01781,LUNCH,,0,,0.0,1.0,1.0,1.0,0.0
LUN_01782,LUNCH,,0,,0.0,1.0,1.0,0.0,1.0
LUN_01783,LUNCH,,1,,0.0,1.0,1.0,1.0,0.0
LUN_01784,LUNCH,,0,,0.0,1.0,1.0,1.0,0.0
LUN_01785,LUNCH,,1,,0.0,1.0,0.0,0.0,0.0
LUN_01786,LUNCH,,0,,0.0,1.0,1.0,1.0,1.0
LUN_01787,LUNCH,,0,,0.0,1.0,0.0,0.0,0.0
LUN_01788,LUNCH,,0,,1.0,0.0,0.0,0.0,0.0
LUN_01789,LUNCH,,1,,0.0,1.0,0.0,0.0,1.0
LUN_01790,LUNCH,,0,,0.0,1.0,0.0,1.0,0.0
LUN_01791,LUNCH,,1,,0.0,1.0,1.0,0.0,1.0
LUN_01792,LUNCH,,1,,0.0,1.0,0.0,0.0,1.0
LUN_01793,LUNCH,,0,,0.0,1.0,0.0,0.0,0.0
LUN_01794,LUNCH,,1,,0.0,1.0,0.0,0.0,0.0
LUN_01795,LUNCH,,1,,0.0,1.0,1.0,0.0,0.0
LUN_01796,LUNCH,,0,,0.0,1.0,1.0,0.0,1.0
LUN_01797,LUNCH,,1,,0.0,1.0,1.0,1.0,0.0
LUN_01798,LUNCH,,1,,0.0,1.0,1.0,1.0,0.0
LUN_01799,LUNCH,,1,,0.0,1.0,0.0,1.0,1.0
LUN_01800,LUNCH,,1,,0.0,1.0,1.0,1.0,1.0
LUN_01801,LUNCH,,0,,1.0,0.0,0.0,0.0,0.0
LUN_01802,LUNCH,,1,,0.0,0.0,0.0,0.0,0.0
LUN_01803,LUNCH,,0,,0.0,1.0,1.0,0.0,0.0
LUN_01804,LUNCH,,1,,0.0,1.0,0.0,1.0,0.0
LUN_01805,LUNCH,,1,,0.0,1.0,1.0,0.0,0.0
LUN_01806,LUNCH,,0,,1.0,0.0,0.0,0.0,0.0
LUN_01807,LUNCH,,0,,0.0,1.0,0.0,0.0,1.0
LUN_01808,LUNCH,,0,,0.0,1.0,0.0,0.0,0.0
LUN_01809,LUNCH,,0,,0.0,1.0,0.0,1.0,0.0
LUN_01810,LUNCH,,0,,1.0,0.0,0.0,0.0,0.0
LUN_01811,LUNCH,,1,,0.0,1.0,1.0,1.0,0.0
LUN_01812,LUNCH,,0,,1.0,0.0,0.0,0.0,0.0
LUN_01813,LUNCH,,0,,0.0,1.0,1.0,1.0,1.0
LUN_01814,LUNCH,,0,,0.0,0.0,0.0,0.0,0.0
LUN_01815,LUNCH,,1,,0.0,1.0,1.0,1.0,0.0
LUN_01816,LUNCH,,1,,0.0,1.0,1.0,1.0,0.0
LUN_01817,LUNCH,,1,,0.0,1.0,1.0,1.0,1.0
LUN_01818,LUNCH,,0,,0.0,1.0,1.0,0.0,0.0
LUN_01819,LUNCH,,0,,0.0,1.0,1.0,0.0,0.0
LUN_01820,LUNCH,,0,,0.0,0.0,1.0,0.0,0.0
LUN_01821,LUNCH,,1,,0.0,0.0,1.0,0.0,0.0
LUN_01822,LUNCH,,0,,0.0,1.0,0.0,0.0,0.0
LUN_01823,LUNCH,,1,,0.0,1.0,1.0,1.0,0.0
LUN_01824,LUNCH,,0,,0.0,1.0,0.0,0.0,1.0
LUN_01825,LUNCH,,0,,0.0,1.0,0.0,0.0,0.0
LUN_01826,LUNCH,,1,,0.0,1.0,0.0,0.0,0.0
LUN_01827,LUNCH,,1,,0.0,1.0,0.0,1.0,1.0
LUN_01828,LUNCH,,0,,0.0,1.0,1.0,0.0,0.0
LUN_01829,LUNCH,,1,,0.0,1.0,0.0,0.0,0.0
LUN_01830,LUNCH,,0,,0.0,1.0,1.0,1.0,1.0
LUN_01831,LUNCH,,0,,0.0,0.0,1.0,1.0,0.0
LUN_01832,LUNCH,,0,,0.0,0.0,1.0,0.0,0.0
LUN_01833,LUNCH,,0,,1.0,0.0,0.0,0.0,0.0
LUN_01834,LUNCH,,0,,1.0,0.0,0.0,0.0,0.0
LUN_01835,LUNCH,,0,,1.0,0.0,0.0,0.0,0.0
LUN_01836,LUNCH,,0,,0.0,1.0,0.0,0.0,0.0
LUN_01837,LUNCH,,1,,0.0,1.0,1.0,1.0,0.0
LUN_01838,LUNCH,,1,,0.0,1.0,0.0,0.0,0.0
LUN_01839,LUNCH,,1,,0.0,1.0,1.0,1.0,1.0
LUN_01840,LUNCH,,0,,0.0,1.0,1.0,1.0,1.0
LUN_01841,LUNCH,,0,,1.0,0.0,0.0,0.0,0.0
LUN_01842,LUNCH,,1,,0.0,1.0,1.0,1.0,0.0
LUN_01843,LUNCH,,1,,0.0,1.0,1.0,0.0,0.0
LUN_01844,LUNCH,,1,,0.0,0.0,0.0,0.0,0.0
LUN_01845,LUNCH,,1,,0.0,1.0,1.0,0.0,1.0
LUN_01846,LUNCH,,0,,0.0,1.0,0.0,0.0,1.0
LUN_01847,LUNCH,,0,,0.0,1.0,1.0,1.0,0.0
LUN_01848,LUNCH,,1,,0.0,1.0,0.0,0.0,1.0
LUN_01849,LUNCH,,0,,1.0,0.0,0.0,0.0,0.0
LUN_01850,LUNCH,,0,,1.0,0.0,0.0,0.0,0.0
LUN_01851,LUNCH,,1,,0.0,1.0,1.0,1.0,0.0
LUN_01852,LUNCH,,1,,0.0,1.0,0.0,0.0,1.0
LUN_01853,LUNCH,,0,,1.0,0.0,0.0,0.0,0.0
LUN_01854,LUNCH,,0,,1.0,0.0,0.0,0.0,0.0
LUN_01855,LUNCH,,0,,0.0,1.0,1.0,1.0,0.0
LUN_01856,LUNCH,,0,,0.0,1.0,0.0,0.0,0.0
LUN_01857,LUNCH,,1,,0.0,1.0,1.0,1.0,0.0
LUN_01858,LUNCH,,0,,1.0,0.0,0.0,0.0,0.0
LUN_01859,LUNCH,,1,,0.0,1.0,1.0,0.0,1.0
LUN_01860,LUNCH,,0,,1.0,0.0,0.0,0.0,0.0
LUN_01861,LUNCH,,1,,0.0,1.0,1.0,0.0,0.0
LUN_01862,LUNCH,,0,,1.0,0.0,0.0,0.0,0.0
LUN_01863,LUNCH,,0,,0.0,1.0,1.0,0.0,0.0
LUN_01864,LUNCH,,1,,0.0,1.0,1.0,0.0,0.0
LUN_01865,LUNCH,,1,,0.0,1.0,1.0,0.0,0.0
LUN_01866,LUNCH,,0,,0.0,0.0,0.0,0.0,0.0
LUN_01867,LUNCH,,1,,0.0,1.0,0.0,0.0,0.0
LUN_01868,LUNCH,,1,,0.0,1.0,0.0,0.0,1.0
LUN_01869,LUNCH,,0,,1.0,0.0,0.0,0.0,0.0
LUN_01870,LUNCH,,1,,0.0,0.0,1.0,0.0,0.0
LUN_01871,LUNCH,,1,,0.0,1.0,1.0,0.0,0.0
LUN_01872,LUNCH,,0,,0.0,1.0,0.0,0.0,0.0
LUN_01873,LUNCH,,0,,0.0,1.0,0.0,0.0,1.0
LUN_01874,LUNCH,,1,,0.0,1.0,1.0,1.0,0.0
LUN_01875,LUNCH,,0,,0.0,1.0,0.0,0.0,0.0
LUN_01876,LUNCH,,1,,0.0,1.0,0.0,0.0,1.0
LUN_01877,LUNCH,,1,,0.0,0.0,0.0,0.0,0.0
LUN_01878,LUNCH,,1,,0.0,1.0,0.0,0.0,0.0
LUN_01879,LUNCH,,1,,0.0,1.0,1.0,0.0,0.0
LUN_01880,LUNCH,,0,,1.0,0.0,0.0,0.0,0.0
LUN_01881,LUNCH,,1,,0.0,1.0,0.0,0.0,0.0
LUN_01882,LUNCH,,0,,0.0,1.0,1.0,0.0,0.0
LUN_01883,LUNCH,,1,,0.0,1.0,0.0,1.0,0.0
LUN_01884,LUNCH,,1,,0.0,1.0,0.0,1.0,1.0
LUN_01885,LUNCH,,0,,1.0,0.0,0.0,0.0,0.0
LUN_01886,LUNCH,,1,,0.0,1.0,1.0,0.0,0.0
LUN_01887,LUNCH,,0,,0.0,1.0,0.0,0.0,0.0
LUN_01888,LUNCH,,0,,0.0,1.0,1.0,0.0,0.0
LUN_01889,LUNCH,,0,,0.0,1.0,1.0,1.0,1.0
LUN_01890,LUNCH,,0,,0.0,0.0,1.0,0.0,0.0
LUN_01891,LUNCH,,0,,0.0,0.0,0.0,0.0,1.0
LUN_01892,LUNCH,,0,,0.0,0.0,0.0,0.0,0.0
LUN_01893,LUNCH,,1,,0.0,1.0,0.0,0.0,0.0
LUN_01894,LUNCH,,1,,0.0,0.0,1.0,0.0,0.0
LUN_01895,LUNCH,,0,,0.0,1.0,1.0,1.0,0.0
LUN_01896,LUNCH,,0,,1.0,0.0,0.0,0.0,0.0
LUN_01897,LUNCH,,1,,0.0,1.0,0.0,0.0,0.0
LUN_01898,LUNCH,,0,,1.0,0.0,0.0,0.0,0.0
LUN_01899,LUNCH,,1,,0.0,1.0,1.0,1.0,1.0
LUN_01900,LUNCH,,0,,0.0,1.0,0.0,0.0,1.0
LUN_01901,LUNCH,,1,,0.0,1.0,1.0,0.0,0.0
LUN_01902,LUNCH,,0,,0.0,1.0,1.0,1.0,0.0
LUN_01903,LUNCH,,0,,0.0,1.0,1.0,0.0,0.0
LUN_01904,LUNCH,,0,,0.0,1.0,0.0,0.0,0.0
LUN_01905,LUNCH,,1,,0.0,1.0,1.0,0.0,0.0
LUN_01906,LUNCH,,0,,1.0,0.0,0.0,0.0,0.0
LUN_01907,LUNCH,,1,,0.0,1.0,0.0,0.0,0.0
LUN_01908,LUNCH,,1,,0.0,1.0,1.0,0.0,0.0
LUN_01909,LUNCH,,0,,1.0,0.0,0.0,0.0,0.0
LUN_01910,LUNCH,,0,,1.0,0.0,0.0,0.0,0.0
LUN_01911,LUNCH,,1,,0.0,1.0,0.0,0.0,0.0
LUN_01912,LUNCH,,0,,0.0,1.0,1.0,0.0,0.0
LUN_01913,LUNCH,,1,,0.0,1.0,0.0,1.0,0.0
LUN_01914,LUNCH,,0,,0.0,1.0,0.0,0.0,0.0
LUN_01915,LUNCH,,0,,1.0,0.0,0.0,0.0,0.0
LUN_01916,LUNCH,,0,,1.0,0.0,0.0,0.0,0.0
LUN_01917,LUNCH,,0,,1.0,0.0,0.0,0.0,0.0
LUN_01918,LUNCH,,1,,0.0,1.0,1.0,0.0,0.0
LUN_01919,LUNCH,,0,,0.0,1.0,0.0,1.0,0.0
LUN_01920,LUNCH,,1,,0.0,1.0,1.0,0.0,0.0
LUN_01921,LUNCH,,0,,0.0,1.0,1.0,0.0,0.0
LUN_01922,LUNCH,,0,,1.0,0.0,0.0,0.0,0.0
LUN_01923,LUNCH,,1,,0.0,1.0,1.0,0.0,0.0
LUN_01924,LUNCH,,1,,0.0,1.0,0.0,1.0,1.0
LUN_01925,LUNCH,,1,,0.0,1.0,1.0,1.0,1.0
LUN_01926,LUNCH,,0,,0.0,1.0,1.0,0.0,1.0
LUN_01927,LUNCH,,0,,0.0,1.0,0.0,0.0,0.0
LUN_01928,LUNCH,,0,,0.0,1.0,1.0,1.0,1.0
LUN_01929,LUNCH,,0,,1.0,0.0,0.0,0.0,0.0
LUN_01930,LUNCH,,1,,0.0,0.0,1.0,0.0,0.0
LUN_01931,LUNCH,,0,,0.0,0.0,1.0,1.0,0.0
LUN_01932,LUNCH,,1,,0.0,1.0,0.0,0.0,0.0
LUN_01933,LUNCH,,1,,0.0,1.0,1.0,1.0,0.0
LUN_01934,LUNCH,,0,,0.0,1.0,1.0,1.0,0.0
LUN_01935,LUNCH,,1,,0.0,1.0,1.0,0.0,0.0
LUN_01936,LUNCH,,1,,0.0,1.0,1.0,0.0,0.0
LUN_01937,LUNCH,,0,,1.0,0.0,0.0,0.0,0.0
LUN_01938,LUNCH,,0,,0.0,1.0,0.0,1.0,0.0
LUN_01939,LUNCH,,1,,0.0,1.0,1.0,1.0,1.0
LUN_01940,LUNCH,,0,,0.0,1.0,1.0,1.0,0.0
LUN_01941,LUNCH,,0,,1.0,0.0,0.0,0.0,0.0
LUN_01942,LUNCH,,1,,0.0,1.0,1.0,0.0,0.0
LUN_01943,LUNCH,,0,,0.0,1.0,0.0,0.0,1.0
LUN_01944,LUNCH,,0,,1.0,0.0,0.0,0.0,0.0
LUN_01945,LUNCH,,1,,0.0,1.0,1.0,1.0,1.0
LUN_01946,LUNCH,,0,,0.0,1.0,0.0,1.0,1.0
LUN_01947,LUNCH,,1,,0.0,1.0,0.0,0.0,0.0
LUN_01948,LUNCH,,0,,0.0,0.0,0.0,1.0,1.0
LUN_01949,LUNCH,,1,,0.0,0.0,0.0,0.0,0.0
LUN_01950,LUNCH,,0,,0.0,1.0,1.0,0.0,1.0
LUN_01951,LUNCH,,0,,1.0,0.0,0.0,0.0,0.0
LUN_01952,LUNCH,,0,,0.0,0.0,1.0,0.0,0.0
LUN_01953,LUNCH,,1,,0.0,1.0,0.0,1.0,0.0
LUN_01954,LUNCH,,0,,0.0,1.0,0.0,1.0,0.0
LUN_01955,LUNCH,,1,,0.0,1.0,1.0,1.0,1.0
LUN_01956,LUNCH,,1,,0.0,1.0,1.0,0.0,1.0
LUN_01957,LUNCH,,0,,0.0,1.0,0.0,1.0,1.0
LUN_01958,LUNCH,,0,,1.0,0.0,0.0,0.0,0.0
LUN_01959,LUNCH,,1,,0.0,0.0,0.0,0.0,0.0
LUN_01960,LUNCH,,1,,0.0,1.0,0.0,0.0,0.0
LUN_01961,LUNCH,,1,,0.0,0.0,1.0,1.0,0.0
LUN_01962,LUNCH,,1,,0.0,1.0,1.0,0.0,1.0
LUN_01963,LUNCH,,1,,0.0,0.0,0.0,1.0,0.0
LUN_01964,LUNCH,,0,,0.0,0.0,1.0,0.0,0.0
LUN_01965,LUNCH,,1,,0.0,1.0,0.0,1.0,1.0
LUN_01966,LUNCH,,1,,0.0,1.0,0.0,1.0,1.0
LUN_01967,LUNCH,,0,,1.0,0.0,0.0,0.0,0.0
LUN_01968,LUNCH,,0,,0.0,0.0,1.0,1.0,0.0
LUN_01969,LUNCH,,0,,0.0,1.0,1.0,1.0,1.0
LUN_01970,LUNCH,,0,,0.0,0.0,0.0,1.0,1.0
LUN_01971,LUNCH,,1,,0.0,1.0,0.0,0.0,0.0
LUN_01972,LUNCH,,0,,1.0,0.0,0.0,0.0,0.0
LUN_01973,LUNCH,,1,,0.0,1.0,0.0,0.0,0.0
LUN_01974,LUNCH,,0,,1.0,0.0,0.0,0.0,0.0
LUN_01975,LUNCH,,0,,0.0,1.0,1.0,1.0,0.0
LUN_01976,LUNCH,,0,,0.0,1.0,0.0,1.0,1.0
LUN_01977,LUNCH,,0,,0.0,0.0,1.0,1.0,0.0
LUN_01978,LUNCH,,1,,0.0,1.0,0.0,0.0,0.0
LUN_01979,LUNCH,,1,,0.0,1.0,1.0,0.0,1.0
LUN_01980,LUNCH,,0,,1.0,0.0,0.0,0.0,0.0
LUN_01981,LUNCH,,0,,1.0,0.0,0.0,0.0,0.0
LUN_01982,LUNCH,,1,,0.0,1.0,1.0,0.0,0.0
LUN_01983,LUNCH,,1,,0.0,1.0,0.0,0.0,0.0
LUN_01984,LUNCH,,0,,1.0,0.0,0.0,0.0,0.0
LUN_01985,LUNCH,,1,,0.0,1.0,0.0,1.0,0.0
LUN_01986,LUNCH,,0,,1.0,0.0,0.0,0.0,0.0
LUN_01987,LUNCH,,0,,1.0,0.0,0.0,0.0,0.0
LUN_01988,LUNCH,,0,,0.0,1.0,1.0,1.0,1.0
LUN_01989,LUNCH,,1,,0.0,1.0,0.0,0.0,0.0
LUN_01990,LUNCH,,0,,0.0,1.0,0.0,0.0,0.0
LUN_01991,LUNCH,,0,,0.0,1.0,1.0,1.0,1.0
LUN_01992,LUNCH,,0,,0.0,1.0,1.0,1.0,1.0
LUN_01993,LUNCH,,0,,0.0,1.0,0.0,1.0,0.0
LUN_01994,LUNCH,,1,,0.0,1.0,1.0,1.0,0.0
LUN_01995,LUNCH,,1,,0.0,1.0,0.0,1.0,1.0
LUN_01996,LUNCH,,0,,0.0,1.0,1.0,0.0,0.0
LUN_01997,LUNCH,,0,,0.0,1.0,1.0,1.0,0.0
LUN_01998,LUNCH,,0,,0.0,0.0,0.0,0.0,0.0
LUN_01999,LUNCH,,0,,0.0,1.0,0.0,1.0,0.0
LUN_02000,LUNCH,,1,,0.0,1.0,0.0,1.0,0.0
LUN_02001,LUNCH,,0,,1.0,0.0,0.0,0.0,0.0
LUN_02002,LUNCH,,1,,0.0,1.0,0.0,0.0,0.0
LUN_02003,LUNCH,,0,,0.0,1.0,0.0,1.0,1.0
LUN_02004,LUNCH,,0,,0.0,0.0,1.0,1.0,0.0
LUN_02005,LUNCH,,0,,0.0,1.0,1.0,0.0,0.0
LUN_02006,LUNCH,,0,,0.0,1.0,1.0,1.0,0.0
LUN_02007,LUNCH,,1,,0.0,1.0,0.0,1.0,0.0
LUN_02008,LUNCH,,0,,0.0,1.0,1.0,1.0,1.0
LUN_02009,LUNCH,,1,,0.0,1.0,0.0,0.0,0.0
LUN_02010,LUNCH,,1,,0.0,1.0,1.0,1.0,0.0
LUN_02011,LUNCH,,1,,0.0,1.0,1.0,1.0,1.0
LUN_02012,LUNCH,,0,,1.0,0.0,0.0,0.0,0.0
LUN_02013,LUNCH,,0,,0.0,1.0,1.0,1.0,0.0
LUN_02014,LUNCH,,1,,0.0,0.0,1.0,0.0,0.0
LUN_02015,LUNCH,,0,,0.0,1.0,0.0,1.0,1.0
LUN_02016,LUNCH,,1,,0.0,1.0,0.0,1.0,0.0
LUN_02017,LUNCH,,1,,0.0,1.0,1.0,0.0,1.0
LUN_02018,LUNCH,,0,,0.0,1.0,0.0,1.0,0.0
LUN_02019,LUNCH,,0,,1.0,0.0,0.0,0.0,0.0
LUN_02020,LUNCH,,0,,1.0,0.0,0.0,0.0,0.0
LUN_02021,LUNCH,,0,,0.0,1.0,1.0,1.0,1.0
LUN_02022,LUNCH,,1,,0.0,1.0,0.0,0.0,1.0
LUN_02023,LUNCH,,1,,0.0,1.0,1.0,1.0,1.0
LUN_02024,LUNCH,,0,,0.0,1.0,0.0,0.0,0.0
LUN_02025,LUNCH,,1,,0.0,1.0,1.0,0.0,1.0
LUN_02026,LUNCH,,0,,0.0,0.0,1.0,0.0,0.0
LUN_02027,LUNCH,,1,,0.0,1.0,1.0,1.0,1.0
LUN_02028,LUNCH,,0,,1.0,0.0,0.0,0.0,0.0
LUN_02029,LUNCH,,0,,0.0,0.0,0.0,0.0,0.0
LUN_02030,LUNCH,,1,,0.0,0.0,0.0,1.0,0.0
LUN_02031,LUNCH,,1,,0.0,1.0,1.0,0.0,0.0
LUN_02032,LUNCH,,1,,0.0,1.0,1.0,0.0,0.0
LUN_02033,LUNCH,,1,,0.0,1.0,0.0,1.0,1.0
LUN_02034,LUNCH,,0,,1.0,0.0,0.0,0.0,0.0
LUN_02035,LUNCH,,1,,0.0,1.0,1.0,1.0,0.0
LUN_02036,LUNCH,,1,,0.0,1.0,1.0,1.0,0.0
LUN_02037,LUNCH,,1,,0.0,1.0,0.0,0.0,0.0
LUN_02038,LUNCH,,1,,0.0,1.0,1.0,1.0,0.0
LUN_02039,LUNCH,,0,,0.0,1.0,0.0,0.0,0.0
LUN_02040,LUNCH,,0,,0.0,1.0,1.0,0.0,0.0
LUN_02041,LUNCH,,0,,1.0,0.0,0.0,0.0,0.0
LUN_02042,LUNCH,,0,,0.0,1.0,1.0,0.0,0.0
LUN_02043,LUNCH,,0,,0.0,0.0,1.0,0.0,1.0
LUN_02044,LUNCH,,0,,1.0,0.0,0.0,0.0,0.0
LUN_02045,LUNCH,,1,,0.0,0.0,0.0,0.0,0.0
LUN_02046,LUNCH,,0,,0.0,0.0,0.0,0.0,0.0
LUN_02047,LUNCH,,0,,1.0,0.0,0.0,0.0,0.0
LUN_02048,LUNCH,,0,,0.0,1.0,0.0,1.0,0.0
LUN_02049,LUNCH,,0,,1.0,0.0,0.0,0.0,0.0
LUN_02050,LUNCH,,1,,0.0,1.0,1.0,0.0,0.0
LUN_02051,LUNCH,,0,,1.0,0.0,0.0,0.0,0.0
LUN_02052,LUNCH,,0,,1.0,0.0,0.0,0.0,0.0
LUN_02053,LUNCH,,0,,0.0,1.0,1.0,0.0,0.0
LUN_02054,LUNCH,,1,,0.0,0.0,0.0,1.0,0.0
LUN_02055,LUNCH,,1,,0.0,1.0,0.0,1.0,1.0
LUN_02056,LUNCH,,1,,0.0,1.0,1.0,0.0,0.0
LUN_02057,LUNCH,,0,,0.0,0.0,0.0,0.0,0.0
LUN_02058,LUNCH,,0,,1.0,0.0,0.0,0.0,0.0
LUN_02059,LUNCH,,1,,0.0,0.0,1.0,0.0,0.0
LUN_02060,LUNCH,,0,,0.0,1.0,0.0,0.0,1.0
LUN_02061,LUNCH,,0,,0.0,1.0,0.0,0.0,0.0
LUN_02062,LUNCH,,1,,0.0,1.0,0.0,0.0,0.0
LUN_02063,LUNCH,,0,,1.0,0.0,0.0,0.0,0.0
LUN_02064,LUNCH,,0,,0.0,1.0,1.0,0.0,1.0
LUN_02065,LUNCH,,0,,0.0,1.0,0.0,0.0,0.0
LUN_02066,LUNCH,,1,,0.0,1.0,0.0,0.0,0.0
LUN_02067,LUNCH,,1,,0.0,1.0,1.0,0.0,0.0
LUN_02068,LUNCH,,1,,0.0,1.0,1.0,1.0,1.0
LUN_02069,LUNCH,,1,,0.0,1.0,0.0,0.0,1.0
LUN_02070,LUNCH,,0,,1.0,0.0,0.0,0.0,0.0
LUN_02071,LUNCH,,1,,0.0,0.0,0.0,0.0,0.0
LUN_02072,LUNCH,,1,,0.0,1.0,1.0,1.0,0.0
LUN_02073,LUNCH,,0,,0.0,1.0,1.0,1.0,0.0
LUN_02074,LUNCH,,1,,0.0,1.0,0.0,1.0,0.0
LUN_02075,LUNCH,,0,,0.0,1.0,1.0,0.0,1.0
LUN_02076,LUNCH,,0,,0.0,1.0,1.0,0.0,0.0
LUN_02077,LUNCH,,0,,0.0,0.0,0.0,1.0,1.0
LUN_02078,LUNCH,,0,,1.0,0.0,0.0,0.0,0.0
LUN_02079,LUNCH,,1,,0.0,1.0,0.0,1.0,1.0
LUN_02080,LUNCH,,1,,0.0,1.0,1.0,0.0,0.0
LUN_02081,LUNCH,,1,,0.0,0.0,1.0,0.0,0.0
LUN_02082,LUNCH,,0,,0.0,1.0,0.0,0.0,0.0
LUN_02083,LUNCH,,0,,0.0,1.0,1.0,1.0,1.0
LUN_02084,LUNCH,,0,,1.0,0.0,0.0,0.0,0.0
LUN_02085,LUNCH,,0,,1.0,0.0,0.0,0.0,0.0
LUN_02086,LUNCH,,1,,0.0,1.0,1.0,1.0,1.0
LUN_02087,LUNCH,,0,,0.0,1.0,0.0,0.0,0.0
LUN_02088,LUNCH,,1,,0.0,1.0,0.0,0.0,1.0
LUN_02089,LUNCH,,0,,1.0,0.0,0.0,0.0,0.0
LUN_02090,LUNCH,,1,,0.0,1.0,1.0,0.0,0.0
LUN_02091,LUNCH,,0,,0.0,1.0,1.0,1.0,1.0
LUN_02092,LUNCH,,0,,1.0,0.0,0.0,0.0,0.0
LUN_02093,LUNCH,,1,,0.0,1.0,1.0,1.0,0.0
LUN_02094,LUNCH,,1,,0.0,1.0,1.0,0.0,0.0
LUN_02095,LUNCH,,0,,0.0,1.0,0.0,0.0,0.0
LUN_02096,LUNCH,,0,,1.0,0.0,0.0,0.0,0.0
LUN_02097,LUNCH,,0,,0.0,1.0,0.0,0.0,0.0
LUN_02098,LUNCH,,0,,0.0,0.0,1.0,0.0,1.0
LUN_02099,LUNCH,,0,,0.0,1.0,1.0,1.0,1.0
LUN_02100,LUNCH,,0,,0.0,0.0,1.0,0.0,0.0
LUN_02101,LUNCH,,0,,0.0,1.0,0.0,0.0,0.0
LUN_02102,LUNCH,,0,,0.0,1.0,0.0,0.0,0.0
LUN_02103,LUNCH,,0,,0.0,1.0,1.0,1.0,1.0
LUN_02104,LUNCH,,0,,1.0,0.0,0.0,0.0,0.0
LUN_02105,LUNCH,,0,,1.0,0.0,0.0,0.0,0.0
LUN_02106,LUNCH,,0,,1.0,0.0,0.0,0.0,0.0
LUN_02107,LUNCH,,1,,0.0,1.0,1.0,1.0,0.0
LUN_02108,LUNCH,,0,,0.0,1.0,0.0,0.0,0.0
LUN_02109,LUNCH,,0,,0.0,0.0,0.0,1.0,0.0
LUN_02110,LUNCH,,1,,0.0,1.0,0.0,0.0,0.0
LUN_02111,LUNCH,,1,,0.0,1.0,1.0,0.0,0.0
LUN_02112,LUNCH,,0,,0.0,1.0,0.0,1.0,1.0
LUN_02113,LUNCH,,1,,0.0,1.0,0.0,0.0,1.0
LUN_02114,LUNCH,,1,,0.0,1.0,0.0,0.0,1.0
LUN_02115,LUNCH,,0,,0.0,1.0,1.0,1.0,1.0
LUN_02116,LUNCH,,0,,0.0,1.0,1.0,1.0,0.0
LUN_02117,LUNCH,,0,,0.0,1.0,0.0,0.0,1.0
LUN_02118,LUNCH,,1,,0.0,1.0,0.0,0.0,0.0
LUN_02119,LUNCH,,0,,1.0,0.0,0.0,0.0,0.0
LUN_02120,LUNCH,,1,,0.0,1.0,0.0,0.0,1.0
LUN_02121,LUNCH,,1,,0.0,1.0,1.0,1.0,0.0
LUN_02122,LUNCH,,0,,0.0,1.0,1.0,0.0,0.0
LUN_02123,LUNCH,,0,,1.0,0.0,0.0,0.0,0.0
LUN_02124,LUNCH,,0,,1.0,0.0,0.0,0.0,0.0
LUN_02125,LUNCH,,1,,0.0,0.0,1.0,0.0,0.0
LUN_02126,LUNCH,,0,,1.0,0.0,0.0,0.0,0.0
LUN_02127,LUNCH,,0,,0.0,1.0,0.0,1.0,0.0
LUN_02128,LUNCH,,1,,0.0,1.0,0.0,1.0,0.0
LUN_02129,LUNCH,,0,,1.0,0.0,0.0,0.0,0.0
LUN_02130,LUNCH,,1,,0.0,1.0,1.0,0.0,1.0
LUN_02131,LUNCH,,0,,0.0,0.0,1.0,0.0,1.0
LUN_02132,LUNCH,,1,,0.0,1.0,0.0,0.0,1.0
LUN_02133,LUNCH,,0,,1.0,0.0,0.0,0.0,0.0
LUN_02134,LUNCH,,1,,0.0,0.0,1.0,0.0,1.0
LUN_02135,LUNCH,,0,,0.0,1.0,1.0,0.0,1.0
LUN_02136,LUNCH,,1,,0.0,1.0,1.0,0.0,1.0
LUN_02137,LUNCH,,0,,0.0,1.0,1.0,1.0,0.0
LUN_02138,LUNCH,,0,,0.0,0.0,1.0,0.0,1.0
LUN_02139,LUNCH,,0,,0.0,1.0,0.0,0.0,0.0
LUN_02140,LUNCH,,0,,1.0,0.0,0.0,0.0,0.0
LUN_02141,LUNCH,,0,,1.0,0.0,0.0,0.0,0.0
LUN_02142,LUNCH,,1,,0.0,1.0,0.0,1.0,0.0
LUN_02143,LUNCH,,0,,1.0,0.0,0.0,0.0,0.0
LUN_02144,LUNCH,,1,,0.0,1.0,1.0,1.0,1.0
LUN_02145,LUNCH,,1,,0.0,1.0,0.0,1.0,1.0
LUN_02146,LUNCH,,1,,0.0,1.0,1.0,0.0,0.0
LUN_02147,LUNCH,,1,,0.0,0.0,1.0,1.0,0.0
LUN_02148,LUNCH,,0,,0.0,0.0,0.0,0.0,0.0
LUN_02149,LUNCH,,0,,1.0,0.0,0.0,0.0,0.0
LUN_02150,LUNCH,,1,,0.0,1.0,1.0,1.0,1.0
LUN_02151,LUNCH,,0,,0.0,1.0,1.0,1.0,1.0
LUN_02152,LUNCH,,0,,1.0,0.0,0.0,0.0,0.0
LUN_02153,LUNCH,,1,,0.0,1.0,1.0,0.0,0.0
LUN_02154,LUNCH,,1,,0.0,1.0,1.0,1.0,0.0
LUN_02155,LUNCH,,1,,0.0,1.0,0.0,0.0,1.0
LUN_02156,LUNCH,,0,,0.0,1.0,0.0,0.0,1.0
LUN_02157,LUNCH,,0,,0.0,1.0,0.0,0.0,0.0
LUN_02158,LUNCH,,0,,0.0,1.0,0.0,0.0,1.0
LUN_02159,LUNCH,,0,,0.0,1.0,1.0,0.0,0.0
LUN_02160,LUNCH,,0,,0.0,1.0,0.0,1.0,0.0
LUN_02161,LUNCH,,0,,0.0,1.0,1.0,1.0,0.0
LUN_02162,LUNCH,,0,,0.0,0.0,1.0,0.0,0.0
LUN_02163,LUNCH,,1,,0.0,1.0,1.0,1.0,1.0
LUN_02164,LUNCH,,0,,0.0,1.0,1.0,1.0,1.0
LUN_02165,LUNCH,,0,,1.0,0.0,0.0,0.0,0.0
LUN_02166,LUNCH,,0,,1.0,0.0,0.0,0.0,0.0
LUN_02167,LUNCH,,0,,1.0,0.0,0.0,0.0,0.0
LUN_02168,LUNCH,,1,,0.0,1.0,0.0,1.0,0.0
LUN_02169,LUNCH,,0,,0.0,1.0,0.0,0.0,0.0
LUN_02170,LUNCH,,1,,0.0,1.0,0.0,1.0,0.0
LUN_02171,LUNCH,,0,,0.0,1.0,0.0,0.0,1.0
LUN_02172,LUNCH,,1,,0.0,1.0,0.0,0.0,0.0
LUN_02173,LUNCH,,1,,0.0,1.0,1.0,1.0,0.0
LUN_02174,LUNCH,,1,,0.0,1.0,1.0,1.0,1.0
LUN_02175,LUNCH,,1,,0.0,1.0,1.0,1.0,1.0
LUN_02176,LUNCH,,1,,0.0,1.0,0.0,0.0,0.0
LUN_02177,LUNCH,,0,,0.0,1.0,0.0,0.0,0.0
LUN_02178,LUNCH,,1,,0.0,1.0,1.0,1.0,0.0
LUN_02179,LUNCH,,1,,0.0,0.0,1.0,0.0,0.0
LUN_02180,LUNCH,,1,,0.0,0.0,0.0,0.0,0.0
LUN_02181,LUNCH,,0,,0.0,1.0,1.0,1.0,0.0
LUN_02182,LUNCH,,0,,0.0,1.0,1.0,0.0,0.0
LUN_02183,LUNCH,,0,,0.0,0.0,0.0,0.0,1.0
LUN_02184,LUNCH,,1,,0.0,1.0,0.0,0.0,1.0
LUN_02185,LUNCH,,0,,1.0,0.0,0.0,0.0,0.0
LUN_02186,LUNCH,,0,,0.0,0.0,0.0,1.0,0.0
LUN_02187,LUNCH,,0,,1.0,0.0,0.0,0.0,0.0
LUN_02188,LUNCH,,0,,0.0,1.0,1.0,1.0,1.0
LUN_02189,LUNCH,,0,,0.0,0.0,0.0,1.0,0.0
LUN_02190,LUNCH,,0,,1.0,0.0,0.0,0.0,0.0
LUN_02191,LUNCH,,0,,0.0,1.0,1.0,0.0,0.0
LUN_02192,LUNCH,,0,,1.0,0.0,0.0,0.0,0.0
LUN_02193,LUNCH,,1,,0.0,1.0,0.0,0.0,1.0
LUN_02194,LUNCH,,0,,0.0,1.0,1.0,1.0,0.0
LUN_02195,LUNCH,,1,,0.0,1.0,0.0,0.0,0.0
LUN_02196,LUNCH,,0,,0.0,1.0,1.0,0.0,0.0
LUN_02197,LUNCH,,0,,1.0,0.0,0.0,0.0,0.0
LUN_02198,LUNCH,,1,,0.0,1.0,1.0,0.0,0.0
LUN_02199,LUNCH,,1,,0.0,1.0,1.0,0.0,1.0
LUN_02200,LUNCH,,0,,0.0,1.0,0.0,0.0,1.0
LUN_02201,LUNCH,,0,,0.0,0.0,1.0,1.0,0.0
LUN_02202,LUNCH,,0,,1.0,0.0,0.0,0.0,0.0
LUN_02203,LUNCH,,1,,0.0,1.0,0.0,0.0,1.0
LUN_02204,LUNCH,,1,,0.0,1.0,0.0,0.0,0.0
LUN_02205,LUNCH,,0,,0.0,1.0,1.0,0.0,0.0
LUN_02206,LUNCH,,1,,0.0,1.0,1.0,0.0,1.0
LUN_02207,LUNCH,,0,,1.0,0.0,0.0,0.0,0.0
LUN_02208,LUNCH,,1,,0.0,1.0,0.0,0.0,0.0
LUN_02209,LUNCH,,0,,1.0,0.0,0.0,0.0,0.0
LUN_02210,LUNCH,,1,,0.0,1.0,1.0,0.0,0.0
LUN_02211,LUNCH,,1,,0.0,1.0,0.0,1.0,1.0
LUN_02212,LUNCH,,1,,0.0,1.0,1.0,1.0,1.0
LUN_02213,LUNCH,,1,,0.0,1.0,1.0,0.0,0.0
LUN_02214,LUNCH,,1,,0.0,1.0,0.0,1.0,0.0
LUN_02215,LUNCH,,0,,0.0,1.0,1.0,1.0,0.0
LUN_02216,LUNCH,,1,,0.0,1.0,0.0,0.0,1.0
LUN_02217,LUNCH,,0,,0.0,1.0,0.0,0.0,0.0
LUN_02218,LUNCH,,0,,1.0,0.0,0.0,0.0,0.0
LUN_02219,LUNCH,,1,,0.0,1.0,1.0,1.0,0.0
LUN_02220,LUNCH,,1,,0.0,1.0,1.0,1.0,0.0
LUN_02221,LUNCH,,1,,0.0,1.0,1.0,0.0,0.0
LUN_02222,LUNCH,,1,,0.0,1.0,1.0,1.0,0.0
LUN_02223,LUNCH,,0,,0.0,1.0,1.0,1.0,0.0
LUN_02224,LUNCH,,0,,0.0,1.0,1.0,1.0,0.0
LUN_02225,LUNCH,,1,,0.0,1.0,1.0,0.0,1.0
LUN_02226,LUNCH,,1,,0.0,1.0,0.0,0.0,1.0
LUN_02227,LUNCH,,1,,0.0,1.0,1.0,1.0,1.0
LUN_02228,LUNCH,,0,,1.0,0.0,0.0,0.0,0.0
LUN_02229,LUNCH,,1,,0.0,1.0,1.0,1.0,0.0
LUN_02230,LUNCH,,1,,0.0,1.0,1.0,0.0,1.0
LUN_02231,LUNCH,,1,,0.0,1.0,0.0,0.0,0.0
LUN_02232,LUNCH,,0,,0.0,1.0,0.0,0.0,0.0
LUN_02233,LUNCH,,1,,0.0,1.0,1.0,0.0,0.0
LUN_02234,LUNCH,,0,,0.0,1.0,0.0,0.0,0.0
LUN_02235,LUNCH,,0,,1.0,0.0,0.0,0.0,0.0
LUN_02236,LUNCH,,0,,0.0,1.0,0.0,1.0,0.0
LUN_02237,LUNCH,,0,,1.0,0.0,0.0,0.0,0.0
LUN_02238,LUNCH,,1,,0.0,0.0,1.0,0.0,1.0
LUN_02239,LUNCH,,0,,0.0,1.0,0.0,0.0,0.0
LUN_02240,LUNCH,,0,,1.0,0.0,0.0,0.0,0.0
LUN_02241,LUNCH,,1,,0.0,1.0,0.0,0.0,0.0
LUN_02242,LUNCH,,0,,1.0,0.0,0.0,0.0,0.0
LUN_02243,LUNCH,,1,,0.0,1.0,0.0,0.0,0.0
LUN_02244,LUNCH,,0,,0.0,1.0,1.0,0.0,0.0
LUN_02245,LUNCH,,0,,1.0,0.0,0.0,0.0,0.0
LUN_02246,LUNCH,,0,,1.0,0.0,0.0,0.0,0.0
LUN_02247,LUNCH,,0,,0.0,0.0,0.0,0.0,0.0
LUN_02248,LUNCH,,1,,0.0,0.0,0.0,0.0,0.0
LUN_02249,LUNCH,,0,,0.0,1.0,1.0,0.0,0.0
LUN_02250,LUNCH,,0,,0.0,1.0,0.0,0.0,1.0
LUN_02251,LUNCH,,1,,0.0,1.0,1.0,1.0,0.0
LUN_02252,LUNCH,,1,,0.0,1.0,1.0,0.0,0.0
LUN_02253,LUNCH,,1,,0.0,1.0,1.0,0.0,1.0
LUN_02254,LUNCH,,0,,1.0,0.0,0.0,0.0,0.0
LUN_02255,LUNCH,,0,,0.0,0.0,0.0,0.0,1.0
LUN_02256,LUNCH,,1,,0.0,1.0,0.0,0.0,0.0
LUN_02257,LUNCH,,1,,0.0,0.0,0.0,0.0,0.0
LUN_02258,LUNCH,,1,,0.0,1.0,0.0,1.0,0.0
LUN_02259,LUNCH,,1,,0.0,1.0,1.0,1.0,1.0
LUN_02260,LUNCH,,1,,0.0,1.0,0.0,1.0,1.0
LUN_02261,LUNCH,,0,,1.0,0.0,0.0,0.0,0.0
LUN_02262,LUNCH,,0,,1.0,0.0,0.0,0.0,0.0
LUN_02263,LUNCH,,0,,1.0,0.0,0.0,0.0,0.0
LUN_02264,LUNCH,,1,,0.0,1.0,1.0,0.0,1.0
LUN_02265,LUNCH,,0,,1.0,0.0,0.0,0.0,0.0
LUN_02266,LUNCH,,0,,0.0,1.0,0.0,0.0,0.0
LUN_02267,LUNCH,,0,,0.0,1.0,1.0,0.0,1.0
LUN_02268,LUNCH,,0,,0.0,1.0,1.0,0.0,0.0
LUN_02269,LUNCH,,0,,0.0,1.0,1.0,0.0,0.0
LUN_02270,LUNCH,,1,,0.0,1.0,1.0,1.0,0.0
LUN_02271,LUNCH,,1,,0.0,0.0,1.0,0.0,1.0
LUN_02272,LUNCH,,0,,0.0,1.0,1.0,1.0,0.0
LUN_02273,LUNCH,,0,,1.0,0.0,0.0,0.0,0.0
LUN_02274,LUNCH,,1,,0.0,1.0,1.0,1.0,0.0
LUN_02275,LUNCH,,1,,0.0,1.0,0.0,0.0,0.0
LUN_02276,LUNCH,,1,,0.0,1.0,1.0,1.0,0.0
LUN_02277,LUNCH,,1,,0.0,1.0,1.0,0.0,0.0
LUN_02278,LUNCH,,0,,0.0,1.0,0.0,1.0,1.0
LUN_02279,LUNCH,,1,,0.0,1.0,1.0,0.0,0.0
LUN_02280,LUNCH,,0,,1.0,0.0,0.0,0.0,0.0
LUN_02281,LUNCH,,0,,1.0,0.0,0.0,0.0,0.0
LUN_02282,LUNCH,,0,,1.0,0.0,0.0,0.0,0.0
LUN_02283,LUNCH,,0,,1.0,0.0,0.0,0.0,0.0
LUN_02284,LUNCH,,0,,0.0,1.0,0.0,1.0,0.0
LUN_02285,LUNCH,,1,,0.0,1.0,1.0,1.0,0.0
LUN_02286,LUNCH,,1,,0.0,1.0,1.0,0.0,1.0
LUN_02287,LUNCH,,0,,1.0,0.0,0.0,0.0,0.0
LUN_02288,LUNCH,,0,,1.0,0.0,0.0,0.0,0.0
LUN_02289,LUNCH,,0,,1.0,0.0,0.0,0.0,0.0
LUN_02290,LUNCH,,0,,0.0,1.0,1.0,1.0,0.0
LUN_02291,LUNCH,,1,,0.0,0.0,1.0,0.0,0.0
LUN_02292,LUNCH,,1,,0.0,0.0,0.0,0.0,0.0
LUN_02293,LUNCH,,0,,0.0,1.0,1.0,0.0,0.0
LUN_02294,LUNCH,,1,,0.0,1.0,1.0,0.0,0.0
LUN_02295,LUNCH,,1,,0.0,1.0,1.0,1.0,0.0
LUN_02296,LUNCH,,1,,0.0,0.0,0.0,0.0,0.0
LUN_02297,LUNCH,,0,,0.0,1.0,1.0,1.0,1.0
LUN_02298,LUNCH,,1,,0.0,1.0,1.0,0.0,1.0
LUN_02299,LUNCH,,0,,1.0,0.0,0.0,0.0,0.0
LUN_02300,LUNCH,,0,,0.0,1.0,1.0,1.0,0.0
LUN_02301,LUNCH,,1,,0.0,0.0,1.0,0.0,0.0
LUN_02302,LUNCH,,1,,0.0,1.0,0.0,0.0,0.0
LUN_02303,LUNCH,,1,,0.0,0.0,0.0,0.0,0.0
LUN_02304,LUNCH,,1,,0.0,1.0,0.0,1.0,1.0
LUN_02305,LUNCH,,0,,1.0,0.0,0.0,0.0,0.0
LUN_02306,LUNCH,,1,,0.0,1.0,1.0,1.0,0.0
LUN_02307,LUNCH,,0,,0.0,1.0,0.0,0.0,1.0
LUN_02308,LUNCH,,1,,0.0,1.0,1.0,0.0,0.0
LUN_02309,LUNCH,,1,,0.0,0.0,0.0,0.0,1.0
LUN_02310,LUNCH,,0,,0.0,1.0,0.0,1.0,0.0
LUN_02311,LUNCH,,1,,0.0,1.0,1.0,1.0,0.0
LUN_02312,LUNCH,,0,,0.0,1.0,1.0,0.0,0.0
LUN_02313,LUNCH,,0,,1.0,0.0,0.0,0.0,0.0
LUN_02314,LUNCH,,1,,0.0,1.0,1.0,0.0,1.0
LUN_02315,LUNCH,,0,,1.0,0.0,0.0,0.0,0.0
LUN_02316,LUNCH,,1,,0.0,1.0,1.0,0.0,0.0
LUN_02317,LUNCH,,0,,1.0,0.0,0.0,0.0,0.0
LUN_02318,LUNCH,,1,,0.0,1.0,1.0,1.0,1.0
LUN_02319,LUNCH,,0,,1.0,0.0,0.0,0.0,0.0
LUN_02320,LUNCH,,0,,0.0,1.0,0.0,0.0,0.0
LUN_02321,LUNCH,,0,,1.0,0.0,0.0,0.0,0.0
LUN_02322,LUNCH,,0,,1.0,0.0,0.0,0.0,0.0
LUN_02323,LUNCH,,0,,0.0,0.0,1.0,0.0,0.0
LUN_02324,LUNCH,,0,,0.0,1.0,0.0,1.0,0.0
LUN_02325,LUNCH,,0,,0.0,0.0,0.0,0.0,0.0
LUN_02326,LUNCH,,1,,0.0,1.0,0.0,0.0,0.0
LUN_02327,LUNCH,,0,,0.0,0.0,0.0,0.0,0.0
LUN_02328,LUNCH,,0,,1.0,0.0,0.0,0.0,0.0
LUN_02329,LUNCH,,1,,0.0,1.0,1.0,0.0,1.0
LUN_02330,LUNCH,,0,,1.0,0.0,0.0,0.0,0.0
LUN_02331,LUNCH,,1,,0.0,1.0,1.0,0.0,0.0
LUN_02332,LUNCH,,1,,0.0,1.0,0.0,0.0,0.0
LUN_02333,LUNCH,,1,,0.0,1.0,1.0,0.0,0.0
LUN_02334,LUNCH,,0,,1.0,0.0,0.0,0.0,0.0
LUN_02335,LUNCH,,0,,0.0,1.0,0.0,1.0,1.0
LUN_02336,LUNCH,,1,,0.0,1.0,1.0,1.0,1.0
LUN_02337,LUNCH,,0,,0.0,1.0,0.0,1.0,0.0
LUN_02338,LUNCH,,0,,0.0,1.0,1.0,1.0,0.0
LUN_02339,LUNCH,,1,,0.0,1.0,1.0,1.0,0.0
LUN_02340,LUNCH,,0,,0.0,1.0,1.0,0.0,0.0
LUN_02341,LUNCH,,0,,1.0,0.0,0.0,0.0,0.0
LUN_02342,LUNCH,,1,,0.0,1.0,1.0,1.0,1.0
LUN_02343,LUNCH,,0,,0.0,1.0,0.0,0.0,0.0
LUN_02344,LUNCH,,0,,1.0,0.0,0.0,0.0,0.0
LUN_02345,LUNCH,,0,,1.0,0.0,0.0,0.0,0.0
LUN_02346,LUNCH,,0,,1.0,0.0,0.0,0.0,0.0
LUN_02347,LUNCH,,0,,0.0,1.0,0.0,0.0,1.0
LUN_02348,LUNCH,,0,,0.0,1.0,1.0,1.0,0.0
LUN_02349,LUNCH,,1,,0.0,1.0,0.0,0.0,0.0
LUN_02350,LUNCH,,1,,0.0,1.0,0.0,1.0,1.0
LUN_02351,LUNCH,,1,,0.0,1.0,1.0,1.0,1.0
LUN_02352,LUNCH,,0,,0.0,1.0,1.0,0.0,0.0
LUN_02353,LUNCH,,1,,0.0,1.0,1.0,0.0,0.0
LUN_02354,LUNCH,,0,,0.0,1.0,1.0,1.0,0.0
LUN_02355,LUNCH,,0,,1.0,0.0,0.0,0.0,0.0
LUN_02356,LUNCH,,0,,1.0,0.0,0.0,0.0,0.0
LUN_02357,LUNCH,,0,,0.0,0.0,0.0,0.0,0.0
LUN_02358,LUNCH,,1,,0.0,1.0,0.0,1.0,0.0
LUN_02359,LUNCH,,0,,0.0,1.0,0.0,0.0,0.0
LUN_02360,LUNCH,,0,,0.0,1.0,0.0,0.0,0.0
LUN_02361,LUNCH,,1,,0.0,1.0,0.0,1.0,0.0
LUN_02362,LUNCH,,1,,0.0,1.0,0.0,0.0,0.0
LUN_02363,LUNCH,,1,,0.0,1.0,1.0,0.0,0.0
LUN_02364,LUNCH,,1,,0.0,1.0,0.0,0.0,0.0
LUN_02365,LUNCH,,1,,0.0,1.0,1.0,0.0,0.0
LUN_02366,LUNCH,,0,,1.0,0.0,0.0,0.0,0.0
LUN_02367,LUNCH,,0,,0.0,1.0,1.0,1.0,1.0
LUN_02368,LUNCH,,1,,0.0,1.0,1.0,1.0,1.0
LUN_02369,LUNCH,,1,,0.0,1.0,0.0,0.0,1.0
LUN_02370,LUNCH,,0,,0.0,1.0,0.0,0.0,0.0
LUN_02371,LUNCH,,1,,0.0,1.0,1.0,1.0,1.0
LUN_02372,LUNCH,,0,,0.0,0.0,1.0,1.0,0.0
LUN_02373,LUNCH,,1,,0.0,1.0,1.0,1.0,0.0
LUN_02374,LUNCH,,1,,0.0,1.0,0.0,1.0,0.0
LUN_02375,LUNCH,,0,,1.0,0.0,0.0,0.0,0.0
LUN_02376,LUNCH,,0,,1.0,0.0,0.0,0.0,0.0
LUN_02377,LUNCH,,1,,0.0,1.0,1.0,0.0,0.0
LUN_02378,LUNCH,,0,,1.0,0.0,0.0,0.0,0.0
LUN_02379,LUNCH,,1,,0.0,1.0,1.0,1.0,1.0
LUN_02380,LUNCH,,0,,1.0,0.0,0.0,0.0,0.0
LUN_02381,LUNCH,,1,,0.0,1.0,0.0,0.0,0.0
LUN_02382,LUNCH,,0,,0.0,0.0,1.0,0.0,0.0
LUN_02383,LUNCH,,1,,0.0,1.0,0.0,1.0,0.0
LUN_02384,LUNCH,,0,,1.0,0.0,0.0,0.0,0.0
LUN_02385,LUNCH,,0,,1.0,0.0,0.0,0.0,0.0
LUN_02386,LUNCH,,1,,0.0,1.0,1.0,0.0,0.0
LUN_02387,LUNCH,,1,,0.0,1.0,0.0,0.0,1.0
LUN_02388,LUNCH,,0,,0.0,1.0,1.0,0.0,1.0
LUN_02389,LUNCH,,1,,0.0,1.0,1.0,0.0,0.0
LUN_02390,LUNCH,,1,,0.0,1.0,1.0,1.0,0.0
LUN_02391,LUNCH,,0,,1.0,0.0,0.0,0.0,0.0
LUN_02392,LUNCH,,0,,0.0,1.0,0.0,1.0,1.0
LUN_02393,LUNCH,,1,,0.0,1.0,0.0,0.0,1.0
LUN_02394,LUNCH,,0,,1.0,0.0,0.0,0.0,0.0
LUN_02395,LUNCH,,0,,1.0,0.0,0.0,0.0,0.0
LUN_02396,LUNCH,,1,,0.0,1.0,0.0,0.0,0.0
LUN_02397,LUNCH,,0,,0.0,1.0,0.0,0.0,1.0
LUN_02398,LUNCH,,1,,0.0,1.0,1.0,0.0,0.0
LUN_02399,LUNCH,,1,,0.0,0.0,0.0,0.0,1.0
LUN_02400,LUNCH,,0,,0.0,1.0,0.0,0.0,1.0
LUN_02401,LUNCH,,0,,0.0,1.0,0.0,1.0,0.0
LUN_02402,LUNCH,,1,,0.0,1.0,1.0,1.0,1.0
LUN_02403,LUNCH,,0,,1.0,0.0,0.0,0.0,0.0
LUN_02404,LUNCH,,0,,1.0,0.0,0.0,0.0,0.0
LUN_02405,LUNCH,,1,,0.0,1.0,0.0,1.0,1.0
LUN_02406,LUNCH,,1,,0.0,1.0,1.0,0.0,0.0
LUN_02407,LUNCH,,0,,1.0,0.0,0.0,0.0,0.0
LUN_02408,LUNCH,,1,,0.0,0.0,1.0,0.0,0.0
LUN_02409,LUNCH,,1,,0.0,1.0,0.0,1.0,0.0
LUN_02410,LUNCH,,1,,0.0,1.0,1.0,0.0,0.0
LUN_02411,LUNCH,,1,,0.0,1.0,1.0,0.0,1.0
LUN_02412,LUNCH,,1,,0.0,1.0,1.0,0.0,1.0
LUN_02413,LUNCH,,0,,0.0,1.0,0.0,1.0,0.0
LUN_02414,LUNCH,,0,,0.0,0.0,1.0,0.0,0.0
LUN_02415,LUNCH,,0,,0.0,1.0,0.0,1.0,0.0
LUN_02416,LUNCH,,1,,0.0,1.0,1.0,1.0,0.0
LUN_02417,LUNCH,,0,,0.0,1.0,1.0,0.0,0.0
LUN_02418,LUNCH,,1,,0.0,1.0,0.0,1.0,0.0
LUN_02419,LUNCH,,0,,0.0,0.0,0.0,0.0,0.0
LUN_02420,LUNCH,,1,,0.0,0.0,0.0,0.0,0.0
LUN_02421,LUNCH,,0,,1.0,0.0,0.0,0.0,0.0
LUN_02422,LUNCH,,0,,0.0,1.0,1.0,0.0,0.0
LUN_02423,LUNCH,,1,,0.0,1.0,1.0,0.0,1.0
LUN_02424,LUNCH,,0,,0.0,1.0,1.0,0.0,1.0
LUN_02425,LUNCH,,0,,1.0,0.0,0.0,0.0,0.0
LUN_02426,LUNCH,,0,,1.0,0.0,0.0,0.0,0.0
LUN_02427,LUNCH,,0,,0.0,1.0,1.0,0.0,0.0
LUN_02428,LUNCH,,0,,0.0,0.0,0.0,1.0,1.0
LUN_02429,LUNCH,,1,,0.0,0.0,1.0,0.0,0.0
LUN_02430,LUNCH,,0,,0.0,0.0,0.0,0.0,1.0
LUN_02431,LUNCH,,0,,1.0,0.0,0.0,0.0,0.0
LUN_02432,LUNCH,,0,,0.0,1.0,0.0,0.0,0.0
LUN_02433,LUNCH,,1,,0.0,1.0,0.0,0.0,1.0
LUN_02434,LUNCH,,0,,1.0,0.0,0.0,0.0,0.0
LUN_02435,LUNCH,,1,,0.0,1.0,0.0,0.0,1.0
LUN_02436,LUNCH,,1,,0.0,1.0,1.0,1.0,1.0
LUN_02437,LUNCH,,0,,1.0,0.0,0.0,0.0,0.0
LUN_02438,LUNCH,,1,,0.0,1.0,1.0,0.0,0.0
LUN_02439,LUNCH,,1,,0.0,1.0,1.0,0.0,0.0
LUN_02440,LUNCH,,1,,0.0,1.0,0.0,0.0,0.0
LUN_02441,LUNCH,,1,,0.0,1.0,0.0,1.0,1.0
LUN_02442,LUNCH,,1,,0.0,1.0,0.0,0.0,0.0
LUN_02443,LUNCH,,0,,1.0,0.0,0.0,0.0,0.0
LUN_02444,LUNCH,,1,,0.0,1.0,0.0,0.0,0.0
LUN_02445,LUNCH,,0,,0.0,1.0,1.0,0.0,1.0
LUN_02446,LUNCH,,0,,1.0,0.0,0.0,0.0,0.0
LUN_02447,LUNCH,,1,,0.0,1.0,0.0,0.0,1.0
LUN_02448,LUNCH,,0,,1.0,0.0,0.0,0.0,0.0
LUN_02449,LUNCH,,1,,0.0,1.0,1.0,0.0,1.0
LUN_02450,LUNCH,,0,,0.0,1.0,0.0,1.0,0.0
LUN_02451,LUNCH,,0,,0.0,1.0,1.0,0.0,0.0
LUN_02452,LUNCH,,1,,0.0,0.0,1.0,1.0,1.0
LUN_02453,LUNCH,,1,,0.0,1.0,1.0,0.0,1.0
LUN_02454,LUNCH,,1,,0.0,1.0,1.0,0.0,1.0
LUN_02455,LUNCH,,0,,1.0,0.0,0.0,0.0,0.0
LUN_02456,LUNCH,,1,,0.0,1.0,1.0,0.0,0.0
LUN_02457,LUNCH,,1,,0.0,1.0,1.0,1.0,0.0
LUN_02458,LUNCH,,1,,0.0,1.0,0.0,0.0,0.0
LUN_02459,LUNCH,,1,,0.0,1.0,0.0,0.0,0.0
LUN_02460,LUNCH,,1,,0.0,0.0,1.0,1.0,1.0
LUN_02461,LUNCH,,0,,1.0,0.0,0.0,0.0,0.0
LUN_02462,LUNCH,,0,,0.0,1.0,1.0,0.0,0.0
LUN_02463,LUNCH,,1,,0.0,1.0,1.0,1.0,0.0
LUN_02464,LUNCH,,0,,0.0,1.0,1.0,0.0,0.0
LUN_02465,LUNCH,,1,,0.0,0.0,0.0,1.0,1.0
LUN_02466,LUNCH,,1,,0.0,1.0,0.0,0.0,1.0
LUN_02467,LUNCH,,0,,0.0,1.0,0.0,1.0,0.0
LUN_02468,LUNCH,,1,,0.0,1.0,1.0,0.0,0.0
LUN_02469,LUNCH,,0,,1.0,0.0,0.0,0.0,0.0
LUN_02470,LUNCH,,1,,0.0,1.0,1.0,0.0,1.0
LUN_02471,LUNCH,,0,,0.0,0.0,1.0,0.0,0.0
LUN_02472,LUNCH,,1,,0.0,1.0,1.0,0.0,0.0
LUN_02473,LUNCH,,0,,0.0,0.0,0.0,0.0,0.0
LUN_02474,LUNCH,,1,,0.0,1.0,0.0,0.0,0.0
LUN_02475,LUNCH,,1,,0.0,1.0,1.0,1.0,1.0
LUN_02476,LUNCH,,1,,0.0,1.0,0.0,1.0,0.0
LUN_02477,LUNCH,,1,,0.0,1.0,0.0,0.0,1.0
LUN_02478,LUNCH,,0,,0.0,1.0,0.0,0.0,0.0
LUN_02479,LUNCH,,1,,0.0,1.0,1.0,0.0,0.0
LUN_02480,LUNCH,,1,,0.0,1.0,0.0,0.0,0.0
LUN_02481,LUNCH,,1,,0.0,1.0,1.0,0.0,0.0
LUN_02482,LUNCH,,0,,1.0,0.0,0.0,0.0,0.0
LUN_02483,LUNCH,,0,,1.0,0.0,0.0,0.0,0.0
LUN_02484,LUNCH,,1,,0.0,1.0,0.0,0.0,1.0
LUN_02485,LUNCH,,0,,0.0,1.0,1.0,1.0,1.0
LUN_02486,LUNCH,,1,,0.0,1.0,1.0,0.0,0.0
LUN_02487,LUNCH,,1,,0.0,1.0,1.0,1.0,0.0
LUN_02488,LUNCH,,1,,0.0,1.0,0.0,1.0,1.0
LUN_02489,LUNCH,,0,,0.0,0.0,1.0,0.0,0.0
LUN_02490,LUNCH,,0,,1.0,0.0,0.0,0.0,0.0
LUN_02491,LUNCH,,0,,0.0,1.0,0.0,0.0,1.0
LUN_02492,LUNCH,,0,,1.0,0.0,0.0,0.0,0.0
LUN_02493,LUNCH,,1,,0.0,1.0,1.0,1.0,0.0
LUN_02494,LUNCH,,1,,0.0,0.0,0.0,0.0,0.0
LUN_02495,LUNCH,,1,,0.0,1.0,1.0,1.0,1.0
LUN_02496,LUNCH,,1,,0.0,1.0,0.0,1.0,1.0
LUN_02497,LUNCH,,0,,1.0,0.0,0.0,0.0,0.0
LUN_02498,LUNCH,,1,,0.0,1.0,1.0,1.0,1.0
LUN_02499,LUNCH,,0,,0.0,1.0,0.0,0.0,0.0
LUN_02500,LUNCH,,0,,0.0,1.0,0.0,0.0,0.0
LUN_02501,LUNCH,,0,,0.0,1.0,1.0,1.0,0.0
LUN_02502,LUNCH,,1,,0.0,1.0,1.0,1.0,1.0
LUN_02503,LUNCH,,0,,0.0,1.0,1.0,1.0,0.0
LUN_02504,LUNCH,,1,,0.0,1.0,1.0,1.0,1.0
LUN_02505,LUNCH,,0,,1.0,0.0,0.0,0.0,0.0
LUN_02506,LUNCH,,1,,0.0,1.0,1.0,1.0,0.0
LUN_02507,LUNCH,,1,,0.0,1.0,1.0,0.0,1.0
LUN_02508,LUNCH,,0,,0.0,1.0,0.0,1.0,1.0
LUN_02509,LUNCH,,1,,0.0,1.0,0.0,0.0,1.0
LUN_02510,LUNCH,,0,,1.0,0.0,0.0,0.0,0.0
LUN_02511,LUNCH,,1,,0.0,1.0,1.0,0.0,0.0
LUN_02512,LUNCH,,0,,0.0,1.0,0.0,0.0,0.0
LUN_02513,LUNCH,,1,,0.0,1.0,1.0,1.0,0.0
LUN_02514,LUNCH,,1,,0.0,1.0,0.0,0.0,0.0
LUN_02515,LUNCH,,1,,0.0,1.0,0.0,0.0,1.0
LUN_02516,LUNCH,,0,,0.0,1.0,0.0,1.0,1.0
LUN_02517,LUNCH,,0,,0.0,1.0,1.0,1.0,0.0
LUN_02518,LUNCH,,1,,0.0,1.0,1.0,0.0,0.0
LUN_02519,LUNCH,,0,,1.0,0.0,0.0,0.0,0.0
LUN_02520,LUNCH,,0,,0.0,1.0,0.0,1.0,0.0
LUN_02521,LUNCH,,1,,0.0,1.0,1.0,0.0,0.0
LUN_02522,LUNCH,,1,,0.0,1.0,0.0,1.0,1.0
LUN_02523,LUNCH,,0,,1.0,0.0,0.0,0.0,0.0
LUN_02524,LUNCH,,0,,1.0,0.0,0.0,0.0,0.0
LUN_02525,LUNCH,,0,,0.0,1.0,1.0,0.0,1.0
LUN_02526,LUNCH,,0,,0.0,1.0,0.0,1.0,1.0
LUN_02527,LUNCH,,0,,0.0,1.0,0.0,0.0,1.0
LUN_02528,LUNCH,,1,,0.0,1.0,0.0,1.0,1.0
LUN_02529,LUNCH,,0,,0.0,1.0,1.0,1.0,1.0
LUN_02530,LUNCH,,1,,0.0,0.0,1.0,0.0,1.0
LUN_02531,LUNCH,,0,,0.0,1.0,1.0,1.0,0.0
LUN_02532,LUNCH,,0,,0.0,1.0,0.0,0.0,0.0
LUN_02533,LUNCH,,1,,0.0,1.0,1.0,0.0,1.0
LUN_02534,LUNCH,,1,,0.0,1.0,1.0,0.0,0.0
LUN_02535,LUNCH,,0,,0.0,0.0,0.0,0.0,1.0
LUN_02536,LUNCH,,0,,0.0,0.0,0.0,1.0,1.0
LUN_02537,LUNCH,,0,,1.0,0.0,0.0,0.0,0.0
LUN_02538,LUNCH,,0,,0.0,1.0,0.0,0.0,0.0
LUN_02539,LUNCH,,1,,0.0,1.0,1.0,1.0,0.0
LUN_02540,LUNCH,,0,,1.0,0.0,0.0,0.0,0.0
LUN_02541,LUNCH,,0,,1.0,0.0,0.0,0.0,0.0
LUN_02542,LUNCH,,0,,1.0,0.0,0.0,0.0,0.0
LUN_02543,LUNCH,,1,,0.0,1.0,0.0,0.0,1.0
LUN_02544,LUNCH,,0,,1.0,0.0,0.0,0.0,0.0
LUN_02545,LUNCH,,0,,1.0,0.0,0.0,0.0,0.0
LUN_02546,LUNCH,,0,,0.0,1.0,0.0,1.0,0.0
LUN_02547,LUNCH,,0,,0.0,1.0,1.0,0.0,0.0
LUN_02548,LUNCH,,0,,0.0,1.0,1.0,0.0,1.0
LUN_02549,LUNCH,,1,,0.0,1.0,1.0,0.0,0.0
LUN_02550,LUNCH,,0,,0.0,1.0,1.0,1.0,0.0
LUN_02551,LUNCH,,0,,1.0,0.0,0.0,0.0,0.0
LUN_02552,LUNCH,,0,,0.0,1.0,1.0,0.0,1.0
LUN_02553,LUNCH,,1,,0.0,1.0,1.0,0.0,0.0
LUN_02554,LUNCH,,1,,0.0,1.0,0.0,0.0,0.0
LUN_02555,LUNCH,,1,,0.0,1.0,1.0,0.0,0.0
LUN_02556,LUNCH,,0,,0.0,1.0,1.0,1.0,0.0
LUN_02557,LUNCH,,1,,0.0,1.0,1.0,0.0,0.0
LUN_02558,LUNCH,,1,,0.0,1.0,0.0,0.0,0.0
LUN_02559,LUNCH,,1,,0.0,1.0,1.0,0.0,1.0
LUN_02560,LUNCH,,1,,0.0,1.0,0.0,0.0,0.0
LUN_02561,LUNCH,,1,,0.0,1.0,1.0,0.0,1.0
LUN_02562,LUNCH,,0,,1.0,0.0,0.0,0.0,0.0
LUN_02563,LUNCH,,1,,0.0,1.0,0.0,0.0,0.0
LUN_02564,LUNCH,,1,,0.0,1.0,1.0,0.0,0.0
LUN_02565,LUNCH,,0,,1.0,0.0,0.0,0.0,0.0
LUN_02566,LUNCH,,0,,0.0,1.0,0.0,0.0,1.0
LUN_02567,LUNCH,,0,,0.0,1.0,1.0,0.0,0.0
LUN_02568,LUNCH,,1,,0.0,1.0,0.0,0.0,0.0
LUN_02569,LUNCH,,0,,1.0,0.0,0.0,0.0,0.0
LUN_02570,LUNCH,,1,,0.0,1.0,1.0,0.0,1.0
LUN_02571,LUNCH,,1,,0.0,1.0,1.0,0.0,0.0
LUN_02572,LUNCH,,0,,0.0,1.0,0.0,0.0,0.0
LUN_02573,LUNCH,,1,,0.0,1.0,1.0,0.0,0.0
LUN_02574,LUNCH,,0,,1.0,0.0,0.0,0.0,0.0
LUN_02575,LUNCH,,0,,0.0,1.0,0.0,0.0,0.0
LUN_02576,LUNCH,,0,,0.0,1.0,1.0,1.0,0.0
LUN_02577,LUNCH,,0,,0.0,0.0,0.0,1.0,0.0
LUN_02578,LUNCH,,0,,0.0,1.0,0.0,0.0,1.0
LUN_02579,LUNCH,,0,,0.0,1.0,0.0,0.0,1.0
LUN_02580,LUNCH,,1,,0.0,1.0,0.0,0.0,1.0
LUN_02581,LUNCH,,1,,0.0,1.0,0.0,0.0,0.0
LUN_02582,LUNCH,,1,,0.0,1.0,1.0,0.0,1.0
LUN_02583,LUNCH,,1,,0.0,1.0,0.0,1.0,0.0
LUN_02584,LUNCH,,0,,1.0,0.0,0.0,0.0,0.0
LUN_02585,LUNCH,,1,,0.0,0.0,1.0,1.0,1.0
LUN_02586,LUNCH,,1,,0.0,1.0,1.0,1.0,0.0
LUN_02587,LUNCH,,0,,0.0,1.0,1.0,1.0,0.0
LUN_02588,LUNCH,,1,,0.0,1.0,1.0,0.0,1.0
LUN_02589,LUNCH,,0,,0.0,1.0,0.0,1.0,0.0
LUN_02590,LUNCH,,1,,0.0,1.0,0.0,0.0,0.0
LUN_02591,LUNCH,,0,,0.0,1.0,0.0,1.0,0.0
LUN_02592,LUNCH,,0,,0.0,1.0,1.0,1.0,1.0
LUN_02593,LUNCH,,0,,1.0,0.0,0.0,0.0,0.0
LUN_02594,LUNCH,,0,,1.0,0.0,0.0,0.0,0.0
LUN_02595,LUNCH,,1,,0.0,1.0,1.0,1.0,1.0
LUN_02596,LUNCH,,0,,1.0,0.0,0.0,0.0,0.0
LUN_02597,LUNCH,,0,,1.0,0.0,0.0,0.0,0.0
LUN_02598,LUNCH,,0,,0.0,1.0,0.0,0.0,0.0
LUN_02599,LUNCH,,0,,1.0,0.0,0.0,0.0,0.0
LUN_02600,LUNCH,,1,,0.0,1.0,1.0,1.0,0.0
LUN_02601,LUNCH,,1,,0.0,1.0,0.0,1.0,0.0
LUN_02602,LUNCH,,1,,0.0,1.0,1.0,1.0,1.0
LUN_02603,LUNCH,,1,,0.0,1.0,0.0,1.0,0.0
LUN_02604,LUNCH,,1,,0.0,1.0,1.0,0.0,0.0
LUN_02605,LUNCH,,1,,0.0,1.0,1.0,1.0,0.0
LUN_02606,LUNCH,,0,,0.0,1.0,0.0,0.0,0.0
LUN_02607,LUNCH,,1,,0.0,1.0,1.0,0.0,0.0
LUN_02608,LUNCH,,1,,0.0,1.0,0.0,0.0,0.0
LUN_02609,LUNCH,,0,,1.0,0.0,0.0,0.0,0.0
LUN_02610,LUNCH,,1,,0.0,1.0,1.0,0.0,0.0
LUN_02611,LUNCH,,0,,1.0,0.0,0.0,0.0,0.0
LUN_02612,LUNCH,,0,,0.0,1.0,0.0,0.0,1.0
LUN_02613,LUNCH,,0,,1.0,0.0,0.0,0.0,0.0
LUN_02614,LUNCH,,1,,0.0,1.0,0.0,1.0,0.0
LUN_02615,LUNCH,,0,,1.0,0.0,0.0,0.0,0.0
LUN_02616,LUNCH,,0,,0.0,0.0,0.0,0.0,0.0
LUN_02617,LUNCH,,1,,0.0,1.0,1.0,0.0,1.0
LUN_02618,LUNCH,,1,,0.0,1.0,0.0,0.0,0.0
LUN_02619,LUNCH,,1,,0.0,1.0,1.0,0.0,0.0
LUN_02620,LUNCH,,0,,1.0,0.0,0.0,0.0,0.0
LUN_02621,LUNCH,,0,,0.0,1.0,0.0,1.0,0.0
LUN_02622,LUNCH,,0,,0.0,1.0,1.0,1.0,0.0
LUN_02623,LUNCH,,1,,0.0,1.0,1.0,1.0,1.0
LUN_02624,LUNCH,,1,,0.0,1.0,0.0,0.0,1.0
LUN_02625,LUNCH,,1,,0.0,1.0,1.0,0.0,1.0
LUN_02626,LUNCH,,0,,0.0,1.0,1.0,0.0,1.0
LUN_02627,LUNCH,,1,,0.0,1.0,0.0,0.0,0.0
LUN_02628,LUNCH,,0,,1.0,0.0,0.0,0.0,0.0
LUN_02629,LUNCH,,0,,1.0,0.0,0.0,0.0,0.0
LUN_02630,LUNCH,,0,,1.0,0.0,0.0,0.0,0.0
LUN_02631,LUNCH,,0,,0.0,1.0,0.0,0.0,0.0
LUN_02632,LUNCH,,0,,0.0,1.0,0.0,0.0,1.0
LUN_02633,LUNCH,,0,,0.0,1.0,0.0,1.0,0.0
LUN_02634,LUNCH,,1,,0.0,1.0,0.0,0.0,0.0
LUN_02635,LUNCH,,1,,0.0,1.0,1.0,0.0,0.0
LUN_02636,LUNCH,,1,,0.0,1.0,0.0,1.0,0.0
LUN_02637,LUNCH,,0,,1.0,0.0,0.0,0.0,0.0
LUN_02638,LUNCH,,1,,0.0,1.0,1.0,0.0,0.0
LUN_02639,LUNCH,,0,,1.0,0.0,0.0,0.0,0.0
LUN_02640,LUNCH,,1,,0.0,1.0,1.0,0.0,0.0
LUN_02641,LUNCH,,0,,0.0,0.0,0.0,0.0,0.0
LUN_02642,LUNCH,,1,,0.0,1.0,1.0,0.0,0.0
LUN_02643,LUNCH,,1,,0.0,1.0,0.0,0.0,1.0
LUN_02644,LUNCH,,0,,1.0,0.0,0.0,0.0,0.0
LUN_02645,LUNCH,,1,,0.0,1.0,1.0,1.0,1.0
LUN_02646,LUNCH,,0,,1.0,0.0,0.0,0.0,0.0
LUN_02647,LUNCH,,1,,0.0,0.0,0.0,1.0,1.0
LUN_02648,LUNCH,,0,,0.0,1.0,1.0,0.0,0.0
LUN_02649,LUNCH,,0,,0.0,1.0,1.0,0.0,0.0
LUN_02650,LUNCH,,1,,0.0,1.0,1.0,1.0,1.0
LUN_02651,LUNCH,,1,,0.0,0.0,0.0,0.0,0.0
LUN_02652,LUNCH,,1,,0.0,1.0,1.0,0.0,0.0
LUN_02653,LUNCH,,1,,0.0,1.0,1.0,0.0,0.0
LUN_02654,LUNCH,,1,,0.0,1.0,0.0,0.0,0.0
LUN_02655,LUNCH,,0,,0.0,1.0,1.0,0.0,1.0
LUN_02656,LUNCH,,0,,0.0,1.0,0.0,0.0,0.0
LUN_02657,LUNCH,,0,,1.0,0.0,0.0,0.0,0.0
LUN_02658,LUNCH,,1,,0.0,1.0,1.0,0.0,0.0
LUN_02659,LUNCH,,1,,0.0,1.0,1.0,0.0,1.0
LUN_02660,LUNCH,,1,,0.0,1.0,0.0,1.0,0.0
LUN_02661,LUNCH,,0,,0.0,1.0,0.0,0.0,1.0
LUN_02662,LUNCH,,0,,0.0,1.0,1.0,0.0,0.0
LUN_02663,LUNCH,,0,,0.0,1.0,1.0,0.0,0.0
LUN_02664,LUNCH,,0,,0.0,1.0,0.0,1.0,0.0
LUN_02665,LUNCH,,1,,0.0,1.0,0.0,0.0,1.0
LUN_02666,LUNCH,,1,,0.0,1.0,1.0,0.0,0.0
LUN_02667,LUNCH,,1,,0.0,1.0,1.0,1.0,0.0
LUN_02668,LUNCH,,1,,0.0,1.0,0.0,0.0,0.0
LUN_02669,LUNCH,,0,,0.0,1.0,0.0,0.0,1.0
LUN_02670,LUNCH,,1,,0.0,1.0,0.0,0.0,0.0
LUN_02671,LUNCH,,0,,1.0,0.0,0.0,0.0,0.0
LUN_02672,LUNCH,,0,,0.0,0.0,0.0,1.0,0.0
LUN_02673,LUNCH,,1,,0.0,1.0,1.0,1.0,1.0
LUN_02674,LUNCH,,1,,0.0,1.0,1.0,0.0,0.0
LUN_02675,LUNCH,,0,,0.0,1.0,0.0,0.0,1.0
LUN_02676,LUNCH,,1,,0.0,0.0,1.0,0.0,0.0
LUN_02677,LUNCH,,1,,0.0,1.0,1.0,1.0,1.0
LUN_02678,LUNCH,,1,,0.0,1.0,1.0,1.0,0.0
LUN_02679,LUNCH,,0,,0.0,1.0,0.0,1.0,0.0
LUN_02680,LUNCH,,0,,1.0,0.0,0.0,0.0,0.0
LUN_02681,LUNCH,,0,,0.0,1.0,0.0,1.0,0.0
LUN_02682,LUNCH,,0,,0.0,1.0,1.0,0.0,0.0
LUN_02683,LUNCH,,1,,0.0,1.0,1.0,0.0,1.0
LUN_02684,LUNCH,,1,,0.0,1.0,1.0,0.0,0.0
LUN_02685,LUNCH,,0,,0.0,1.0,0.0,1.0,0.0
LUN_02686,LUNCH,,1,,0.0,1.0,0.0,0.0,1.0
LUN_02687,LUNCH,,1,,0.0,1.0,1.0,0.0,1.0
LUN_02688,LUNCH,,0,,1.0,0.0,0.0,0.0,0.0
LUN_02689,LUNCH,,1,,0.0,1.0,1.0,1.0,0.0
LUN_02690,LUNCH,,0,,0.0,1.0,1.0,1.0,0.0
LUN_02691,LUNCH,,0,,0.0,1.0,0.0,1.0,1.0
LUN_02692,LUNCH,,1,,0.0,0.0,1.0,1.0,0.0
LUN_02693,LUNCH,,1,,0.0,0.0,0.0,0.0,0.0
LUN_02694,LUNCH,,0,,0.0,0.0,1.0,1.0,0.0
LUN_02695,LUNCH,,0,,0.0,1.0,1.0,0.0,0.0
LUN_02696,LUNCH,,1,,0.0,1.0,1.0,0.0,0.0
LUN_02697,LUNCH,,0,,0.0,1.0,1.0,1.0,0.0
LUN_02698,LUNCH,,0,,0.0,1.0,1.0,0.0,1.0
LUN_02699,LUNCH,,1,,0.0,0.0,0.0,0.0,0.0
LUN_02700,LUNCH,,0,,1.0,0.0,0.0,0.0,0.0
LUN_02701,LUNCH,,0,,0.0,0.0,1.0,0.0,0.0
LUN_02702,LUNCH,,0,,0.0,1.0,1.0,1.0,0.0
LUN_02703,LUNCH,,0,,1.0,0.0,0.0,0.0,0.0
LUN_02704,LUNCH,,0,,0.0,0.0,0.0,0.0,0.0
LUN_02705,LUNCH,,0,,0.0,0.0,0.0,0.0,0.0
LUN_02706,LUNCH,,1,,0.0,1.0,1.0,1.0,0.0
LUN_02707,LUNCH,,1,,0.0,1.0,1.0,0.0,0.0
LUN_02708,LUNCH,,1,,0.0,1.0,0.0,1.0,1.0
LUN_02709,LUNCH,,0,,0.0,0.0,0.0,0.0,0.0
LUN_02710,LUNCH,,0,,0.0,1.0,1.0,0.0,0.0
LUN_02711,LUNCH,,0,,1.0,0.0,0.0,0.0,0.0
LUN_02712,LUNCH,,0,,0.0,1.0,1.0,1.0,1.0
LUN_02713,LUNCH,,1,,0.0,1.0,0.0,0.0,1.0
LUN_02714,LUNCH,,1,,0.0,1.0,1.0,0.0,0.0
LUN_02715,LUNCH,,0,,0.0,0.0,1.0,0.0,0.0
LUN_02716,LUNCH,,0,,1.0,0.0,0.0,0.0,0.0
LUN_02717,LUNCH,,1,,0.0,1.0,0.0,1.0,0.0
LUN_02718,LUNCH,,0,,0.0,1.0,0.0,0.0,0.0
LUN_02719,LUNCH,,0,,0.0,1.0,1.0,0.0,1.0
LUN_02720,LUNCH,,1,,0.0,1.0,1.0,1.0,0.0
LUN_02721,LUNCH,,1,,0.0,1.0,1.0,1.0,0.0
LUN_02722,LUNCH,,1,,0.0,0.0,0.0,0.0,1.0
LUN_02723,LUNCH,,1,,0.0,1.0,0.0,0.0,0.0
LUN_02724,LUNCH,,1,,0.0,1.0,1.0,0.0,0.0
LUN_02725,LUNCH,,1,,0.0,1.0,1.0,0.0,0.0
LUN_02726,LUNCH,,1,,0.0,1.0,1.0,0.0,0.0
LUN_02727,LUNCH,,0,,0.0,1.0,1.0,0.0,0.0
LUN_02728,LUNCH,,0,,0.0,1.0,0.0,1.0,1.0
LUN_02729,LUNCH,,0,,0.0,1.0,1.0,0.0,1.0
LUN_02730,LUNCH,,1,,0.0,1.0,0.0,1.0,1.0
LUN_02731,LUNCH,,1,,0.0,1.0,0.0,0.0,0.0
LUN_02732,LUNCH,,0,,1.0,0.0,0.0,0.0,0.0
LUN_02733,LUNCH,,0,,1.0,0.0,0.0,0.0,0.0
LUN_02734,LUNCH,,1,,0.0,1.0,0.0,0.0,0.0
LUN_02735,LUNCH,,0,,1.0,0.0,0.0,0.0,0.0
LUN_02736,LUNCH,,0,,0.0,1.0,1.0,1.0,0.0
LUN_02737,LUNCH,,1,,0.0,1.0,1.0,1.0,0.0
LUN_02738,LUNCH,,1,,0.0,1.0,1.0,1.0,0.0
LUN_02739,LUNCH,,0,,0.0,1.0,0.0,0.0,0.0
LUN_02740,LUNCH,,0,,0.0,1.0,0.0,0.0,0.0
LUN_02741,LUNCH,,1,,0.0,1.0,1.0,1.0,0.0
LUN_02742,LUNCH,,1,,0.0,1.0,1.0,0.0,0.0
LUN_02743,LUNCH,,0,,0.0,1.0,1.0,1.0,0.0
LUN_02744,LUNCH,,1,,0.0,1.0,1.0,0.0,0.0
LUN_02745,LUNCH,,1,,0.0,1.0,1.0,1.0,0.0
LUN_02746,LUNCH,,1,,0.0,1.0,1.0,0.0,0.0
LUN_02747,LUNCH,,0,,0.0,0.0,1.0,0.0,0.0
LUN_02748,LUNCH,,1,,0.0,1.0,0.0,0.0,0.0
LUN_02749,LUNCH,,0,,0.0,1.0,0.0,0.0,0.0
LUN_02750,LUNCH,,0,,0.0,0.0,0.0,0.0,0.0
LUN_02751,LUNCH,,0,,0.0,1.0,0.0,0.0,0.0
LUN_02752,LUNCH,,1,,0.0,0.0,0.0,0.0,0.0
LUN_02753,LUNCH,,0,,1.0,0.0,0.0,0.0,0.0
LUN_02754,LUNCH,,0,,0.0,1.0,1.0,1.0,1.0
LUN_02755,LUNCH,,0,,0.0,1.0,1.0,1.0,0.0
LUN_02756,LUNCH,,0,,1.0,0.0,0.0,0.0,0.0
LUN_02757,LUNCH,,0,,0.0,1.0,1.0,0.0,1.0
LUN_02758,LUNCH,,0,,1.0,0.0,0.0,0.0,0.0
LUN_02759,LUNCH,,0,,1.0,0.0,0.0,0.0,0.0
LUN_02760,LUNCH,,0,,0.0,1.0,1.0,1.0,1.0
LUN_02761,LUNCH,,0,,1.0,0.0,0.0,0.0,0.0
LUN_02762,LUNCH,,0,,1.0,0.0,0.0,0.0,0.0
LUN_02763,LUNCH,,1,,0.0,1.0,0.0,1.0,1.0
LUN_02764,LUNCH,,1,,0.0,1.0,0.0,1.0,1.0
LUN_02765,LUNCH,,1,,0.0,1.0,0.0,0.0,0.0
LUN_02766,LUNCH,,0,,0.0,1.0,0.0,0.0,0.0
LUN_02767,LUNCH,,1,,0.0,0.0,0.0,1.0,1.0
LUN_02768,LUNCH,,0,,0.0,1.0,1.0,1.0,0.0
LUN_02769,LUNCH,,0,,0.0,0.0,0.0,0.0,0.0
LUN_02770,LUNCH,,0,,0.0,1.0,0.0,0.0,0.0
LUN_02771,LUNCH,,0,,1.0,0.0,0.0,0.0,0.0
LUN_02772,LUNCH,,1,,0.0,1.0,1.0,0.0,0.0
LUN_02773,LUNCH,,0,,0.0,1.0,1.0,0.0,0.0
LUN_02774,LUNCH,,0,,1.0,0.0,0.0,0.0,0.0
LUN_02775,LUNCH,,0,,1.0,0.0,0.0,0.0,0.0
LUN_02776,LUNCH,,1,,0.0,1.0,1.0,0.0,0.0
LUN_02777,LUNCH,,0,,1.0,0.0,0.0,0.0,0.0
LUN_02778,LUNCH,,0,,1.0,0.0,0.0,0.0,0.0
LUN_02779,LUNCH,,0,,0.0,1.0,1.0,0.0,1.0
LUN_02780,LUNCH,,1,,0.0,0.0,1.0,1.0,0.0
LUN_02781,LUNCH,,1,,0.0,1.0,1.0,0.0,1.0
LUN_02782,LUNCH,,0,,1.0,0.0,0.0,0.0,0.0
LUN_02783,LUNCH,,1,,0.0,1.0,0.0,1.0,0.0
LUN_02784,LUNCH,,0,,0.0,1.0,0.0,1.0,1.0
LUN_02785,LUNCH,,0,,0.0,1.0,1.0,0.0,1.0
LUN_02786,LUNCH,,1,,0.0,1.0,0.0,1.0,0.0
LUN_02787,LUNCH,,1,,0.0,1.0,1.0,0.0,0.0
LUN_02788,LUNCH,,0,,1.0,0.0,0.0,0.0,0.0
LUN_02789,LUNCH,,1,,0.0,1.0,1.0,0.0,1.0
LUN_02790,LUNCH,,1,,0.0,1.0,1.0,0.0,0.0
LUN_02791,LUNCH,,1,,0.0,1.0,0.0,1.0,0.0
LUN_02792,LUNCH,,0,,1.0,0.0,0.0,0.0,0.0
LUN_02793,LUNCH,,0,,0.0,1.0,1.0,0.0,0.0
LUN_02794,LUNCH,,0,,0.0,1.0,0.0,0.0,0.0
LUN_02795,LUNCH,,1,,0.0,1.0,1.0,0.0,0.0
LUN_02796,LUNCH,,1,,0.0,1.0,1.0,1.0,0.0
LUN_02797,LUNCH,,0,,1.0,0.0,0.0,0.0,0.0
LUN_02798,LUNCH,,0,,1.0,0.0,0.0,0.0,0.0
LUN_02799,LUNCH,,0,,0.0,1.0,0.0,0.0,1.0
LUN_02800,LUNCH,,1,,0.0,1.0,0.0,0.0,1.0
LUN_02801,LUNCH,,1,,0.0,1.0,1.0,0.0,0.0
LUN_02802,LUNCH,,1,,0.0,1.0,1.0,0.0,0.0
LUN_02803,LUNCH,,1,,0.0,0.0,1.0,1.0,0.0
LUN_02804,LUNCH,,0,,0.0,0.0,0.0,0.0,0.0
LUN_02805,LUNCH,,1,,0.0,0.0,0.0,0.0,0.0
LUN_02806,LUNCH,,1,,0.0,1.0,0.0,0.0,0.0
LUN_02807,LUNCH,,0,,1.0,0.0,0.0,0.0,0.0
LUN_02808,LUNCH,,0,,1.0,0.0,0.0,0.0,0.0
LUN_02809,LUNCH,,0,,0.0,0.0,0.0,0.0,0.0
LUN_02810,LUNCH,,0,,0.0,0.0,0.0,0.0,0.0
LUN_02811,LUNCH,,0,,0.0,1.0,0.0,0.0,0.0
LUN_02812,LUNCH,,1,,0.0,1.0,0.0,1.0,0.0
LUN_02813,LUNCH,,1,,0.0,1.0,0.0,1.0,0.0
LUN_02814,LUNCH,,0,,1.0,0.0,0.0,0.0,0.0
LUN_02815,LUNCH,,0,,0.0,0.0,0.0,0.0,0.0
LUN_02816,LUNCH,,0,,1.0,0.0,0.0,0.0,0.0
LUN_02817,LUNCH,,0,,0.0,1.0,1.0,0.0,0.0
LUN_02818,LUNCH,,0,,1.0,0.0,0.0,0.0,0.0
LUN_02819,LUNCH,,0,,0.0,1.0,1.0,1.0,1.0
LUN_02820,LUNCH,,0,,1.0,0.0,0.0,0.0,0.0
LUN_02821,LUNCH,,1,,0.0,1.0,1.0,1.0,0.0
LUN_02822,LUNCH,,0,,0.0,0.0,1.0,0.0,0.0
LUN_02823,LUNCH,,0,,1.0,0.0,0.0,0.0,0.0
LUN_02824,LUNCH,,1,,0.0,1.0,0.0,0.0,0.0
LUN_02825,LUNCH,,0,,0.0,1.0,0.0,0.0,0.0
LUN_02826,LUNCH,,0,,0.0,1.0,1.0,1.0,1.0
LUN_02827,LUNCH,,0,,1.0,0.0,0.0,0.0,0.0
LUN_02828,LUNCH,,1,,0.0,1.0,0.0,1.0,0.0
LUN_02829,LUNCH,,1,,0.0,0.0,1.0,1.0,0.0
LUN_02830,LUNCH,,1,,0.0,1.0,1.0,1.0,0.0
LUN_02831,LUNCH,,0,,0.0,1.0,0.0,0.0,0.0
LUN_02832,LUNCH,,0,,1.0,0.0,0.0,0.0,0.0
LUN_02833,LUNCH,,0,,0.0,1.0,1.0,0.0,1.0
LUN_02834,LUNCH,,0,,0.0,1.0,0.0,0.0,0.0
LUN_02835,LUNCH,,1,,0.0,1.0,0.0,1.0,1.0
LUN_02836,LUNCH,,0,,0.0,1.0,0.0,0.0,1.0
LUN_02837,LUNCH,,1,,0.0,1.0,0.0,0.0,1.0
LUN_02838,LUNCH,,0,,1.0,0.0,0.0,0.0,0.0
LUN_02839,LUNCH,,0,,0.0,1.0,1.0,1.0,0.0
LUN_02840,LUNCH,,1,,0.0,1.0,0.0,1.0,0.0
LUN_02841,LUNCH,,1,,0.0,1.0,1.0,0.0,0.0
LUN_02842,LUNCH,,0,,0.0,0.0,1.0,1.0,1.0
LUN_02843,LUNCH,,0,,1.0,0.0,0.0,0.0,0.0
LUN_02844,LUNCH,,1,,0.0,1.0,0.0,0.0,0.0
LUN_02845,LUNCH,,0,,1.0,0.0,0.0,0.0,0.0
LUN_02846,LUNCH,,0,,1.0,0.0,0.0,0.0,0.0
LUN_02847,LUNCH,,1,,0.0,1.0,0.0,1.0,0.0
LUN_02848,LUNCH,,0,,1.0,0.0,0.0,0.0,0.0
LUN_02849,LUNCH,,1,,0.0,1.0,0.0,0.0,0.0
LUN_02850,LUNCH,,1,,0.0,1.0,1.0,1.0,1.0
LUN_02851,LUNCH,,1,,0.0,1.0,1.0,1.0,0.0
LUN_02852,LUNCH,,1,,0.0,0.0,1.0,0.0,0.0
LUN_02853,LUNCH,,0,,0.0,1.0,0.0,1.0,0.0
LUN_02854,LUNCH,,1,,0.0,1.0,0.0,0.0,1.0
LUN_02855,LUNCH,,1,,0.0,1.0,1.0,1.0,1.0
LUN_02856,LUNCH,,1,,0.0,1.0,0.0,1.0,1.0
LUN_02857,LUNCH,,0,,1.0,0.0,0.0,0.0,0.0
LUN_02858,LUNCH,,0,,0.0,0.0,1.0,0.0,0.0
LUN_02859,LUNCH,,1,,0.0,0.0,1.0,0.0,0.0
LUN_02860,LUNCH,,1,,0.0,1.0,1.0,0.0,1.0
LUN_02861,LUNCH,,1,,0.0,1.0,1.0,1.0,1.0
LUN_02862,LUNCH,,1,,0.0,0.0,0.0,0.0,1.0
LUN_02863,LUNCH,,0,,0.0,0.0,1.0,0.0,1.0
LUN_02864,LUNCH,,1,,0.0,1.0,0.0,0.0,0.0
LUN_02865,LUNCH,,0,,0.0,1.0,0.0,0.0,0.0
LUN_02866,LUNCH,,0,,0.0,0.0,0.0,0.0,0.0
LUN_02867,LUNCH,,1,,0.0,1.0,0.0,0.0,0.0
LUN_02868,LUNCH,,0,,0.0,1.0,1.0,1.0,0.0
LUN_02869,LUNCH,,0,,1.0,0.0,0.0,0.0,0.0
LUN_02870,LUNCH,,0,,0.0,1.0,0.0,0.0,1.0
LUN_02871,LUNCH,,1,,0.0,1.0,1.0,0.0,1.0
LUN_02872,LUNCH,,1,,0.0,1.0,0.0,0.0,0.0
LUN_02873,LUNCH,,1,,0.0,1.0,0.0,0.0,1.0
LUN_02874,LUNCH,,1,,0.0,1.0,1.0,1.0,0.0
LUN_02875,LUNCH,,0,,0.0,1.0,1.0,0.0,0.0
LUN_02876,LUNCH,,1,,0.0,0.0,1.0,0.0,1.0
LUN_02877,LUNCH,,1,,0.0,1.0,0.0,1.0,0.0
LUN_02878,LUNCH,,1,,0.0,1.0,1.0,1.0,1.0
LUN_02879,LUNCH,,1,,0.0,0.0,1.0,0.0,0.0
LUN_02880,LUNCH,,0,,0.0,1.0,1.0,0.0,0.0
LUN_02881,LUNCH,,0,,1.0,0.0,0.0,0.0,0.0
LUN_02882,LUNCH,,1,,0.0,1.0,1.0,0.0,0.0
LUN_02883,LUNCH,,0,,1.0,0.0,0.0,0.0,0.0
LUN_02884,LUNCH,,0,,0.0,1.0,1.0,0.0,0.0
LUN_02885,LUNCH,,0,,1.0,0.0,0.0,0.0,0.0
LUN_02886,LUNCH,,1,,0.0,1.0,1.0,0.0,0.0
LUN_02887,LUNCH,,0,,1.0,0.0,0.0,0.0,0.0
LUN_02888,LUNCH,,0,,0.0,1.0,1.0,1.0,0.0
LUN_02889,LUNCH,,0,,0.0,1.0,1.0,1.0,0.0
LUN_02890,LUNCH,,0,,0.0,0.0,0.0,1.0,1.0
LUN_02891,LUNCH,,0,,0.0,1.0,0.0,1.0,0.0
LUN_02892,LUNCH,,0,,0.0,0.0,0.0,0.0,0.0
LUN_02893,LUNCH,,1,,0.0,1.0,1.0,0.0,0.0
LUN_02894,LUNCH,,1,,0.0,0.0,0.0,0.0,0.0
LUN_02895,LUNCH,,0,,0.0,1.0,0.0,0.0,0.0
LUN_02896,LUNCH,,1,,0.0,0.0,0.0,0.0,1.0
LUN_02897,LUNCH,,1,,0.0,1.0,0.0,1.0,1.0
LUN_02898,LUNCH,,1,,0.0,1.0,0.0,0.0,0.0
LUN_02899,LUNCH,,0,,1.0,0.0,0.0,0.0,0.0
LUN_02900,LUNCH,,0,,0.0,1.0,1.0,1.0,0.0
LUN_02901,LUNCH,,0,,0.0,1.0,0.0,0.0,0.0
LUN_02902,LUNCH,,1,,0.0,1.0,1.0,1.0,1.0
LUN_02903,LUNCH,,1,,0.0,1.0,0.0,1.0,0.0
LUN_02904,LUNCH,,0,,0.0,1.0,0.0,0.0,0.0
LUN_02905,LUNCH,,0,,0.0,0.0,0.0,0.0,0.0
LUN_02906,LUNCH,,1,,0.0,1.0,1.0,1.0,1.0
LUN_02907,LUNCH,,0,,0.0,0.0,1.0,0.0,0.0
LUN_02908,LUNCH,,0,,1.0,0.0,0.0,0.0,0.0
LUN_02909,LUNCH,,1,,0.0,1.0,0.0,0.0,0.0
LUN_02910,LUNCH,,0,,1.0,0.0,0.0,0.0,0.0
LUN_02911,LUNCH,,0,,1.0,0.0,0.0,0.0,0.0
LUN_02912,LUNCH,,0,,0.0,1.0,1.0,1.0,0.0
LUN_02913,LUNCH,,0,,0.0,0.0,0.0,0.0,1.0
LUN_02914,LUNCH,,1,,0.0,1.0,0.0,1.0,0.0
LUN_02915,LUNCH,,1,,0.0,1.0,1.0,0.0,0.0
LUN_02916,LUNCH,,1,,0.0,1.0,1.0,0.0,0.0
LUN_02917,LUNCH,,0,,0.0,1.0,1.0,0.0,0.0
LUN_02918,LUNCH,,1,,0.0,1.0,0.0,1.0,0.0
LUN_02919,LUNCH,,0,,1.0,0.0,0.0,0.0,0.0
LUN_02920,LUNCH,,1,,0.0,1.0,0.0,1.0,0.0
LUN_02921,LUNCH,,0,,1.0,0.0,0.0,0.0,0.0
LUN_02922,LUNCH,,1,,0.0,1.0,0.0,0.0,1.0
LUN_02923,LUNCH,,0,,0.0,1.0,0.0,0.0,1.0
LUN_02924,LUNCH,,0,,1.0,0.0,0.0,0.0,0.0
LUN_02925,LUNCH,,0,,1.0,0.0,0.0,0.0,0.0
LUN_02926,LUNCH,,1,,0.0,1.0,1.0,0.0,1.0
LUN_02927,LUNCH,,1,,0.0,1.0,0.0,0.0,0.0
LUN_02928,LUNCH,,0,,1.0,0.0,0.0,0.0,0.0
LUN_02929,LUNCH,,1,,0.0,1.0,1.0,0.0,0.0
LUN_02930,LUNCH,,1,,0.0,1.0,1.0,0.0,1.0
LUN_02931,LUNCH,,0,,1.0,0.0,0.0,0.0,0.0
LUN_02932,LUNCH,,0,,0.0,1.0,0.0,1.0,0.0
LUN_02933,LUNCH,,0,,1.0,0.0,0.0,0.0,0.0
LUN_02934,LUNCH,,1,,0.0,1.0,0.0,0.0,1.0
LUN_02935,LUNCH,,1,,0.0,1.0,0.0,0.0,0.0
LUN_02936,LUNCH,,1,,0.0,1.0,0.0,1.0,1.0
LUN_02937,LUNCH,,0,,1.0,0.0,0.0,0.0,0.0
LUN_02938,LUNCH,,1,,0.0,1.0,0.0,0.0,1.0
LUN_02939,LUNCH,,0,,0.0,1.0,0.0,1.0,0.0
LUN_02940,LUNCH,,0,,1.0,0.0,0.0,0.0,0.0
LUN_02941,LUNCH,,0,,1.0,0.0,0.0,0.0,0.0
LUN_02942,LUNCH,,1,,0.0,1.0,1.0,1.0,0.0
LUN_02943,LUNCH,,0,,0.0,1.0,1.0,0.0,1.0
LUN_02944,LUNCH,,0,,1.0,0.0,0.0,0.0,0.0
LUN_02945,LUNCH,,1,,0.0,1.0,1.0,1.0,0.0
LUN_02946,LUNCH,,0,,1.0,0.0,0.0,0.0,0.0
LUN_02947,LUNCH,,1,,0.0,0.0,1.0,0.0,0.0
LUN_02948,LUNCH,,0,,0.0,1.0,0.0,0.0,1.0
LUN_02949,LUNCH,,1,,0.0,1.0,0.0,1.0,0.0
LUN_02950,LUNCH,,0,,0.0,1.0,0.0,0.0,0.0
LUN_02951,LUNCH,,1,,0.0,1.0,1.0,1.0,0.0
LUN_02952,LUNCH,,0,,0.0,1.0,1.0,1.0,0.0
LUN_02953,LUNCH,,0,,1.0,0.0,0.0,0.0,0.0
LUN_02954,LUNCH,,1,,0.0,1.0,1.0,1.0,0.0
LUN_02955,LUNCH,,0,,0.0,1.0,0.0,1.0,1.0
LUN_02956,LUNCH,,1,,0.0,1.0,1.0,0.0,0.0
LUN_02957,LUNCH,,0,,1.0,0.0,0.0,0.0,0.0
LUN_02958,LUNCH,,0,,1.0,0.0,0.0,0.0,0.0
LUN_02959,LUNCH,,1,,0.0,1.0,1.0,0.0,0.0
LUN_02960,LUNCH,,0,,0.0,1.0,1.0,1.0,0.0
LUN_02961,LUNCH,,0,,1.0,0.0,0.0,0.0,0.0
LUN_02962,LUNCH,,0,,0.0,0.0,0.0,0.0,0.0
LUN_02963,LUNCH,,1,,0.0,1.0,0.0,1.0,0.0
LUN_02964,LUNCH,,0,,0.0,0.0,0.0,1.0,1.0
LUN_02965,LUNCH,,1,,0.0,1.0,0.0,0.0,0.0
LUN_02966,LUNCH,,0,,0.0,0.0,0.0,0.0,0.0
LUN_02967,LUNCH,,0,,1.0,0.0,0.0,0.0,0.0
LUN_02968,LUNCH,,0,,1.0,0.0,0.0,0.0,0.0
LUN_02969,LUNCH,,1,,0.0,1.0,0.0,1.0,0.0
LUN_02970,LUNCH,,0,,0.0,1.0,0.0,0.0,0.0
LUN_02971,LUNCH,,1,,0.0,1.0,0.0,1.0,0.0
LUN_02972,LUNCH,,1,,0.0,0.0,0.0,0.0,1.0
LUN_02973,LUNCH,,0,,0.0,1.0,1.0,1.0,0.0
LUN_02974,LUNCH,,0,,0.0,1.0,0.0,0.0,1.0
LUN_02975,LUNCH,,1,,0.0,1.0,0.0,0.0,0.0
LUN_02976,LUNCH,,1,,0.0,1.0,1.0,0.0,0.0
LUN_02977,LUNCH,,1,,0.0,1.0,1.0,1.0,0.0
LUN_02978,LUNCH,,0,,1.0,0.0,0.0,0.0,0.0
LUN_02979,LUNCH,,1,,0.0,1.0,1.0,0.0,0.0
LUN_02980,LUNCH,,0,,0.0,1.0,1.0,0.0,1.0
LUN_02981,LUNCH,,1,,0.0,1.0,0.0,1.0,0.0
LUN_02982,LUNCH,,1,,0.0,1.0,1.0,0.0,1.0
LUN_02983,LUNCH,,1,,0.0,1.0,0.0,1.0,0.0
LUN_02984,LUNCH,,0,,1.0,0.0,0.0,0.0,0.0
LUN_02985,LUNCH,,0,,0.0,1.0,0.0,0.0,0.0
LUN_02986,LUNCH,,0,,1.0,0.0,0.0,0.0,0.0
LUN_02987,LUNCH,,1,,0.0,1.0,0.0,1.0,0.0
LUN_02988,LUNCH,,1,,0.0,1.0,1.0,0.0,0.0
LUN_02989,LUNCH,,0,,1.0,0.0,0.0,0.0,0.0
LUN_02990,LUNCH,,1,,0.0,1.0,0.0,0.0,1.0
LUN_02991,LUNCH,,1,,0.0,1.0,0.0,1.0,1.0
LUN_02992,LUNCH,,0,,0.0,1.0,1.0,0.0,0.0
LUN_02993,LUNCH,,0,,0.0,0.0,0.0,1.0,1.0
LUN_02994,LUNCH,,1,,0.0,1.0,1.0,0.0,1.0
LUN_02995,LUNCH,,0,,0.0,0.0,0.0,1.0,0.0
LUN_02996,LUNCH,,0,,0.0,1.0,1.0,1.0,0.0
LUN_02997,LUNCH,,1,,0.0,0.0,1.0,0.0,0.0
LUN_02998,LUNCH,,0,,0.0,0.0,0.0,1.0,0.0
LUN_02999,LUNCH,,1,,0.0,1.0,0.0,0.0,0.0
LUN_03000,LUNCH,,0,,0.0,1.0,1.0,0.0,0.0
LUN_03001,LUNCH,,0,,1.0,0.0,0.0,0.0,0.0
LUN_03002,LUNCH,,0,,0.0,1.0,0.0,0.0,0.0
LUN_03003,LUNCH,,1,,0.0,1.0,0.0,0.0,0.0
LUN_03004,LUNCH,,1,,0.0,1.0,1.0,0.0,1.0
LUN_03005,LUNCH,,1,,0.0,1.0,1.0,0.0,1.0
LUN_03006,LUNCH,,0,,0.0,1.0,0.0,0.0,0.0
LUN_03007,LUNCH,,0,,1.0,0.0,0.0,0.0,0.0
LUN_03008,LUNCH,,1,,0.0,1.0,1.0,1.0,1.0
LUN_03009,LUNCH,,1,,0.0,1.0,1.0,1.0,1.0
LUN_03010,LUNCH,,0,,1.0,0.0,0.0,0.0,0.0
LUN_03011,LUNCH,,1,,0.0,1.0,1.0,0.0,1.0
LUN_03012,LUNCH,,1,,0.0,1.0,0.0,0.0,0.0
LUN_03013,LUNCH,,0,,0.0,1.0,1.0,0.0,1.0
LUN_03014,LUNCH,,1,,0.0,1.0,0.0,0.0,0.0
LUN_03015,LUNCH,,0,,1.0,0.0,0.0,0.0,0.0
LUN_03016,LUNCH,,1,,0.0,1.0,0.0,1.0,1.0
LUN_03017,LUNCH,,0,,0.0,1.0,1.0,0.0,0.0
LUN_03018,LUNCH,,1,,0.0,1.0,1.0,0.0,1.0
LUN_03019,LUNCH,,1,,0.0,1.0,0.0,1.0,0.0
LUN_03020,LUNCH,,1,,0.0,1.0,1.0,1.0,0.0
LUN_03021,LUNCH,,0,,0.0,1.0,0.0,0.0,0.0
LUN_03022,LUNCH,,1,,0.0,1.0,0.0,1.0,0.0
LUN_03023,LUNCH,,1,,0.0,1.0,1.0,0.0,0.0
LUN_03024,LUNCH,,1,,0.0,1.0,1.0,0.0,0.0
LUN_03025,LUNCH,,0,,0.0,1.0,1.0,0.0,0.0
LUN_03026,LUNCH,,0,,1.0,0.0,0.0,0.0,0.0
LUN_03027,LUNCH,,1,,0.0,1.0,1.0,1.0,0.0
LUN_03028,LUNCH,,0,,0.0,1.0,0.0,0.0,0.0
LUN_03029,LUNCH,,0,,1.0,0.0,0.0,0.0,0.0
LUN_03030,LUNCH,,1,,0.0,1.0,1.0,1.0,0.0
LUN_03031,LUNCH,,1,,0.0,0.0,1.0,1.0,1.0
LUN_03032,LUNCH,,0,,0.0,0.0,0.0,0.0,0.0
LUN_03033,LUNCH,,0,,0.0,1.0,0.0,1.0,1.0
LUN_03034,LUNCH,,0,,1.0,0.0,0.0,0.0,0.0
LUN_03035,LUNCH,,0,,1.0,0.0,0.0,0.0,0.0
LUN_03036,LUNCH,,0,,0.0,1.0,0.0,0.0,1.0
LUN_03037,LUNCH,,0,,1.0,0.0,0.0,0.0,0.0
LUN_03038,LUNCH,,0,,1.0,0.0,0.0,0.0,0.0
LUN_03039,LUNCH,,0,,0.0,1.0,0.0,0.0,0.0
LUN_03040,LUNCH,,0,,0.0,1.0,1.0,1.0,1.0
LUN_03041,LUNCH,,0,,0.0,0.0,0.0,0.0,1.0
LUN_03042,LUNCH,,1,,0.0,1.0,1.0,0.0,0.0
LUN_03043,LUNCH,,0,,0.0,1.0,0.0,1.0,0.0
LUN_03044,LUNCH,,0,,0.0,1.0,0.0,1.0,1.0
LUN_03045,LUNCH,,0,,0.0,1.0,1.0,1.0,0.0
LUN_03046,LUNCH,,1,,0.0,0.0,1.0,1.0,1.0
LUN_03047,LUNCH,,1,,0.0,1.0,0.0,0.0,0.0
LUN_03048,LUNCH,,1,,0.0,1.0,0.0,1.0,1.0
LUN_03049,LUNCH,,0,,0.0,1.0,1.0,1.0,0.0
LUN_03050,LUNCH,,0,,0.0,1.0,1.0,0.0,0.0
LUN_03051,LUNCH,,0,,1.0,0.0,0.0,0.0,0.0
LUN_03052,LUNCH,,1,,0.0,0.0,1.0,0.0,0.0
LUN_03053,LUNCH,,0,,0.0,0.0,1.0,1.0,0.0
LUN_03054,LUNCH,,1,,0.0,1.0,1.0,1.0,1.0
LUN_03055,LUNCH,,1,,0.0,0.0,1.0,0.0,1.0
LUN_03056,LUNCH,,1,,0.0,0.0,0.0,0.0,0.0
LUN_03057,LUNCH,,1,,0.0,1.0,0.0,0.0,0.0
LUN_03058,LUNCH,,1,,0.0,1.0,1.0,0.0,0.0
LUN_03059,LUNCH,,0,,0.0,1.0,0.0,0.0,1.0
LUN_03060,LUNCH,,0,,0.0,1.0,0.0,0.0,1.0
LUN_03061,LUNCH,,1,,0.0,1.0,1.0,0.0,0.0
LUN_03062,LUNCH,,1,,0.0,1.0,1.0,1.0,1.0
LUN_03063,LUNCH,,1,,0.0,0.0,1.0,1.0,0.0
LUN_03064,LUNCH,,1,,0.0,1.0,0.0,1.0,0.0
LUN_03065,LUNCH,,1,,0.0,1.0,0.0,0.0,1.0
LUN_03066,LUNCH,,0,,0.0,1.0,1.0,0.0,0.0
LUN_03067,LUNCH,,0,,0.0,1.0,1.0,1.0,1.0
LUN_03068,LUNCH,,1,,0.0,1.0,1.0,1.0,0.0
LUN_03069,LUNCH,,1,,0.0,1.0,0.0,1.0,0.0
LUN_03070,LUNCH,,0,,0.0,1.0,1.0,0.0,0.0
LUN_03071,LUNCH,,0,,0.0,1.0,1.0,0.0,1.0
LUN_03072,LUNCH,,1,,0.0,1.0,1.0,0.0,0.0
LUN_03073,LUNCH,,1,,0.0,1.0,0.0,0.0,0.0
LUN_03074,LUNCH,,0,,0.0,1.0,1.0,0.0,0.0
LUN_03075,LUNCH,,1,,0.0,1.0,0.0,0.0,0.0
LUN_03076,LUNCH,,1,,0.0,1.0,0.0,1.0,1.0
LUN_03077,LUNCH,,1,,0.0,1.0,1.0,1.0,0.0
LUN_03078,LUNCH,,0,,1.0,0.0,0.0,0.0,0.0
LUN_03079,LUNCH,,1,,0.0,1.0,1.0,0.0,0.0
LUN_03080,LUNCH,,0,,0.0,1.0,0.0,0.0,0.0
LUN_03081,LUNCH,,1,,0.0,1.0,1.0,0.0,1.0
LUN_03082,LUNCH,,1,,0.0,1.0,0.0,0.0,0.0
LUN_03083,LUNCH,,0,,1.0,0.0,0.0,0.0,0.0
LUN_03084,LUNCH,,0,,0.0,1.0,0.0,0.0,1.0
LUN_03085,LUNCH,,1,,0.0,1.0,1.0,0.0,1.0
LUN_03086,LUNCH,,1,,0.0,1.0,1.0,0.0,0.0
LUN_03087,LUNCH,,0,,1.0,0.0,0.0,0.0,0.0
LUN_03088,LUNCH,,0,,0.0,0.0,0.0,0.0,0.0
LUN_03089,LUNCH,,1,,0.0,0.0,1.0,1.0,0.0
LUN_03090,LUNCH,,0,,1.0,0.0,0.0,0.0,0.0
LUN_03091,LUNCH,,0,,1.0,0.0,0.0,0.0,0.0
LUN_03092,LUNCH,,0,,0.0,1.0,1.0,0.0,0.0
LUN_03093,LUNCH,,1,,0.0,1.0,0.0,0.0,0.0
LUN_03094,LUNCH,,0,,1.0,0.0,0.0,0.0,0.0
LUN_03095,LUNCH,,1,,0.0,1.0,0.0,0.0,1.0
LUN_03096,LUNCH,,0,,0.0,1.0,1.0,0.0,0.0
LUN_03097,LUNCH,,0,,0.0,1.0,0.0,1.0,1.0
LUN_03098,LUNCH,,1,,0.0,1.0,1.0,1.0,0.0
LUN_03099,LUNCH,,0,,1.0,0.0,0.0,0.0,0.0
LUN_03100,LUNCH,,1,,0.0,1.0,0.0,1.0,1.0
LUN_03101,LUNCH,,1,,0.0,0.0,1.0,1.0,1.0
LUN_03102,LUNCH,,1,,0.0,1.0,1.0,1.0,0.0
LUN_03103,LUNCH,,1,,0.0,1.0,1.0,1.0,0.0
LUN_03104,LUNCH,,0,,1.0,0.0,0.0,0.0,0.0
LUN_03105,LUNCH,,0,,0.0,0.0,1.0,1.0,0.0
LUN_03106,LUNCH,,1,,0.0,1.0,1.0,1.0,0.0
LUN_03107,LUNCH,,1,,0.0,1.0,1.0,0.0,1.0
LUN_03108,LUNCH,,0,,0.0,1.0,1.0,1.0,0.0
LUN_03109,LUNCH,,1,,0.0,1.0,1.0,1.0,0.0
LUN_03110,LUNCH,,0,,0.0,1.0,1.0,0.0,0.0
LUN_03111,LUNCH,,0,,0.0,0.0,1.0,0.0,1.0
LUN_03112,LUNCH,,1,,0.0,1.0,0.0,0.0,0.0
LUN_03113,LUNCH,,0,,0.0,1.0,1.0,0.0,0.0
LUN_03114,LUNCH,,1,,0.0,1.0,0.0,0.0,0.0
LUN_03115,LUNCH,,1,,0.0,0.0,0.0,1.0,1.0
LUN_03116,LUNCH,,0,,1.0,0.0,0.0,0.0,0.0
LUN_03117,LUNCH,,0,,0.0,1.0,0.0,0.0,0.0
LUN_03118,LUNCH,,0,,0.0,1.0,0.0,0.0,1.0
LUN_03119,LUNCH,,0,,1.0,0.0,0.0,0.0,0.0
LUN_03120,LUNCH,,0,,1.0,0.0,0.0,0.0,0.0
LUN_03121,LUNCH,,0,,0.0,1.0,0.0,0.0,1.0
LUN_03122,LUNCH,,0,,0.0,1.0,1.0,1.0,0.0
LUN_03123,LUNCH,,0,,0.0,0.0,1.0,0.0,0.0
LUN_03124,LUNCH,,0,,0.0,1.0,0.0,0.0,0.0
LUN_03125,LUNCH,,1,,0.0,1.0,1.0,1.0,0.0
LUN_03126,LUNCH,,1,,0.0,0.0,1.0,1.0,0.0
LUN_03127,LUNCH,,1,,0.0,1.0,0.0,0.0,0.0
LUN_03128,LUNCH,,0,,1.0,0.0,0.0,0.0,0.0
LUN_03129,LUNCH,,0,,0.0,1.0,0.0,1.0,0.0
LUN_03130,LUNCH,,0,,1.0,0.0,0.0,0.0,0.0
LUN_03131,LUNCH,,1,,0.0,1.0,1.0,0.0,1.0
LUN_03132,LUNCH,,1,,0.0,1.0,1.0,0.0,0.0
LUN_03133,LUNCH,,0,,0.0,1.0,1.0,1.0,0.0
LUN_03134,LUNCH,,0,,1.0,0.0,0.0,0.0,0.0
LUN_03135,LUNCH,,0,,0.0,1.0,1.0,1.0,0.0
LUN_03136,LUNCH,,1,,0.0,1.0,1.0,1.0,0.0
LUN_03137,LUNCH,,1,,0.0,1.0,1.0,0.0,0.0
LUN_03138,LUNCH,,0,,0.0,1.0,0.0,0.0,0.0
LUN_03139,LUNCH,,0,,1.0,0.0,0.0,0.0,0.0
LUN_03140,LUNCH,,0,,0.0,1.0,0.0,0.0,1.0
LUN_03141,LUNCH,,1,,0.0,1.0,1.0,1.0,0.0
LUN_03142,LUNCH,,0,,1.0,0.0,0.0,0.0,0.0
LUN_03143,LUNCH,,1,,0.0,1.0,0.0,0.0,0.0
LUN_03144,LUNCH,,1,,0.0,1.0,1.0,0.0,0.0
LUN_03145,LUNCH,,1,,0.0,1.0,0.0,0.0,0.0
LUN_03146,LUNCH,,1,,0.0,1.0,0.0,0.0,1.0
LUN_03147,LUNCH,,1,,0.0,1.0,0.0,0.0,0.0
LUN_03148,LUNCH,,0,,1.0,0.0,0.0,0.0,0.0
LUN_03149,LUNCH,,1,,0.0,1.0,1.0,0.0,0.0
LUN_03150,LUNCH,,0,,0.0,1.0,1.0,0.0,0.0
LUN_03151,LUNCH,,0,,0.0,1.0,1.0,0.0,0.0
LUN_03152,LUNCH,,1,,0.0,1.0,1.0,1.0,1.0
LUN_03153,LUNCH,,0,,0.0,1.0,1.0,0.0,0.0
LUN_03154,LUNCH,,1,,0.0,0.0,1.0,0.0,0.0
LUN_03155,LUNCH,,0,,0.0,0.0,1.0,0.0,0.0
LUN_03156,LUNCH,,0,,0.0,0.0,0.0,0.0,0.0
LUN_03157,LUNCH,,1,,0.0,0.0,0.0,0.0,0.0
LUN_03158,LUNCH,,1,,0.0,1.0,1.0,1.0,0.0
LUN_03159,LUNCH,,0,,0.0,1.0,1.0,1.0,0.0
LUN_03160,LUNCH,,1,,0.0,1.0,1.0,0.0,1.0
LUN_03161,LUNCH,,0,,1.0,0.0,0.0,0.0,0.0
LUN_03162,LUNCH,,0,,0.0,1.0,1.0,1.0,0.0
LUN_03163,LUNCH,,0,,1.0,0.0,0.0,0.0,0.0
LUN_03164,LUNCH,,1,,0.0,0.0,1.0,1.0,1.0
LUN_03165,LUNCH,,0,,0.0,1.0,0.0,1.0,0.0
LUN_03166,LUNCH,,0,,0.0,1.0,0.0,1.0,0.0
LUN_03167,LUNCH,,0,,0.0,1.0,0.0,0.0,0.0
LUN_03168,LUNCH,,0,,1.0,0.0,0.0,0.0,0.0
LUN_03169,LUNCH,,1,,0.0,1.0,0.0,0.0,1.0
LUN_03170,LUNCH,,0,,1.0,0.0,0.0,0.0,0.0
LUN_03171,LUNCH,,1,,0.0,1.0,1.0,0.0,1.0
LUN_03172,LUNCH,,0,,1.0,0.0,0.0,0.0,0.0
LUN_03173,LUNCH,,0,,1.0,0.0,0.0,0.0,0.0
LUN_03174,LUNCH,,1,,0.0,1.0,1.0,1.0,1.0
LUN_03175,LUNCH,,1,,0.0,1.0,0.0,0.0,0.0
LUN_03176,LUNCH,,0,,0.0,0.0,1.0,1.0,0.0
LUN_03177,LUNCH,,1,,0.0,1.0,1.0,0.0,0.0
LUN_03178,LUNCH,,0,,1.0,0.0,0.0,0.0,0.0
LUN_03179,LUNCH,,0,,1.0,0.0,0.0,0.0,0.0
LUN_03180,LUNCH,,0,,0.0,1.0,0.0,1.0,0.0
LUN_03181,LUNCH,,1,,0.0,1.0,0.0,1.0,0.0
LUN_03182,LUNCH,,0,,1.0,0.0,0.0,0.0,0.0
LUN_03183,LUNCH,,1,,0.0,1.0,1.0,0.0,0.0
LUN_03184,LUNCH,,1,,0.0,1.0,1.0,0.0,0.0
LUN_03185,LUNCH,,0,,0.0,1.0,0.0,1.0,0.0
LUN_03186,LUNCH,,0,,0.0,1.0,1.0,0.0,1.0
LUN_03187,LUNCH,,0,,0.0,1.0,1.0,0.0,0.0
LUN_03188,LUNCH,,0,,0.0,1.0,1.0,1.0,0.0
LUN_03189,LUNCH,,0,,1.0,0.0,0.0,0.0,0.0
LUN_03190,LUNCH,,0,,0.0,1.0,0.0,1.0,1.0
LUN_03191,LUNCH,,1,,0.0,1.0,1.0,1.0,0.0
LUN_03192,LUNCH,,1,,0.0,1.0,1.0,0.0,0.0
LUN_03193,LUNCH,,0,,0.0,1.0,1.0,0.0,1.0
LUN_03194,LUNCH,,1,,0.0,1.0,0.0,1.0,1.0
LUN_03195,LUNCH,,1,,0.0,1.0,1.0,1.0,1.0
LUN_03196,LUNCH,,0,,1.0,0.0,0.0,0.0,0.0
LUN_03197,LUNCH,,0,,1.0,0.0,0.0,0.0,0.0
LUN_03198,LUNCH,,0,,1.0,0.0,0.0,0.0,0.0
LUN_03199,LUNCH,,1,,0.0,1.0,1.0,1.0,0.0
LUN_03200,LUNCH,,0,,0.0,1.0,0.0,0.0,0.0
LUN_03201,LUNCH,,0,,0.0,1.0,0.0,0.0,0.0
LUN_03202,LUNCH,,0,,0.0,1.0,1.0,1.0,0.0
LUN_03203,LUNCH,,1,,0.0,0.0,0.0,1.0,0.0
LUN_03204,LUNCH,,0,,1.0,0.0,0.0,0.0,0.0
LUN_03205,LUNCH,,1,,0.0,1.0,0.0,0.0,0.0
LUN_03206,LUNCH,,1,,0.0,1.0,1.0,0.0,0.0
LUN_03207,LUNCH,,1,,0.0,1.0,0.0,0.0,0.0
LUN_03208,LUNCH,,1,,0.0,1.0,1.0,1.0,0.0
LUN_03209,LUNCH,,0,,1.0,0.0,0.0,0.0,0.0
LUN_03210,LUNCH,,0,,1.0,0.0,0.0,0.0,0.0
LUN_03211,LUNCH,,0,,0.0,1.0,1.0,1.0,0.0
LUN_03212,LUNCH,,0,,1.0,0.0,0.0,0.0,0.0
LUN_03213,LUNCH,,1,,0.0,1.0,1.0,0.0,1.0
LUN_03214,LUNCH,,1,,0.0,1.0,1.0,1.0,0.0
LUN_03215,LUNCH,,1,,0.0,0.0,1.0,1.0,0.0
LUN_03216,LUNCH,,0,,0.0,1.0,0.0,0.0,0.0
LUN_03217,LUNCH,,0,,1.0,0.0,0.0,0.0,0.0
LUN_03218,LUNCH,,1,,0.0,1.0,0.0,1.0,1.0
LUN_03219,LUNCH,,0,,0.0,1.0,1.0,1.0,0.0
LUN_03220,LUNCH,,1,,0.0,1.0,0.0,0.0,1.0
LUN_03221,LUNCH,,1,,0.0,1.0,1.0,0.0,0.0
LUN_03222,LUNCH,,0,,0.0,0.0,1.0,0.0,1.0
LUN_03223,LUNCH,,1,,0.0,1.0,0.0,1.0,0.0
LUN_03224,LUNCH,,0,,0.0,1.0,1.0,0.0,0.0
LUN_03225,LUNCH,,1,,0.0,0.0,0.0,0.0,0.0
LUN_03226,LUNCH,,0,,0.0,1.0,1.0,1.0,0.0
LUN_03227,LUNCH,,1,,0.0,1.0,1.0,1.0,1.0
LUN_03228,LUNCH,,0,,1.0,0.0,0.0,0.0,0.0
LUN_03229,LUNCH,,1,,0.0,1.0,1.0,1.0,1.0
LUN_03230,LUNCH,,0,,0.0,0.0,0.0,0.0,1.0
LUN_03231,LUNCH,,1,,0.0,1.0,1.0,0.0,1.0
LUN_03232,LUNCH,,0,,1.0,0.0,0.0,0.0,0.0
LUN_03233,LUNCH,,0,,1.0,0.0,0.0,0.0,0.0
LUN_03234,LUNCH,,0,,1.0,0.0,0.0,0.0,0.0
LUN_03235,LUNCH,,0,,0.0,0.0,0.0,0.0,0.0
LUN_03236,LUNCH,,0,,1.0,0.0,0.0,0.0,0.0
LUN_03237,LUNCH,,1,,0.0,1.0,1.0,1.0,0.0
LUN_03238,LUNCH,,1,,0.0,0.0,1.0,1.0,0.0
LUN_03239,LUNCH,,1,,0.0,1.0,0.0,1.0,1.0
LUN_03240,LUNCH,,1,,0.0,1.0,0.0,0.0,0.0
LUN_03241,LUNCH,,1,,0.0,1.0,1.0,1.0,0.0
LUN_03242,LUNCH,,0,,1.0,0.0,0.0,0.0,0.0
LUN_03243,LUNCH,,0,,1.0,0.0,0.0,0.0,0.0
LUN_03244,LUNCH,,0,,0.0,1.0,1.0,0.0,0.0
LUN_03245,LUNCH,,1,,0.0,1.0,1.0,0.0,0.0
LUN_03246,LUNCH,,0,,0.0,1.0,1.0,1.0,0.0
LUN_03247,LUNCH,,1,,0.0,1.0,0.0,0.0,0.0
LUN_03248,LUNCH,,0,,0.0,1.0,1.0,1.0,0.0
LUN_03249,LUNCH,,0,,1.0,0.0,0.0,0.0,0.0
LUN_03250,LUNCH,,1,,0.0,1.0,0.0,1.0,0.0
LUN_03251,LUNCH,,0,,1.0,0.0,0.0,0.0,0.0
LUN_03252,LUNCH,,0,,0.0,1.0,0.0,0.0,0.0
LUN_03253,LUNCH,,1,,0.0,1.0,0.0,0.0,0.0
LUN_03254,LUNCH,,0,,0.0,1.0,0.0,1.0,0.0
LUN_03255,LUNCH,,1,,0.0,1.0,1.0,1.0,1.0
LUN_03256,LUNCH,,1,,0.0,0.0,0.0,0.0,0.0
LUN_03257,LUNCH,,1,,0.0,1.0,0.0,0.0,0.0
LUN_03258,LUNCH,,1,,0.0,1.0,1.0,1.0,0.0
LUN_03259,LUNCH,,1,,0.0,1.0,0.0,0.0,0.0
LUN_03260,LUNCH,,0,,0.0,1.0,0.0,0.0,0.0
LUN_03261,LUNCH,,1,,0.0,1.0,0.0,1.0,0.0
LUN_03262,LUNCH,,0,,0.0,1.0,1.0,0.0,1.0
LUN_03263,LUNCH,,0,,1.0,0.0,0.0,0.0,0.0
LUN_03264,LUNCH,,0,,0.0,1.0,1.0,0.0,0.0
LUN_03265,LUNCH,,1,,0.0,1.0,0.0,0.0,0.0
LUN_03266,LUNCH,,1,,0.0,1.0,0.0,0.0,0.0
LUN_03267,LUNCH,,0,,1.0,0.0,0.0,0.0,0.0
LUN_03268,LUNCH,,0,,1.0,0.0,0.0,0.0,0.0
LUN_03269,LUNCH,,1,,0.0,1.0,0.0,0.0,0.0
LUN_03270,LUNCH,,0,,1.0,0.0,0.0,0.0,0.0
LUN_03271,LUNCH,,0,,0.0,1.0,1.0,0.0,1.0
LUN_03272,LUNCH,,1,,0.0,1.0,1.0,0.0,0.0
LUN_03273,LUNCH,,0,,0.0,1.0,1.0,1.0,0.0
LUN_03274,LUNCH,,0,,1.0,0.0,0.0,0.0,0.0
LUN_03275,LUNCH,,0,,0.0,1.0,0.0,0.0,0.0
LUN_03276,LUNCH,,0,,1.0,0.0,0.0,0.0,0.0
LUN_03277,LUNCH,,0,,0.0,1.0,1.0,1.0,1.0
LUN_03278,LUNCH,,1,,0.0,1.0,1.0,1.0,0.0
LUN_03279,LUNCH,,0,,0.0,0.0,0.0,0.0,0.0
LUN_03280,LUNCH,,1,,0.0,1.0,1.0,0.0,1.0
LUN_03281,LUNCH,,1,,0.0,1.0,0.0,0.0,0.0
LUN_03282,LUNCH,,1,,0.0,1.0,0.0,0.0,0.0
LUN_03283,LUNCH,,0,,0.0,1.0,1.0,0.0,0.0
LUN_03284,LUNCH,,0,,1.0,0.0,0.0,0.0,0.0
LUN_03285,LUNCH,,0,,0.0,1.0,1.0,0.0,0.0
LUN_03286,LUNCH,,0,,0.0,1.0,0.0,0.0,1.0
LUN_03287,LUNCH,,0,,0.0,0.0,0.0,0.0,0.0
LUN_03288,LUNCH,,1,,0.0,1.0,0.0,0.0,1.0
LUN_03289,LUNCH,,1,,0.0,1.0,1.0,1.0,1.0
LUN_03290,LUNCH,,0,,0.0,0.0,1.0,1.0,0.0
LUN_03291,LUNCH,,0,,0.0,1.0,0.0,0.0,1.0
LUN_03292,LUNCH,,0,,1.0,0.0,0.0,0.0,0.0
LUN_03293,LUNCH,,0,,0.0,1.0,0.0,1.0,0.0
LUN_03294,LUNCH,,0,,0.0,1.0,0.0,0.0,0.0
LUN_03295,LUNCH,,1,,0.0,1.0,0.0,0.0,1.0
LUN_03296,LUNCH,,0,,1.0,0.0,0.0,0.0,0.0
LUN_03297,LUNCH,,0,,0.0,1.0,0.0,0.0,1.0
LUN_03298,LUNCH,,0,,1.0,0.0,0.0,0.0,0.0
LUN_03299,LUNCH,,1,,0.0,1.0,1.0,1.0,0.0
LUN_03300,LUNCH,,1,,0.0,1.0,0.0,0.0,0.0
LUN_03301,LUNCH,,0,,1.0,0.0,0.0,0.0,0.0
LUN_03302,LUNCH,,0,,1.0,0.0,0.0,0.0,0.0
LUN_03303,LUNCH,,0,,1.0,0.0,0.0,0.0,0.0
LUN_03304,LUNCH,,1,,0.0,0.0,1.0,0.0,1.0
LUN_03305,LUNCH,,0,,1.0,0.0,0.0,0.0,0.0
LUN_03306,LUNCH,,0,,0.0,1.0,1.0,1.0,0.0
LUN_03307,LUNCH,,0,,1.0,0.0,0.0,0.0,0.0
LUN_03308,LUNCH,,0,,0.0,1.0,0.0,1.0,0.0
LUN_03309,LUNCH,,1,,0.0,0.0,0.0,0.0,1.0
LUN_03310,LUNCH,,1,,0.0,1.0,1.0,0.0,0.0
LUN_03311,LUNCH,,1,,0.0,1.0,1.0,0.0,0.0
LUN_03312,LUNCH,,1,,0.0,1.0,1.0,0.0,0.0
LUN_03313,LUNCH,,1,,0.0,1.0,1.0,0.0,1.0
LUN_03314,LUNCH,,1,,0.0,1.0,0.0,0.0,1.0
LUN_03315,LUNCH,,0,,0.0,1.0,0.0,1.0,0.0
LUN_03316,LUNCH,,0,,1.0,0.0,0.0,0.0,0.0
LUN_03317,LUNCH,,0,,1.0,0.0,0.0,0.0,0.0
LUN_03318,LUNCH,,0,,0.0,1.0,1.0,0.0,1.0
LUN_03319,LUNCH,,1,,0.0,0.0,1.0,1.0,0.0
LUN_03320,LUNCH,,0,,0.0,1.0,1.0,1.0,1.0
LUN_03321,LUNCH,,0,,0.0,1.0,1.0,0.0,0.0
LUN_03322,LUNCH,,1,,0.0,1.0,0.0,0.0,1.0
LUN_03323,LUNCH,,0,,0.0,1.0,1.0,0.0,1.0
LUN_03324,LUNCH,,1,,0.0,1.0,1.0,1.0,0.0
LUN_03325,LUNCH,,1,,0.0,1.0,1.0,1.0,0.0
LUN_03326,LUNCH,,1,,0.0,1.0,1.0,0.0,0.0
LUN_03327,LUNCH,,0,,0.0,1.0,0.0,0.0,0.0
LUN_03328,LUNCH,,0,,0.0,1.0,0.0,0.0,0.0
LUN_03329,LUNCH,,1,,0.0,1.0,0.0,0.0,1.0
LUN_03330,LUNCH,,1,,0.0,1.0,0.0,1.0,0.0
LUN_03331,LUNCH,,0,,0.0,1.0,0.0,0.0,0.0
LUN_03332,LUNCH,,0,,0.0,1.0,1.0,1.0,1.0
LUN_03333,LUNCH,,0,,0.0,0.0,1.0,0.0,0.0
LUN_03334,LUNCH,,1,,0.0,1.0,0.0,1.0,0.0
LUN_03335,LUNCH,,0,,0.0,1.0,0.0,0.0,0.0
LUN_03336,LUNCH,,1,,0.0,1.0,1.0,1.0,1.0
LUN_03337,LUNCH,,0,,0.0,1.0,1.0,0.0,1.0
LUN_03338,LUNCH,,1,,0.0,1.0,1.0,0.0,0.0
LUN_03339,LUNCH,,0,,1.0,0.0,0.0,0.0,0.0
LUN_03340,LUNCH,,0,,0.0,1.0,0.0,0.0,0.0
LUN_03341,LUNCH,,1,,0.0,1.0,1.0,0.0,0.0
LUN_03342,LUNCH,,1,,0.0,1.0,0.0,1.0,0.0
LUN_03343,LUNCH,,1,,0.0,1.0,1.0,1.0,0.0
LUN_03344,LUNCH,,0,,0.0,1.0,1.0,1.0,0.0
LUN_03345,LUNCH,,0,,0.0,1.0,0.0,1.0,0.0
LUN_03346,LUNCH,,0,,0.0,1.0,0.0,0.0,1.0
LUN_03347,LUNCH,,0,,1.0,0.0,0.0,0.0,0.0
LUN_03348,LUNCH,,0,,1.0,0.0,0.0,0.0,0.0
LUN_03349,LUNCH,,0,,1.0,0.0,0.0,0.0,0.0
LUN_03350,LUNCH,,0,,0.0,1.0,1.0,0.0,0.0
LUN_03351,LUNCH,,0,,0.0,1.0,0.0,1.0,0.0
LUN_03352,LUNCH,,1,,0.0,0.0,0.0,0.0,1.0
LUN_03353,LUNCH,,0,,1.0,0.0,0.0,0.0,0.0
LUN_03354,LUNCH,,0,,0.0,0.0,1.0,0.0,0.0
LUN_03355,LUNCH,,0,,0.0,1.0,1.0,1.0,1.0
LUN_03356,LUNCH,,0,,0.0,1.0,1.0,0.0,0.0
LUN_03357,LUNCH,,1,,0.0,1.0,1.0,0.0,0.0
LUN_03358,LUNCH,,1,,0.0,1.0,1.0,0.0,0.0
LUN_03359,LUNCH,,1,,0.0,1.0,1.0,0.0,0.0
LUN_03360,LUNCH,,1,,0.0,1.0,1.0,1.0,0.0
LUN_03361,LUNCH,,0,,0.0,1.0,1.0,0.0,1.0
LUN_03362,LUNCH,,0,,1.0,0.0,0.0,0.0,0.0
LUN_03363,LUNCH,,0,,0.0,1.0,1.0,1.0,1.0
LUN_03364,LUNCH,,1,,0.0,0.0,0.0,0.0,1.0
LUN_03365,LUNCH,,1,,0.0,1.0,0.0,0.0,0.0
LUN_03366,LUNCH,,0,,0.0,0.0,1.0,0.0,0.0
LUN_03367,LUNCH,,0,,0.0,0.0,1.0,0.0,0.0
LUN_03368,LUNCH,,1,,0.0,1.0,1.0,0.0,0.0
LUN_03369,LUNCH,,0,,1.0,0.0,0.0,0.0,0.0
LUN_03370,LUNCH,,0,,1.0,0.0,0.0,0.0,0.0
LUN_03371,LUNCH,,1,,0.0,1.0,1.0,1.0,1.0
LUN_03372,LUNCH,,0,,0.0,1.0,0.0,0.0,0.0
LUN_03373,LUNCH,,1,,0.0,1.0,0.0,0.0,0.0
LUN_03374,LUNCH,,1,,0.0,1.0,1.0,0.0,0.0
LUN_03375,LUNCH,,0,,1.0,0.0,0.0,0.0,0.0
LUN_03376,LUNCH,,1,,0.0,1.0,1.0,1.0,0.0
LUN_03377,LUNCH,,1,,0.0,1.0,0.0,0.0,0.0
LUN_03378,LUNCH,,1,,0.0,1.0,0.0,1.0,0.0
LUN_03379,LUNCH,,0,,0.0,1.0,1.0,1.0,1.0
LUN_03380,LUNCH,,0,,0.0,1.0,1.0,0.0,0.0
LUN_03381,LUNCH,,0,,0.0,1.0,0.0,0.0,0.0
LUN_03382,LUNCH,,1,,0.0,1.0,1.0,1.0,1.0
LUN_03383,LUNCH,,1,,0.0,1.0,1.0,0.0,0.0
LUN_03384,LUNCH,,0,,1.0,0.0,0.0,0.0,0.0
LUN_03385,LUNCH,,1,,0.0,1.0,0.0,1.0,0.0
LUN_03386,LUNCH,,1,,0.0,1.0,0.0,1.0,1.0
LUN_03387,LUNCH,,1,,0.0,1.0,1.0,1.0,1.0
LUN_03388,LUNCH,,1,,0.0,1.0,1.0,0.0,0.0
LUN_03389,LUNCH,,1,,0.0,0.0,0.0,0.0,1.0
LUN_03390,LUNCH,,0,,1.0,0.0,0.0,0.0,0.0
LUN_03391,LUNCH,,1,,0.0,1.0,0.0,1.0,1.0
LUN_03392,LUNCH,,1,,0.0,1.0,1.0,1.0,0.0
LUN_03393,LUNCH,,1,,0.0,1.0,1.0,1.0,1.0
LUN_03394,LUNCH,,0,,0.0,1.0,0.0,0.0,0.0
LUN_03395,LUNCH,,1,,0.0,1.0,1.0,0.0,0.0
LUN_03396,LUNCH,,1,,0.0,1.0,1.0,0.0,1.0
LUN_03397,LUNCH,,0,,1.0,0.0,0.0,0.0,0.0
LUN_03398,LUNCH,,0,,1.0,0.0,0.0,0.0,0.0
LUN_03399,LUNCH,,0,,0.0,1.0,0.0,1.0,0.0
LUN_03400,LUNCH,,0,,0.0,0.0,0.0,1.0,0.0
LUN_03401,LUNCH,,1,,0.0,1.0,1.0,1.0,1.0
LUN_03402,LUNCH,,1,,0.0,1.0,1.0,0.0,0.0
LUN_03403,LUNCH,,0,,0.0,1.0,0.0,0.0,0.0
LUN_03404,LUNCH,,0,,0.0,0.0,1.0,0.0,1.0
LUN_03405,LUNCH,,1,,0.0,1.0,0.0,1.0,1.0
LUN_03406,LUNCH,,0,,1.0,0.0,0.0,0.0,0.0
LUN_03407,LUNCH,,0,,0.0,1.0,0.0,0.0,0.0
LUN_03408,LUNCH,,1,,0.0,1.0,0.0,1.0,0.0
LUN_03409,LUNCH,,0,,1.0,0.0,0.0,0.0,0.0
LUN_03410,LUNCH,,0,,0.0,1.0,1.0,0.0,0.0
LUN_03411,LUNCH,,0,,1.0,0.0,0.0,0.0,0.0
LUN_03412,LUNCH,,0,,0.0,1.0,1.0,1.0,0.0
LUN_03413,LUNCH,,1,,0.0,1.0,0.0,1.0,1.0
LUN_03414,LUNCH,,1,,0.0,0.0,1.0,1.0,0.0
LUN_03415,LUNCH,,0,,0.0,0.0,0.0,0.0,0.0
LUN_03416,LUNCH,,1,,0.0,1.0,1.0,0.0,0.0
LUN_03417,LUNCH,,1,,0.0,1.0,1.0,0.0,0.0
LUN_03418,LUNCH,,1,,0.0,1.0,1.0,0.0,0.0
LUN_03419,LUNCH,,1,,0.0,0.0,0.0,1.0,1.0
LUN_03420,LUNCH,,1,,0.0,1.0,1.0,0.0,0.0
LUN_03421,LUNCH,,0,,1.0,0.0,0.0,0.0,0.0
LUN_03422,LUNCH,,1,,0.0,1.0,1.0,0.0,0.0
LUN_03423,LUNCH,,1,,0.0,1.0,0.0,1.0,0.0
LUN_03424,LUNCH,,1,,0.0,1.0,0.0,0.0,0.0
LUN_03425,LUNCH,,1,,0.0,1.0,1.0,1.0,0.0
LUN_03426,LUNCH,,1,,0.0,1.0,1.0,0.0,0.0
LUN_03427,LUNCH,,1,,0.0,1.0,1.0,1.0,0.0
LUN_03428,LUNCH,,0,,1.0,0.0,0.0,0.0,0.0
LUN_03429,LUNCH,,0,,0.0,1.0,1.0,1.0,0.0
LUN_03430,LUNCH,,1,,0.0,1.0,1.0,1.0,1.0
LUN_03431,LUNCH,,1,,0.0,1.0,0.0,0.0,0.0
LUN_03432,LUNCH,,0,,1.0,0.0,0.0,0.0,0.0
LUN_03433,LUNCH,,0,,0.0,1.0,1.0,0.0,0.0
LUN_03434,LUNCH,,0,,0.0,1.0,0.0,1.0,1.0
LUN_03435,LUNCH,,1,,0.0,0.0,0.0,0.0,0.0
LUN_03436,LUNCH,,1,,0.0,1.0,1.0,1.0,1.0
LUN_03437,LUNCH,,0,,0.0,1.0,1.0,1.0,0.0
LUN_03438,LUNCH,,1,,0.0,1.0,1.0,1.0,0.0
LUN_03439,LUNCH,,1,,0.0,1.0,0.0,0.0,1.0
LUN_03440,LUNCH,,0,,1.0,0.0,0.0,0.0,0.0
LUN_03441,LUNCH,,0,,0.0,1.0,1.0,1.0,0.0
LUN_03442,LUNCH,,0,,0.0,1.0,1.0,1.0,1.0
LUN_03443,LUNCH,,1,,0.0,1.0,1.0,1.0,0.0
LUN_03444,LUNCH,,1,,0.0,1.0,1.0,0.0,0.0
LUN_03445,LUNCH,,1,,0.0,0.0,0.0,1.0,1.0
LUN_03446,LUNCH,,0,,0.0,0.0,0.0,0.0,1.0
LUN_03447,LUNCH,,1,,0.0,1.0,0.0,0.0,1.0
LUN_03448,LUNCH,,0,,0.0,1.0,1.0,0.0,1.0
LUN_03449,LUNCH,,1,,0.0,1.0,1.0,0.0,1.0
LUN_03450,LUNCH,,1,,0.0,1.0,1.0,0.0,1.0
LUN_03451,LUNCH,,1,,0.0,1.0,1.0,0.0,0.0
LUN_03452,LUNCH,,0,,1.0,0.0,0.0,0.0,0.0
LUN_03453,LUNCH,,0,,1.0,0.0,0.0,0.0,0.0
LUN_03454,LUNCH,,1,,0.0,1.0,1.0,0.0,1.0
LUN_03455,LUNCH,,0,,0.0,1.0,1.0,1.0,1.0
LUN_03456,LUNCH,,1,,0.0,1.0,1.0,0.0,0.0
LUN_03457,LUNCH,,1,,0.0,1.0,1.0,1.0,1.0
LUN_03458,LUNCH,,0,,1.0,0.0,0.0,0.0,0.0
LUN_03459,LUNCH,,0,,0.0,0.0,0.0,1.0,0.0
LUN_03460,LUNCH,,0,,1.0,0.0,0.0,0.0,0.0
LUN_03461,LUNCH,,0,,0.0,1.0,1.0,0.0,0.0
LUN_03462,LUNCH,,1,,0.0,1.0,0.0,1.0,0.0
LUN_03463,LUNCH,,1,,0.0,1.0,1.0,1.0,1.0
LUN_03464,LUNCH,,0,,0.0,1.0,0.0,1.0,0.0
LUN_03465,LUNCH,,0,,1.0,0.0,0.0,0.0,0.0
LUN_03466,LUNCH,,0,,1.0,0.0,0.0,0.0,0.0
LUN_03467,LUNCH,,1,,0.0,1.0,0.0,0.0,0.0
LUN_03468,LUNCH,,0,,0.0,1.0,0.0,0.0,0.0
LUN_03469,LUNCH,,1,,0.0,1.0,0.0,1.0,0.0
LUN_03470,LUNCH,,0,,0.0,1.0,0.0,1.0,1.0
LUN_03471,LUNCH,,1,,0.0,1.0,0.0,0.0,1.0
LUN_03472,LUNCH,,1,,0.0,1.0,0.0,1.0,0.0
LUN_03473,LUNCH,,0,,1.0,0.0,0.0,0.0,0.0
LUN_03474,LUNCH,,0,,0.0,1.0,0.0,0.0,1.0
LUN_03475,LUNCH,,1,,0.0,1.0,1.0,0.0,0.0
LUN_03476,LUNCH,,1,,0.0,1.0,0.0,1.0,0.0
LUN_03477,LUNCH,,0,,0.0,1.0,0.0,0.0,1.0
LUN_03478,LUNCH,,0,,0.0,1.0,1.0,0.0,0.0
LUN_03479,LUNCH,,1,,0.0,1.0,1.0,1.0,1.0
LUN_03480,LUNCH,,0,,1.0,0.0,0.0,0.0,0.0
LUN_03481,LUNCH,,0,,0.0,1.0,0.0,0.0,0.0
LUN_03482,LUNCH,,0,,1.0,0.0,0.0,0.0,0.0
LUN_03483,LUNCH,,1,,0.0,0.0,0.0,0.0,1.0
LUN_03484,LUNCH,,1,,0.0,1.0,1.0,0.0,0.0
LUN_03485,LUNCH,,0,,0.0,0.0,0.0,1.0,1.0
LUN_03486,LUNCH,,1,,0.0,1.0,1.0,1.0,0.0
LUN_03487,LUNCH,,1,,0.0,1.0,1.0,1.0,1.0
LUN_03488,LUNCH,,0,,0.0,1.0,0.0,0.0,0.0
LUN_03489,LUNCH,,0,,1.0,0.0,0.0,0.0,0.0
LUN_03490,LUNCH,,0,,1.0,0.0,0.0,0.0,0.0
LUN_03491,LUNCH,,1,,0.0,1.0,1.0,1.0,1.0
LUN_03492,LUNCH,,0,,0.0,1.0,0.0,0.0,1.0
LUN_03493,LUNCH,,1,,0.0,1.0,1.0,1.0,1.0
LUN_03494,LUNCH,,0,,0.0,1.0,0.0,0.0,0.0
LUN_03495,LUNCH,,0,,0.0,0.0,0.0,1.0,0.0
LUN_03496,LUNCH,,0,,0.0,1.0,1.0,1.0,1.0
LUN_03497,LUNCH,,1,,0.0,1.0,0.0,0.0,0.0
LUN_03498,LUNCH,,1,,0.0,1.0,1.0,1.0,1.0
LUN_03499,LUNCH,,0,,1.0,0.0,0.0,0.0,0.0
LUN_03500,LUNCH,,1,,0.0,1.0,1.0,1.0,0.0
LUN_03501,LUNCH,,1,,0.0,0.0,0.0,0.0,0.0
LUN_03502,LUNCH,,0,,0.0,1.0,1.0,1.0,0.0
LUN_03503,LUNCH,,0,,1.0,0.0,0.0,0.0,0.0
LUN_03504,LUNCH,,1,,0.0,1.0,1.0,0.0,0.0
LUN_03505,LUNCH,,0,,0.0,1.0,1.0,1.0,0.0
LUN_03506,LUNCH,,0,,0.0,1.0,1.0,0.0,1.0
LUN_03507,LUNCH,,1,,0.0,1.0,0.0,0.0,0.0
LUN_03508,LUNCH,,0,,1.0,0.0,0.0,0.0,0.0
LUN_03509,LUNCH,,0,,0.0,1.0,1.0,1.0,0.0
LUN_03510,LUNCH,,1,,0.0,1.0,0.0,0.0,0.0
LUN_03511,LUNCH,,0,,0.0,1.0,1.0,0.0,1.0
LUN_03512,LUNCH,,0,,1.0,0.0,0.0,0.0,0.0
LUN_03513,LUNCH,,0,,0.0,0.0,0.0,0.0,1.0
LUN_03514,LUNCH,,0,,0.0,0.0,0.0,1.0,0.0
LUN_03515,LUNCH,,0,,0.0,1.0,1.0,1.0,0.0
LUN_03516,LUNCH,,1,,0.0,1.0,1.0,0.0,1.0
LUN_03517,LUNCH,,0,,1.0,0.0,0.0,0.0,0.0
LUN_03518,LUNCH,,0,,0.0,1.0,0.0,0.0,0.0
LUN_03519,LUNCH,,1,,0.0,1.0,1.0,0.0,0.0
LUN_03520,LUNCH,,1,,0.0,1.0,1.0,1.0,0.0
LUN_03521,LUNCH,,0,,0.0,0.0,0.0,0.0,0.0
LUN_03522,LUNCH,,1,,0.0,1.0,0.0,1.0,0.0
LUN_03523,LUNCH,,0,,0.0,0.0,0.0,1.0,0.0
LUN_03524,LUNCH,,0,,0.0,1.0,0.0,0.0,0.0
LUN_03525,LUNCH,,0,,0.0,1.0,1.0,1.0,0.0
LUN_03526,LUNCH,,1,,0.0,1.0,0.0,0.0,0.0
LUN_03527,LUNCH,,0,,0.0,0.0,1.0,1.0,0.0
LUN_03528,LUNCH,,0,,0.0,1.0,1.0,0.0,0.0
LUN_03529,LUNCH,,0,,1.0,0.0,0.0,0.0,0.0
LUN_03530,LUNCH,,1,,0.0,1.0,1.0,0.0,1.0
LUN_03531,LUNCH,,0,,0.0,1.0,1.0,1.0,0.0
LUN_03532,LUNCH,,0,,0.0,1.0,1.0,1.0,1.0
LUN_03533,LUNCH,,0,,0.0,1.0,0.0,0.0,0.0
LUN_03534,LUNCH,,0,,1.0,0.0,0.0,0.0,0.0
LUN_03535,LUNCH,,1,,0.0,1.0,0.0,0.0,0.0
LUN_03536,LUNCH,,1,,0.0,1.0,0.0,0.0,1.0
LUN_03537,LUNCH,,1,,0.0,1.0,1.0,0.0,1.0
LUN_03538,LUNCH,,0,,1.0,0.0,0.0,0.0,0.0
LUN_03539,LUNCH,,1,,0.0,1.0,1.0,1.0,0.0
LUN_03540,LUNCH,,0,,0.0,1.0,1.0,0.0,1.0
LUN_03541,LUNCH,,1,,0.0,1.0,0.0,0.0,0.0
LUN_03542,LUNCH,,0,,0.0,1.0,1.0,1.0,0.0
LUN_03543,LUNCH,,0,,1.0,0.0,0.0,0.0,0.0
LUN_03544,LUNCH,,0,,0.0,1.0,1.0,1.0,0.0
LUN_03545,LUNCH,,0,,0.0,1.0,0.0,0.0,0.0
LUN_03546,LUNCH,,1,,0.0,0.0,1.0,0.0,0.0
LUN_03547,LUNCH,,1,,0.0,1.0,0.0,0.0,0.0
LUN_03548,LUNCH,,0,,1.0,0.0,0.0,0.0,0.0
LUN_03549,LUNCH,,0,,0.0,1.0,1.0,1.0,1.0
LUN_03550,LUNCH,,0,,1.0,0.0,0.0,0.0,0.0
LUN_03551,LUNCH,,0,,1.0,0.0,0.0,0.0,0.0
LUN_03552,LUNCH,,1,,0.0,1.0,1.0,1.0,0.0
LUN_03553,LUNCH,,0,,0.0,1.0,0.0,0.0,0.0
LUN_03554,LUNCH,,0,,0.0,1.0,1.0,1.0,1.0
LUN_03555,LUNCH,,1,,0.0,1.0,0.0,1.0,0.0
LUN_03556,LUNCH,,1,,0.0,1.0,1.0,0.0,0.0
LUN_03557,LUNCH,,1,,0.0,0.0,1.0,1.0,1.0
LUN_03558,LUNCH,,1,,0.0,1.0,0.0,1.0,0.0
LUN_03559,LUNCH,,1,,0.0,1.0,0.0,0.0,0.0
LUN_03560,LUNCH,,1,,0.0,1.0,1.0,0.0,1.0
LUN_03561,LUNCH,,1,,0.0,1.0,0.0,1.0,1.0
LUN_03562,LUNCH,,1,,0.0,1.0,0.0,0.0,0.0
LUN_03563,LUNCH,,0,,0.0,0.0,0.0,0.0,0.0
LUN_03564,LUNCH,,0,,0.0,1.0,1.0,1.0,0.0
LUN_03565,LUNCH,,0,,0.0,0.0,0.0,0.0,1.0
LUN_03566,LUNCH,,0,,0.0,1.0,0.0,0.0,0.0
LUN_03567,LUNCH,,1,,0.0,0.0,1.0,0.0,0.0
LUN_03568,LUNCH,,0,,1.0,0.0,0.0,0.0,0.0
LUN_03569,LUNCH,,1,,0.0,1.0,1.0,0.0,0.0
LUN_03570,LUNCH,,1,,0.0,1.0,0.0,1.0,0.0
LUN_03571,LUNCH,,0,,1.0,0.0,0.0,0.0,0.0
LUN_03572,LUNCH,,1,,0.0,1.0,0.0,1.0,1.0
LUN_03573,LUNCH,,0,,0.0,1.0,0.0,0.0,0.0
LUN_03574,LUNCH,,0,,0.0,1.0,1.0,0.0,0.0
LUN_03575,LUNCH,,0,,0.0,0.0,0.0,0.0,0.0
LUN_03576,LUNCH,,1,,0.0,1.0,1.0,1.0,1.0
LUN_03577,LUNCH,,1,,0.0,1.0,0.0,0.0,1.0
LUN_03578,LUNCH,,1,,0.0,1.0,0.0,0.0,0.0
LUN_03579,LUNCH,,0,,1.0,0.0,0.0,0.0,0.0
LUN_03580,LUNCH,,0,,0.0,1.0,0.0,1.0,0.0
LUN_03581,LUNCH,,1,,0.0,1.0,1.0,1.0,0.0
LUN_03582,LUNCH,,1,,0.0,1.0,1.0,0.0,1.0
LUN_03583,LUNCH,,1,,0.0,1.0,1.0,0.0,1.0
LUN_03584,LUNCH,,0,,1.0,0.0,0.0,0.0,0.0
LUN_03585,LUNCH,,1,,0.0,1.0,0.0,0.0,0.0
LUN_03586,LUNCH,,0,,0.0,1.0,1.0,0.0,0.0
LUN_03587,LUNCH,,1,,0.0,1.0,1.0,1.0,0.0
LUN_03588,LUNCH,,1,,0.0,1.0,0.0,1.0,0.0
LUN_03589,LUNCH,,0,,1.0,0.0,0.0,0.0,0.0
LUN_03590,LUNCH,,1,,0.0,1.0,0.0,0.0,0.0
LUN_03591,LUNCH,,0,,0.0,1.0,0.0,1.0,1.0
LUN_03592,LUNCH,,0,,0.0,1.0,1.0,0.0,0.0
LUN_03593,LUNCH,,1,,0.0,0.0,1.0,0.0,1.0
LUN_03594,LUNCH,,1,,0.0,1.0,1.0,0.0,0.0
LUN_03595,LUNCH,,0,,1.0,0.0,0.0,0.0,0.0
LUN_03596,LUNCH,,0,,0.0,1.0,1.0,1.0,1.0
LUN_03597,LUNCH,,0,,0.0,1.0,0.0,1.0,0.0
LUN_03598,LUNCH,,0,,1.0,0.0,0.0,0.0,0.0
LUN_03599,LUNCH,,0,,0.0,1.0,0.0,0.0,1.0
LUN_03600,LUNCH,,0,,1.0,0.0,0.0,0.0,0.0
LUN_03601,LUNCH,,1,,0.0,1.0,1.0,0.0,0.0
LUN_03602,LUNCH,,0,,0.0,1.0,1.0,1.0,0.0
LUN_03603,LUNCH,,0,,1.0,0.0,0.0,0.0,0.0
LUN_03604,LUNCH,,1,,0.0,1.0,1.0,0.0,0.0
LUN_03605,LUNCH,,1,,0.0,1.0,1.0,1.0,1.0
LUN_03606,LUNCH,,0,,1.0,0.0,0.0,0.0,0.0
LUN_03607,LUNCH,,1,,0.0,1.0,1.0,1.0,1.0
LUN_03608,LUNCH,,1,,0.0,1.0,1.0,1.0,0.0
LUN_03609,LUNCH,,1,,0.0,1.0,1.0,0.0,0.0
LUN_03610,LUNCH,,1,,0.0,1.0,0.0,0.0,0.0
LUN_03611,LUNCH,,1,,0.0,1.0,0.0,0.0,1.0
LUN_03612,LUNCH,,0,,0.0,1.0,1.0,1.0,0.0
LUN_03613,LUNCH,,0,,1.0,0.0,0.0,0.0,0.0
LUN_03614,LUNCH,,1,,0.0,1.0,1.0,0.0,0.0
LUN_03615,LUNCH,,0,,0.0,1.0,1.0,1.0,0.0
LUN_03616,LUNCH,,0,,0.0,1.0,1.0,0.0,0.0
LUN_03617,LUNCH,,1,,0.0,1.0,1.0,0.0,0.0
LUN_03618,LUNCH,,0,,1.0,0.0,0.0,0.0,0.0
LUN_03619,LUNCH,,1,,0.0,0.0,1.0,0.0,1.0
LUN_03620,LUNCH,,1,,0.0,1.0,0.0,0.0,0.0
LUN_03621,LUNCH,,0,,0.0,1.0,1.0,1.0,0.0
LUN_03622,LUNCH,,0,,1.0,0.0,0.0,0.0,0.0
LUN_03623,LUNCH,,1,,0.0,1.0,0.0,0.0,0.0
LUN_03624,LUNCH,,0,,0.0,1.0,1.0,0.0,1.0
LUN_03625,LUNCH,,0,,1.0,0.0,0.0,0.0,0.0
LUN_03626,LUNCH,,0,,0.0,1.0,0.0,0.0,0.0
LUN_03627,LUNCH,,1,,0.0,1.0,1.0,0.0,0.0
LUN_03628,LUNCH,,1,,0.0,1.0,0.0,1.0,1.0
LUN_03629,LUNCH,,1,,0.0,1.0,0.0,0.0,0.0
LUN_03630,LUNCH,,1,,0.0,1.0,0.0,1.0,1.0
LUN_03631,LUNCH,,0,,0.0,1.0,1.0,0.0,0.0
LUN_03632,LUNCH,,1,,0.0,0.0,1.0,0.0,1.0
LUN_03633,LUNCH,,0,,0.0,0.0,0.0,0.0,0.0
LUN_03634,LUNCH,,1,,0.0,1.0,0.0,1.0,0.0
LUN_03635,LUNCH,,1,,0.0,0.0,1.0,0.0,1.0
LUN_03636,LUNCH,,0,,1.0,0.0,0.0,0.0,0.0
LUN_03637,LUNCH,,1,,0.0,0.0,0.0,0.0,0.0
LUN_03638,LUNCH,,0,,1.0,0.0,0.0,0.0,0.0
LUN_03639,LUNCH,,1,,0.0,1.0,1.0,0.0,1.0
LUN_03640,LUNCH,,1,,0.0,1.0,1.0,0.0,0.0
LUN_03641,LUNCH,,0,,1.0,0.0,0.0,0.0,0.0
LUN_03642,LUNCH,,1,,0.0,1.0,0.0,0.0,0.0
LUN_03643,LUNCH,,1,,0.0,1.0,0.0,0.0,0.0
LUN_03644,LUNCH,,0,,1.0,0.0,0.0,0.0,0.0
LUN_03645,LUNCH,,0,,1.0,0.0,0.0,0.0,0.0
LUN_03646,LUNCH,,0,,0.0,1.0,0.0,0.0,0.0
LUN_03647,LUNCH,,0,,1.0,0.0,0.0,0.0,0.0
LUN_03648,LUNCH,,1,,0.0,1.0,0.0,0.0,0.0
LUN_03649,LUNCH,,0,,1.0,0.0,0.0,0.0,0.0
LUN_03650,LUNCH,,0,,1.0,0.0,0.0,0.0,0.0
LUN_03651,LUNCH,,1,,0.0,0.0,1.0,1.0,0.0
LUN_03652,LUNCH,,1,,0.0,1.0,1.0,1.0,0.0
LUN_03653,LUNCH,,1,,0.0,1.0,1.0,0.0,0.0
LUN_03654,LUNCH,,0,,0.0,1.0,1.0,0.0,1.0
LUN_03655,LUNCH,,0,,1.0,0.0,0.0,0.0,0.0
LUN_03656,LUNCH,,0,,0.0,1.0,1.0,0.0,1.0
LUN_03657,LUNCH,,0,,0.0,1.0,0.0,0.0,1.0
LUN_03658,LUNCH,,0,,1.0,0.0,0.0,0.0,0.0
LUN_03659,LUNCH,,0,,0.0,1.0,1.0,0.0,0.0
LUN_03660,LUNCH,,0,,0.0,1.0,0.0,0.0,1.0
LUN_03661,LUNCH,,1,,0.0,1.0,1.0,0.0,0.0
LUN_03662,LUNCH,,1,,0.0,1.0,0.0,1.0,0.0
LUN_03663,LUNCH,,1,,0.0,1.0,1.0,0.0,1.0
LUN_03664,LUNCH,,0,,0.0,1.0,0.0,1.0,1.0
LUN_03665,LUNCH,,0,,1.0,0.0,0.0,0.0,0.0
LUN_03666,LUNCH,,0,,0.0,1.0,0.0,0.0,0.0
LUN_03667,LUNCH,,1,,0.0,1.0,0.0,0.0,0.0
LUN_03668,LUNCH,,1,,0.0,1.0,0.0,1.0,1.0
LUN_03669,LUNCH,,1,,0.0,1.0,0.0,0.0,0.0
LUN_03670,LUNCH,,0,,1.0,0.0,0.0,0.0,0.0
LUN_03671,LUNCH,,1,,0.0,1.0,1.0,0.0,0.0
LUN_03672,LUNCH,,1,,0.0,1.0,1.0,0.0,1.0
LUN_03673,LUNCH,,0,,0.0,1.0,0.0,0.0,1.0
LUN_03674,LUNCH,,0,,0.0,1.0,0.0,1.0,1.0
LUN_03675,LUNCH,,0,,0.0,1.0,1.0,0.0,0.0
LUN_03676,LUNCH,,0,,0.0,1.0,1.0,1.0,0.0
LUN_03677,LUNCH,,0,,1.0,0.0,0.0,0.0,0.0
LUN_03678,LUNCH,,0,,0.0,1.0,1.0,0.0,0.0
LUN_03679,LUNCH,,1,,0.0,1.0,1.0,0.0,0.0
LUN_03680,LUNCH,,1,,0.0,1.0,1.0,1.0,0.0
LUN_03681,LUNCH,,1,,0.0,1.0,0.0,1.0,1.0
LUN_03682,LUNCH,,1,,0.0,0.0,0.0,0.0,1.0
LUN_03683,LUNCH,,1,,0.0,1.0,1.0,1.0,0.0
LUN_03684,LUNCH,,1,,0.0,0.0,1.0,1.0,0.0
LUN_03685,LUNCH,,1,,0.0,1.0,0.0,1.0,0.0
LUN_03686,LUNCH,,0,,0.0,1.0,0.0,0.0,0.0
LUN_03687,LUNCH,,0,,0.0,0.0,0.0,0.0,0.0
LUN_03688,LUNCH,,0,,1.0,0.0,0.0,0.0,0.0
LUN_03689,LUNCH,,1,,0.0,0.0,0.0,0.0,1.0
LUN_03690,LUNCH,,1,,0.0,1.0,0.0,0.0,0.0
LUN_03691,LUNCH,,0,,1.0,0.0,0.0,0.0,0.0
LUN_03692,LUNCH,,1,,0.0,1.0,1.0,0.0,1.0
LUN_03693,LUNCH,,1,,0.0,1.0,1.0,0.0,0.0
LUN_03694,LUNCH,,1,,0.0,1.0,0.0,0.0,0.0
LUN_03695,LUNCH,,1,,0.0,1.0,1.0,1.0,0.0
LUN_03696,LUNCH,,0,,0.0,1.0,1.0,1.0,0.0
LUN_03697,LUNCH,,0,,1.0,0.0,0.0,0.0,0.0
LUN_03698,LUNCH,,1,,0.0,1.0,1.0,1.0,0.0
LUN_03699,LUNCH,,0,,1.0,0.0,0.0,0.0,0.0
LUN_03700,LUNCH,,1,,0.0,1.0,1.0,1.0,0.0
LUN_03701,LUNCH,,1,,0.0,0.0,0.0,1.0,1.0
LUN_03702,LUNCH,,0,,0.0,0.0,1.0,1.0,1.0
LUN_03703,LUNCH,,1,,0.0,1.0,0.0,0.0,0.0
LUN_03704,LUNCH,,1,,0.0,1.0,1.0,1.0,1.0
LUN_03705,LUNCH,,0,,0.0,0.0,1.0,0.0,0.0
LUN_03706,LUNCH,,0,,1.0,0.0,0.0,0.0,0.0
LUN_03707,LUNCH,,1,,0.0,0.0,0.0,0.0,1.0
LUN_03708,LUNCH,,1,,0.0,1.0,1.0,1.0,0.0
LUN_03709,LUNCH,,1,,0.0,0.0,1.0,0.0,0.0
LUN_03710,LUNCH,,0,,0.0,1.0,0.0,0.0,0.0
LUN_03711,LUNCH,,0,,0.0,1.0,1.0,0.0,1.0
LUN_03712,LUNCH,,0,,0.0,1.0,0.0,0.0,1.0
LUN_03713,LUNCH,,0,,0.0,1.0,1.0,0.0,1.0
LUN_03714,LUNCH,,1,,0.0,1.0,1.0,1.0,0.0
LUN_03715,LUNCH,,1,,0.0,0.0,1.0,0.0,0.0
LUN_03716,LUNCH,,0,,1.0,0.0,0.0,0.0,0.0
LUN_03717,LUNCH,,1,,0.0,1.0,0.0,0.0,0.0
LUN_03718,LUNCH,,1,,0.0,1.0,0.0,0.0,0.0
LUN_03719,LUNCH,,1,,0.0,1.0,1.0,0.0,0.0
LUN_03720,LUNCH,,1,,0.0,1.0,0.0,0.0,1.0
LUN_03721,LUNCH,,1,,0.0,1.0,1.0,1.0,0.0
LUN_03722,LUNCH,,1,,0.0,1.0,1.0,0.0,0.0
LUN_03723,LUNCH,,1,,0.0,1.0,1.0,1.0,1.0
LUN_03724,LUNCH,,0,,0.0,1.0,1.0,0.0,0.0
LUN_03725,LUNCH,,0,,0.0,1.0,1.0,0.0,1.0
LUN_03726,LUNCH,,0,,1.0,0.0,0.0,0.0,0.0
LUN_03727,LUNCH,,0,,1.0,0.0,0.0,0.0,0.0
LUN_03728,LUNCH,,0,,1.0,0.0,0.0,0.0,0.0
LUN_03729,LUNCH,,0,,0.0,1.0,0.0,0.0,1.0
LUN_03730,LUNCH,,1,,0.0,1.0,0.0,0.0,0.0
LUN_03731,LUNCH,,1,,0.0,0.0,0.0,0.0,0.0
LUN_03732,LUNCH,,0,,0.0,1.0,0.0,0.0,0.0
LUN_03733,LUNCH,,0,,0.0,1.0,0.0,1.0,0.0
LUN_03734,LUNCH,,1,,0.0,1.0,1.0,1.0,0.0
LUN_03735,LUNCH,,0,,1.0,0.0,0.0,0.0,0.0
LUN_03736,LUNCH,,0,,0.0,1.0,0.0,1.0,0.0
LUN_03737,LUNCH,,1,,0.0,1.0,1.0,1.0,0.0
LUN_03738,LUNCH,,1,,0.0,1.0,0.0,0.0,0.0
LUN_03739,LUNCH,,0,,0.0,1.0,0.0,0.0,1.0
LUN_03740,LUNCH,,1,,0.0,1.0,1.0,0.0,1.0
LUN_03741,LUNCH,,1,,0.0,1.0,0.0,0.0,0.0
LUN_03742,LUNCH,,0,,0.0,1.0,0.0,0.0,0.0
LUN_03743,LUNCH,,0,,0.0,1.0,1.0,1.0,0.0
LUN_03744,LUNCH,,0,,0.0,0.0,1.0,1.0,0.0
LUN_03745,LUNCH,,0,,0.0,1.0,1.0,0.0,0.0
LUN_03746,LUNCH,,1,,0.0,0.0,0.0,0.0,0.0
LUN_03747,LUNCH,,1,,0.0,0.0,1.0,0.0,1.0
LUN_03748,LUNCH,,1,,0.0,1.0,0.0,0.0,0.0
LUN_03749,LUNCH,,0,,1.0,0.0,0.0,0.0,0.0
LUN_03750,LUNCH,,0,,1.0,0.0,0.0,0.0,0.0
LUN_03751,LUNCH,,0,,0.0,1.0,1.0,1.0,0.0
LUN_03752,LUNCH,,1,,0.0,1.0,1.0,0.0,0.0
LUN_03753,LUNCH,,1,,0.0,1.0,0.0,0.0,0.0
LUN_03754,LUNCH,,1,,0.0,1.0,0.0,1.0,1.0
LUN_03755,LUNCH,,0,,0.0,1.0,1.0,0.0,0.0
LUN_03756,LUNCH,,1,,0.0,0.0,0.0,0.0,0.0
LUN_03757,LUNCH,,0,,1.0,0.0,0.0,0.0,0.0
LUN_03758,LUNCH,,1,,0.0,1.0,1.0,1.0,0.0
LUN_03759,LUNCH,,0,,0.0,1.0,1.0,1.0,0.0
LUN_03760,LUNCH,,1,,0.0,0.0,0.0,1.0,0.0
LUN_03761,LUNCH,,1,,0.0,1.0,1.0,1.0,1.0
LUN_03762,LUNCH,,1,,0.0,1.0,1.0,1.0,0.0
LUN_03763,LUNCH,,1,,0.0,1.0,1.0,0.0,0.0
LUN_03764,LUNCH,,0,,0.0,1.0,0.0,0.0,0.0
LUN_03765,LUNCH,,1,,0.0,1.0,0.0,0.0,0.0
LUN_03766,LUNCH,,0,,1.0,0.0,0.0,0.0,0.0
LUN_03767,LUNCH,,1,,0.0,1.0,1.0,1.0,0.0
LUN_03768,LUNCH,,1,,0.0,1.0,0.0,1.0,0.0
LUN_03769,LUNCH,,1,,0.0,1.0,0.0,0.0,0.0
LUN_03770,LUNCH,,0,,0.0,1.0,1.0,0.0,1.0
LUN_03771,LUNCH,,0,,1.0,0.0,0.0,0.0,0.0
LUN_03772,LUNCH,,1,,0.0,1.0,1.0,0.0,0.0
LUN_03773,LUNCH,,1,,0.0,1.0,0.0,1.0,0.0
LUN_03774,LUNCH,,0,,0.0,1.0,1.0,0.0,0.0
LUN_03775,LUNCH,,1,,0.0,1.0,1.0,0.0,0.0
LUN_03776,LUNCH,,0,,0.0,1.0,1.0,0.0,0.0
LUN_03777,LUNCH,,0,,1.0,0.0,0.0,0.0,0.0
LUN_03778,LUNCH,,0,,1.0,0.0,0.0,0.0,0.0
LUN_03779,LUNCH,,1,,0.0,1.0,0.0,0.0,0.0
LUN_03780,LUNCH,,1,,0.0,1.0,0.0,0.0,0.0
LUN_03781,LUNCH,,0,,0.0,1.0,1.0,1.0,1.0
LUN_03782,LUNCH,,0,,0.0,1.0,1.0,0.0,0.0
LUN_03783,LUNCH,,0,,0.0,1.0,0.0,0.0,0.0
LUN_03784,LUNCH,,0,,0.0,0.0,0.0,0.0,1.0
LUN_03785,LUNCH,,1,,0.0,1.0,0.0,1.0,0.0
LUN_03786,LUNCH,,0,,0.0,1.0,0.0,0.0,1.0
LUN_03787,LUNCH,,0,,1.0,0.0,0.0,0.0,0.0
LUN_03788,LUNCH,,0,,1.0,0.0,0.0,0.0,0.0
LUN_03789,LUNCH,,0,,0.0,1.0,1.0,0.0,0.0
LUN_03790,LUNCH,,1,,0.0,1.0,0.0,0.0,0.0
LUN_03791,LUNCH,,1,,0.0,0.0,0.0,1.0,0.0
LUN_03792,LUNCH,,0,,0.0,0.0,1.0,0.0,1.0
LUN_03793,LUNCH,,0,,0.0,1.0,0.0,0.0,0.0
LUN_03794,LUNCH,,0,,1.0,0.0,0.0,0.0,0.0
LUN_03795,LUNCH,,0,,0.0,1.0,0.0,1.0,0.0
LUN_03796,LUNCH,,0,,0.0,1.0,1.0,0.0,0.0
LUN_03797,LUNCH,,1,,0.0,1.0,0.0,1.0,0.0
LUN_03798,LUNCH,,1,,0.0,1.0,1.0,1.0,0.0
LUN_03799,LUNCH,,0,,0.0,0.0,1.0,0.0,0.0
LUN_03800,LUNCH,,1,,0.0,1.0,1.0,1.0,0.0
LUN_03801,LUNCH,,0,,1.0,0.0,0.0,0.0,0.0
LUN_03802,LUNCH,,0,,1.0,0.0,0.0,0.0,0.0
LUN_03803,LUNCH,,0,,1.0,0.0,0.0,0.0,0.0
LUN_03804,LUNCH,,0,,0.0,0.0,0.0,0.0,0.0
LUN_03805,LUNCH,,0,,1.0,0.0,0.0,0.0,0.0
LUN_03806,LUNCH,,1,,0.0,1.0,1.0,1.0,0.0
LUN_03807,LUNCH,,1,,0.0,1.0,1.0,0.0,0.0
LUN_03808,LUNCH,,0,,1.0,0.0,0.0,0.0,0.0
LUN_03809,LUNCH,,0,,1.0,0.0,0.0,0.0,0.0
LUN_03810,LUNCH,,0,,0.0,1.0,1.0,1.0,1.0
LUN_03811,LUNCH,,0,,1.0,0.0,0.0,0.0,0.0
LUN_03812,LUNCH,,0,,0.0,0.0,0.0,0.0,1.0
LUN_03813,LUNCH,,0,,1.0,0.0,0.0,0.0,0.0
LUN_03814,LUNCH,,0,,0.0,1.0,1.0,1.0,0.0
LUN_03815,LUNCH,,0,,1.0,0.0,0.0,0.0,0.0
LUN_03816,LUNCH,,1,,0.0,0.0,0.0,1.0,0.0
LUN_03817,LUNCH,,0,,0.0,1.0,0.0,0.0,0.0
LUN_03818,LUNCH,,1,,0.0,1.0,1.0,0.0,0.0
LUN_03819,LUNCH,,0,,0.0,1.0,0.0,1.0,0.0
LUN_03820,LUNCH,,1,,0.0,0.0,1.0,0.0,0.0
LUN_03821,LUNCH,,1,,0.0,1.0,1.0,0.0,0.0
LUN_03822,LUNCH,,0,,1.0,0.0,0.0,0.0,0.0
LUN_03823,LUNCH,,0,,1.0,0.0,0.0,0.0,0.0
LUN_03824,LUNCH,,1,,0.0,1.0,0.0,0.0,1.0
LUN_03825,LUNCH,,0,,1.0,0.0,0.0,0.0,0.0
LUN_03826,LUNCH,,0,,0.0,1.0,1.0,0.0,0.0
LUN_03827,LUNCH,,1,,0.0,1.0,1.0,0.0,0.0
LUN_03828,LUNCH,,0,,1.0,0.0,0.0,0.0,0.0
LUN_03829,LUNCH,,1,,0.0,1.0,1.0,1.0,0.0
LUN_03830,LUNCH,,1,,0.0,1.0,0.0,0.0,0.0
LUN_03831,LUNCH,,1,,0.0,1.0,1.0,1.0,1.0
LUN_03832,LUNCH,,1,,0.0,1.0,0.0,0.0,0.0
LUN_03833,LUNCH,,0,,1.0,0.0,0.0,0.0,0.0
LUN_03834,LUNCH,,0,,1.0,0.0,0.0,0.0,0.0
LUN_03835,LUNCH,,1,,0.0,1.0,1.0,0.0,0.0
LUN_03836,LUNCH,,0,,1.0,0.0,0.0,0.0,0.0
LUN_03837,LUNCH,,0,,0.0,1.0,0.0,0.0,0.0
LUN_03838,LUNCH,,0,,1.0,0.0,0.0,0.0,0.0
LUN_03839,LUNCH,,0,,1.0,0.0,0.0,0.0,0.0
LUN_03840,LUNCH,,0,,0.0,0.0,0.0,0.0,1.0
LUN_03841,LUNCH,,1,,0.0,1.0,1.0,1.0,0.0
LUN_03842,LUNCH,,0,,0.0,1.0,0.0,0.0,1.0
LUN_03843,LUNCH,,0,,0.0,1.0,1.0,0.0,0.0
LUN_03844,LUNCH,,0,,0.0,1.0,1.0,0.0,0.0
LUN_03845,LUNCH,,1,,0.0,1.0,0.0,0.0,0.0
LUN_03846,LUNCH,,1,,0.0,1.0,1.0,1.0,1.0
LUN_03847,LUNCH,,0,,1.0,0.0,0.0,0.0,0.0
LUN_03848,LUNCH,,1,,0.0,1.0,0.0,1.0,0.0
LUN_03849,LUNCH,,0,,1.0,0.0,0.0,0.0,0.0
LUN_03850,LUNCH,,1,,0.0,0.0,0.0,0.0,1.0
LUN_03851,LUNCH,,1,,0.0,1.0,1.0,0.0,0.0
LUN_03852,LUNCH,,0,,0.0,1.0,1.0,1.0,0.0
LUN_03853,LUNCH,,0,,1.0,0.0,0.0,0.0,0.0
LUN_03854,LUNCH,,0,,0.0,1.0,1.0,0.0,0.0
LUN_03855,LUNCH,,0,,0.0,1.0,1.0,0.0,1.0
LUN_03856,LUNCH,,0,,1.0,0.0,0.0,0.0,0.0
LUN_03857,LUNCH,,0,,1.0,0.0,0.0,0.0,0.0
LUN_03858,LUNCH,,0,,1.0,0.0,0.0,0.0,0.0
LUN_03859,LUNCH,,1,,0.0,1.0,0.0,0.0,1.0
LUN_03860,LUNCH,,1,,0.0,1.0,1.0,1.0,1.0
LUN_03861,LUNCH,,1,,0.0,1.0,1.0,1.0,1.0
LUN_03862,LUNCH,,0,,0.0,1.0,1.0,0.0,0.0
LUN_03863,LUNCH,,1,,0.0,1.0,1.0,0.0,1.0
LUN_03864,LUNCH,,1,,0.0,1.0,1.0,0.0,0.0
LUN_03865,LUNCH,,1,,0.0,1.0,1.0,1.0,0.0
LUN_03866,LUNCH,,1,,0.0,1.0,1.0,1.0,0.0
LUN_03867,LUNCH,,1,,0.0,1.0,0.0,1.0,0.0
LUN_03868,LUNCH,,0,,1.0,0.0,0.0,0.0,0.0
LUN_03869,LUNCH,,0,,0.0,0.0,0.0,1.0,0.0
LUN_03870,LUNCH,,1,,0.0,1.0,1.0,1.0,0.0
LUN_03871,LUNCH,,1,,0.0,1.0,1.0,0.0,1.0
LUN_03872,LUNCH,,0,,1.0,0.0,0.0,0.0,0.0
LUN_03873,LUNCH,,0,,0.0,1.0,1.0,0.0,1.0
LUN_03874,LUNCH,,1,,0.0,1.0,1.0,1.0,0.0
LUN_03875,LUNCH,,0,,0.0,1.0,0.0,0.0,1.0
LUN_03876,LUNCH,,1,,0.0,1.0,0.0,1.0,0.0
LUN_03877,LUNCH,,0,,0.0,1.0,0.0,1.0,0.0
LUN_03878,LUNCH,,1,,0.0,1.0,1.0,1.0,1.0
LUN_03879,LUNCH,,1,,0.0,1.0,0.0,0.0,1.0
LUN_03880,LUNCH,,1,,0.0,1.0,1.0,1.0,1.0
LUN_03881,LUNCH,,0,,0.0,0.0,1.0,1.0,1.0
LUN_03882,LUNCH,,1,,0.0,1.0,0.0,1.0,1.0
LUN_03883,LUNCH,,0,,0.0,1.0,1.0,0.0,0.0
LUN_03884,LUNCH,,1,,0.0,1.0,0.0,1.0,1.0
LUN_03885,LUNCH,,0,,1.0,0.0,0.0,0.0,0.0
LUN_03886,LUNCH,,1,,0.0,1.0,1.0,0.0,0.0
LUN_03887,LUNCH,,0,,0.0,1.0,1.0,1.0,1.0
LUN_03888,LUNCH,,1,,0.0,0.0,0.0,0.0,1.0
LUN_03889,LUNCH,,0,,0.0,1.0,1.0,0.0,1.0
LUN_03890,LUNCH,,1,,0.0,1.0,1.0,1.0,0.0
LUN_03891,LUNCH,,0,,0.0,1.0,0.0,0.0,0.0
LUN_03892,LUNCH,,0,,0.0,1.0,1.0,0.0,1.0
LUN_03893,LUNCH,,0,,0.0,1.0,0.0,0.0,0.0
LUN_03894,LUNCH,,0,,0.0,1.0,1.0,1.0,1.0
LUN_03895,LUNCH,,0,,0.0,1.0,0.0,0.0,0.0
LUN_03896,LUNCH,,1,,0.0,1.0,1.0,1.0,0.0
LUN_03897,LUNCH,,1,,0.0,1.0,1.0,1.0,1.0
LUN_03898,LUNCH,,0,,0.0,1.0,0.0,0.0,0.0
LUN_03899,LUNCH,,0,,1.0,0.0,0.0,0.0,0.0
LUN_03900,LUNCH,,1,,0.0,1.0,1.0,0.0,1.0
LUN_03901,LUNCH,,1,,0.0,0.0,0.0,0.0,0.0
LUN_03902,LUNCH,,1,,0.0,0.0,0.0,0.0,0.0
LUN_03903,LUNCH,,0,,1.0,0.0,0.0,0.0,0.0
LUN_03904,LUNCH,,1,,0.0,1.0,0.0,0.0,1.0
LUN_03905,LUNCH,,1,,0.0,1.0,1.0,1.0,0.0
LUN_03906,LUNCH,,1,,0.0,1.0,1.0,1.0,1.0
LUN_03907,LUNCH,,1,,0.0,0.0,1.0,1.0,0.0
LUN_03908,LUNCH,,1,,0.0,1.0,1.0,1.0,0.0
LUN_03909,LUNCH,,0,,0.0,0.0,0.0,0.0,1.0
LUN_03910,LUNCH,,1,,0.0,1.0,1.0,0.0,1.0
LUN_03911,LUNCH,,0,,1.0,0.0,0.0,0.0,0.0
LUN_03912,LUNCH,,1,,0.0,1.0,0.0,0.0,1.0
LUN_03913,LUNCH,,1,,0.0,1.0,1.0,0.0,0.0
LUN_03914,LUNCH,,0,,1.0,0.0,0.0,0.0,0.0
LUN_03915,LUNCH,,1,,0.0,1.0,1.0,1.0,0.0
LUN_03916,LUNCH,,0,,0.0,1.0,1.0,1.0,1.0
LUN_03917,LUNCH,,1,,0.0,1.0,0.0,0.0,0.0
LUN_03918,LUNCH,,0,,1.0,0.0,0.0,0.0,0.0
LUN_03919,LUNCH,,0,,0.0,0.0,0.0,0.0,0.0
LUN_03920,LUNCH,,0,,0.0,1.0,0.0,1.0,0.0
LUN_03921,LUNCH,,0,,0.0,1.0,1.0,0.0,0.0
LUN_03922,LUNCH,,0,,1.0,0.0,0.0,0.0,0.0
LUN_03923,LUNCH,,0,,1.0,0.0,0.0,0.0,0.0
LUN_03924,LUNCH,,0,,1.0,0.0,0.0,0.0,0.0
LUN_03925,LUNCH,,1,,0.0,1.0,1.0,0.0,0.0
LUN_03926,LUNCH,,0,,0.0,0.0,0.0,0.0,0.0
LUN_03927,LUNCH,,0,,0.0,0.0,1.0,0.0,0.0
LUN_03928,LUNCH,,0,,0.0,1.0,0.0,1.0,0.0
LUN_03929,LUNCH,,0,,0.0,1.0,0.0,0.0,1.0
LUN_03930,LUNCH,,0,,0.0,1.0,0.0,0.0,1.0
LUN_03931,LUNCH,,0,,0.0,1.0,1.0,1.0,1.0
LUN_03932,LUNCH,,1,,0.0,1.0,1.0,1.0,0.0
LUN_03933,LUNCH,,0,,0.0,1.0,0.0,0.0,1.0
LUN_03934,LUNCH,,0,,1.0,0.0,0.0,0.0,0.0
LUN_03935,LUNCH,,1,,0.0,1.0,1.0,0.0,0.0
LUN_03936,LUNCH,,1,,0.0,1.0,0.0,1.0,0.0
LUN_03937,LUNCH,,1,,0.0,1.0,1.0,1.0,0.0
LUN_03938,LUNCH,,0,,0.0,1.0,1.0,0.0,0.0
LUN_03939,LUNCH,,0,,1.0,0.0,0.0,0.0,0.0
LUN_03940,LUNCH,,1,,0.0,0.0,0.0,1.0,0.0
LUN_03941,LUNCH,,0,,1.0,0.0,0.0,0.0,0.0
LUN_03942,LUNCH,,0,,0.0,1.0,0.0,1.0,0.0
LUN_03943,LUNCH,,1,,0.0,1.0,1.0,1.0,0.0
LUN_03944,LUNCH,,0,,0.0,1.0,1.0,0.0,0.0
LUN_03945,LUNCH,,0,,1.0,0.0,0.0,0.0,0.0
LUN_03946,LUNCH,,0,,0.0,1.0,1.0,1.0,0.0
LUN_03947,LUNCH,,0,,1.0,0.0,0.0,0.0,0.0
LUN_03948,LUNCH,,1,,0.0,1.0,1.0,1.0,0.0
LUN_03949,LUNCH,,1,,0.0,0.0,0.0,0.0,1.0
LUN_03950,LUNCH,,0,,1.0,0.0,0.0,0.0,0.0
LUN_03951,LUNCH,,0,,1.0,0.0,0.0,0.0,0.0
LUN_03952,LUNCH,,0,,0.0,1.0,1.0,1.0,0.0
LUN_03953,LUNCH,,1,,0.0,1.0,1.0,1.0,1.0
LUN_03954,LUNCH,,1,,0.0,1.0,0.0,1.0,1.0
LUN_03955,LUNCH,,1,,0.0,1.0,1.0,0.0,1.0
LUN_03956,LUNCH,,1,,0.0,1.0,1.0,0.0,1.0
LUN_03957,LUNCH,,1,,0.0,1.0,0.0,1.0,1.0
LUN_03958,LUNCH,,1,,0.0,1.0,1.0,1.0,1.0
LUN_03959,LUNCH,,1,,0.0,1.0,0.0,1.0,0.0
LUN_03960,LUNCH,,0,,0.0,0.0,1.0,0.0,0.0
LUN_03961,LUNCH,,0,,1.0,0.0,0.0,0.0,0.0
LUN_03962,LUNCH,,0,,1.0,0.0,0.0,0.0,0.0
LUN_03963,LUNCH,,0,,0.0,1.0,1.0,1.0,0.0
LUN_03964,LUNCH,,0,,1.0,0.0,0.0,0.0,0.0
LUN_03965,LUNCH,,0,,1.0,0.0,0.0,0.0,0.0
LUN_03966,LUNCH,,1,,0.0,1.0,0.0,0.0,0.0
LUN_03967,LUNCH,,1,,0.0,1.0,1.0,0.0,1.0
LUN_03968,LUNCH,,0,,1.0,0.0,0.0,0.0,0.0
LUN_03969,LUNCH,,1,,0.0,1.0,1.0,0.0,0.0
LUN_03970,LUNCH,,1,,0.0,1.0,1.0,1.0,1.0
LUN_03971,LUNCH,,0,,1.0,0.0,0.0,0.0,0.0
LUN_03972,LUNCH,,0,,0.0,1.0,1.0,1.0,1.0
LUN_03973,LUNCH,,0,,0.0,0.0,1.0,0.0,0.0
LUN_03974,LUNCH,,0,,1.0,0.0,0.0,0.0,0.0
LUN_03975,LUNCH,,0,,0.0,1.0,0.0,0.0,0.0
LUN_03976,LUNCH,,0,,1.0,0.0,0.0,0.0,0.0
LUN_03977,LUNCH,,0,,0.0,1.0,0.0,0.0,0.0
LUN_03978,LUNCH,,0,,0.0,1.0,1.0,0.0,0.0
LUN_03979,LUNCH,,1,,0.0,1.0,1.0,1.0,0.0
LUN_03980,LUNCH,,0,,1.0,0.0,0.0,0.0,0.0
LUN_03981,LUNCH,,1,,0.0,0.0,1.0,1.0,0.0
LUN_03982,LUNCH,,1,,0.0,1.0,1.0,1.0,1.0
LUN_03983,LUNCH,,0,,0.0,1.0,1.0,1.0,1.0
LUN_03984,LUNCH,,1,,0.0,1.0,0.0,0.0,0.0
LUN_03985,LUNCH,,1,,0.0,0.0,1.0,0.0,0.0
LUN_03986,LUNCH,,1,,0.0,1.0,0.0,0.0,0.0
LUN_03987,LUNCH,,1,,0.0,1.0,0.0,1.0,0.0
LUN_03988,LUNCH,,1,,0.0,1.0,0.0,0.0,0.0
LUN_03989,LUNCH,,1,,0.0,1.0,1.0,0.0,0.0
LUN_03990,LUNCH,,0,,0.0,0.0,0.0,0.0,0.0
LUN_03991,LUNCH,,1,,0.0,0.0,0.0,0.0,0.0
LUN_03992,LUNCH,,0,,1.0,0.0,0.0,0.0,0.0
LUN_03993,LUNCH,,0,,0.0,0.0,1.0,0.0,0.0
LUN_03994,LUNCH,,1,,0.0,1.0,0.0,1.0,0.0
LUN_03995,LUNCH,,1,,0.0,0.0,0.0,0.0,1.0
LUN_03996,LUNCH,,0,,0.0,1.0,0.0,0.0,1.0
LUN_03997,LUNCH,,0,,0.0,1.0,0.0,0.0,0.0
LUN_03998,LUNCH,,1,,0.0,0.0,1.0,1.0,0.0
LUN_03999,LUNCH,,1,,0.0,0.0,0.0,1.0,0.0
LUN_04000,LUNCH,,0,,0.0,1.0,0.0,1.0,1.0
LUN_04001,LUNCH,,0,,0.0,1.0,1.0,0.0,0.0
LUN_04002,LUNCH,,0,,0.0,1.0,1.0,1.0,0.0
LUN_04003,LUNCH,,1,,0.0,0.0,0.0,0.0,0.0
LUN_04004,LUNCH,,1,,0.0,1.0,0.0,0.0,0.0
LUN_04005,LUNCH,,0,,1.0,0.0,0.0,0.0,0.0
LUN_04006,LUNCH,,0,,0.0,0.0,0.0,0.0,0.0
LUN_04007,LUNCH,,1,,0.0,1.0,0.0,0.0,0.0
LUN_04008,LUNCH,,0,,0.0,1.0,0.0,0.0,0.0
LUN_04009,LUNCH,,1,,0.0,1.0,1.0,1.0,0.0
LUN_04010,LUNCH,,0,,0.0,1.0,0.0,0.0,0.0
LUN_04011,LUNCH,,0,,1.0,0.0,0.0,0.0,0.0
LUN_04012,LUNCH,,0,,1.0,0.0,0.0,0.0,0.0
LUN_04013,LUNCH,,0,,1.0,0.0,0.0,0.0,0.0
LUN_04014,LUNCH,,0,,0.0,1.0,1.0,0.0,0.0
LUN_04015,LUNCH,,0,,1.0,0.0,0.0,0.0,0.0
LUN_04016,LUNCH,,0,,1.0,0.0,0.0,0.0,0.0
LUN_04017,LUNCH,,0,,0.0,1.0,1.0,1.0,0.0
LUN_04018,LUNCH,,1,,0.0,1.0,1.0,1.0,0.0
LUN_04019,LUNCH,,0,,0.0,1.0,0.0,0.0,1.0
LUN_04020,LUNCH,,1,,0.0,1.0,0.0,1.0,0.0
LUN_04021,LUNCH,,0,,1.0,0.0,0.0,0.0,0.0
LUN_04022,LUNCH,,1,,0.0,1.0,0.0,0.0,1.0
LUN_04023,LUNCH,,1,,0.0,1.0,1.0,1.0,0.0
LUN_04024,LUNCH,,0,,0.0,1.0,0.0,0.0,1.0
LUN_04025,LUNCH,,0,,0.0,1.0,0.0,0.0,0.0
LUN_04026,LUNCH,,1,,0.0,0.0,0.0,0.0,0.0
LUN_04027,LUNCH,,1,,0.0,1.0,1.0,1.0,0.0
LUN_04028,LUNCH,,0,,1.0,0.0,0.0,0.0,0.0
LUN_04029,LUNCH,,0,,0.0,1.0,1.0,1.0,0.0
LUN_04030,LUNCH,,1,,0.0,1.0,1.0,0.0,1.0
LUN_04031,LUNCH,,1,,0.0,1.0,1.0,0.0,0.0
LUN_04032,LUNCH,,1,,0.0,1.0,0.0,1.0,0.0
LUN_04033,LUNCH,,1,,0.0,1.0,1.0,0.0,1.0
LUN_04034,LUNCH,,1,,0.0,1.0,1.0,1.0,1.0
LUN_04035,LUNCH,,1,,0.0,1.0,1.0,0.0,0.0
LUN_04036,LUNCH,,1,,0.0,1.0,1.0,0.0,0.0
LUN_04037,LUNCH,,1,,0.0,0.0,1.0,1.0,1.0
LUN_04038,LUNCH,,1,,0.0,1.0,0.0,1.0,0.0
LUN_04039,LUNCH,,0,,1.0,0.0,0.0,0.0,0.0
LUN_04040,LUNCH,,1,,0.0,1.0,1.0,0.0,0.0
LUN_04041,LUNCH,,1,,0.0,1.0,1.0,1.0,0.0
LUN_04042,LUNCH,,1,,0.0,1.0,1.0,0.0,0.0
LUN_04043,LUNCH,,1,,0.0,1.0,0.0,0.0,0.0
LUN_04044,LUNCH,,0,,1.0,0.0,0.0,0.0,0.0
LUN_04045,LUNCH,,1,,0.0,1.0,0.0,1.0,0.0
LUN_04046,LUNCH,,1,,0.0,1.0,1.0,1.0,1.0
LUN_04047,LUNCH,,1,,0.0,1.0,1.0,1.0,0.0
LUN_04048,LUNCH,,1,,0.0,1.0,1.0,0.0,1.0
LUN_04049,LUNCH,,0,,0.0,1.0,1.0,0.0,0.0
LUN_04050,LUNCH,,0,,1.0,0.0,0.0,0.0,0.0
LUN_04051,LUNCH,,0,,1.0,0.0,0.0,0.0,0.0
LUN_04052,LUNCH,,0,,0.0,0.0,0.0,0.0,1.0
LUN_04053,LUNCH,,0,,1.0,0.0,0.0,0.0,0.0
LUN_04054,LUNCH,,0,,1.0,0.0,0.0,0.0,0.0
LUN_04055,LUNCH,,1,,0.0,0.0,0.0,0.0,0.0
LUN_04056,LUNCH,,0,,1.0,0.0,0.0,0.0,0.0
LUN_04057,LUNCH,,1,,0.0,1.0,0.0,0.0,1.0
LUN_04058,LUNCH,,0,,0.0,1.0,0.0,0.0,0.0
LUN_04059,LUNCH,,1,,0.0,1.0,0.0,1.0,1.0
LUN_04060,LUNCH,,1,,0.0,1.0,0.0,0.0,0.0
LUN_04061,LUNCH,,1,,0.0,1.0,1.0,1.0,1.0
LUN_04062,LUNCH,,1,,0.0,1.0,1.0,1.0,1.0
LUN_04063,LUNCH,,0,,1.0,0.0,0.0,0.0,0.0
LUN_04064,LUNCH,,1,,0.0,1.0,1.0,0.0,0.0
LUN_04065,LUNCH,,1,,0.0,1.0,0.0,0.0,1.0
LUN_04066,LUNCH,,0,,0.0,0.0,0.0,0.0,0.0
LUN_04067,LUNCH,,1,,0.0,1.0,1.0,1.0,1.0
LUN_04068,LUNCH,,0,,0.0,1.0,0.0,0.0,0.0
LUN_04069,LUNCH,,0,,0.0,1.0,0.0,0.0,0.0
LUN_04070,LUNCH,,1,,0.0,1.0,1.0,1.0,0.0
LUN_04071,LUNCH,,1,,0.0,1.0,1.0,1.0,0.0
LUN_04072,LUNCH,,0,,1.0,0.0,0.0,0.0,0.0
LUN_04073,LUNCH,,1,,0.0,1.0,0.0,0.0,0.0
LUN_04074,LUNCH,,0,,1.0,0.0,0.0,0.0,0.0
LUN_04075,LUNCH,,1,,0.0,0.0,0.0,0.0,1.0
LUN_04076,LUNCH,,0,,0.0,1.0,0.0,1.0,1.0
LUN_04077,LUNCH,,1,,0.0,1.0,0.0,1.0,0.0
LUN_04078,LUNCH,,0,,1.0,0.0,0.0,0.0,0.0
LUN_04079,LUNCH,,0,,1.0,0.0,0.0,0.0,0.0
LUN_04080,LUNCH,,0,,0.0,0.0,0.0,0.0,0.0
LUN_04081,LUNCH,,0,,0.0,1.0,0.0,0.0,0.0
LUN_04082,LUNCH,,0,,0.0,1.0,1.0,0.0,1.0
LUN_04083,LUNCH,,1,,0.0,1.0,1.0,0.0,1.0
LUN_04084,LUNCH,,0,,1.0,0.0,0.0,0.0,0.0
LUN_04085,LUNCH,,0,,1.0,0.0,0.0,0.0,0.0
LUN_04086,LUNCH,,1,,0.0,1.0,0.0,1.0,0.0
LUN_04087,LUNCH,,0,,1.0,0.0,0.0,0.0,0.0
LUN_04088,LUNCH,,1,,0.0,1.0,0.0,1.0,0.0
LUN_04089,LUNCH,,0,,0.0,1.0,0.0,0.0,0.0
LUN_04090,LUNCH,,0,,0.0,1.0,0.0,0.0,0.0
LUN_04091,LUNCH,,1,,0.0,1.0,1.0,1.0,0.0
LUN_04092,LUNCH,,0,,1.0,0.0,0.0,0.0,0.0
LUN_04093,LUNCH,,0,,1.0,0.0,0.0,0.0,0.0
LUN_04094,LUNCH,,0,,1.0,0.0,0.0,0.0,0.0
LUN_04095,LUNCH,,1,,0.0,1.0,1.0,1.0,0.0
LUN_04096,LUNCH,,1,,0.0,1.0,1.0,0.0,0.0
LUN_04097,LUNCH,,1,,0.0,1.0,1.0,0.0,0.0
LUN_04098,LUNCH,,0,,1.0,0.0,0.0,0.0,0.0
LUN_04099,LUNCH,,1,,0.0,0.0,1.0,1.0,0.0
LUN_04100,LUNCH,,0,,0.0,1.0,1.0,0.0,0.0
LUN_04101,LUNCH,,1,,0.0,1.0,0.0,0.0,0.0
LUN_04102,LUNCH,,1,,0.0,0.0,1.0,1.0,1.0
LUN_04103,LUNCH,,0,,1.0,0.0,0.0,0.0,0.0
LUN_04104,LUNCH,,0,,1.0,0.0,0.0,0.0,0.0
LUN_04105,LUNCH,,0,,0.0,1.0,1.0,0.0,0.0
LUN_04106,LUNCH,,0,,1.0,0.0,0.0,0.0,0.0
LUN_04107,LUNCH,,1,,0.0,1.0,0.0,1.0,0.0
LUN_04108,LUNCH,,0,,1.0,0.0,0.0,0.0,0.0
LUN_04109,LUNCH,,1,,0.0,0.0,1.0,0.0,1.0
LUN_04110,LUNCH,,0,,1.0,0.0,0.0,0.0,0.0
LUN_04111,LUNCH,,1,,0.0,0.0,1.0,0.0,0.0
LUN_04112,LUNCH,,1,,0.0,1.0,1.0,1.0,1.0
LUN_04113,LUNCH,,0,,0.0,1.0,1.0,1.0,0.0
LUN_04114,LUNCH,,0,,1.0,0.0,0.0,0.0,0.0
LUN_04115,LUNCH,,1,,0.0,1.0,1.0,1.0,1.0
LUN_04116,LUNCH,,0,,1.0,0.0,0.0,0.0,0.0
LUN_04117,LUNCH,,1,,0.0,0.0,1.0,1.0,0.0
LUN_04118,LUNCH,,0,,0.0,0.0,1.0,1.0,0.0
LUN_04119,LUNCH,,0,,0.0,0.0,1.0,1.0,1.0
LUN_04120,LUNCH,,0,,0.0,0.0,0.0,0.0,1.0
LUN_04121,LUNCH,,1,,0.0,1.0,1.0,1.0,0.0
LUN_04122,LUNCH,,0,,1.0,0.0,0.0,0.0,0.0
LUN_04123,LUNCH,,0,,1.0,0.0,0.0,0.0,0.0
LUN_04124,LUNCH,,1,,0.0,1.0,1.0,0.0,0.0
LUN_04125,LUNCH,,0,,0.0,1.0,0.0,0.0,1.0
LUN_04126,LUNCH,,0,,0.0,0.0,1.0,1.0,1.0
LUN_04127,LUNCH,,1,,0.0,1.0,1.0,1.0,0.0
LUN_04128,LUNCH,,1,,0.0,1.0,1.0,1.0,0.0
LUN_04129,LUNCH,,0,,0.0,1.0,1.0,1.0,0.0
LUN_04130,LUNCH,,0,,0.0,1.0,0.0,0.0,1.0
LUN_04131,LUNCH,,0,,0.0,1.0,0.0,1.0,0.0
LUN_04132,LUNCH,,0,,1.0,0.0,0.0,0.0,0.0
LUN_04133,LUNCH,,0,,0.0,0.0,0.0,0.0,1.0
LUN_04134,LUNCH,,1,,0.0,1.0,1.0,0.0,0.0
LUN_04135,LUNCH,,0,,0.0,1.0,0.0,1.0,0.0
LUN_04136,LUNCH,,0,,1.0,0.0,0.0,0.0,0.0
LUN_04137,LUNCH,,0,,0.0,1.0,0.0,0.0,1.0
LUN_04138,LUNCH,,1,,0.0,1.0,1.0,1.0,0.0
LUN_04139,LUNCH,,1,,0.0,1.0,1.0,0.0,0.0
LUN_04140,LUNCH,,1,,0.0,1.0,0.0,1.0,0.0
LUN_04141,LUNCH,,0,,1.0,0.0,0.0,0.0,0.0
LUN_04142,LUNCH,,0,,0.0,1.0,1.0,1.0,0.0
LUN_04143,LUNCH,,0,,1.0,0.0,0.0,0.0,0.0
LUN_04144,LUNCH,,0,,1.0,0.0,0.0,0.0,0.0
LUN_04145,LUNCH,,0,,0.0,0.0,0.0,0.0,0.0
LUN_04146,LUNCH,,0,,0.0,0.0,0.0,1.0,0.0
LUN_04147,LUNCH,,0,,0.0,1.0,0.0,1.0,1.0
LUN_04148,LUNCH,,0,,0.0,1.0,1.0,1.0,0.0
LUN_04149,LUNCH,,0,,0.0,1.0,1.0,0.0,1.0
LUN_04150,LUNCH,,1,,0.0,1.0,0.0,0.0,0.0
LUN_04151,LUNCH,,0,,0.0,1.0,1.0,0.0,0.0
LUN_04152,LUNCH,,1,,0.0,1.0,0.0,1.0,0.0
LUN_04153,LUNCH,,0,,0.0,1.0,1.0,0.0,1.0
LUN_04154,LUNCH,,0,,1.0,0.0,0.0,0.0,0.0
LUN_04155,LUNCH,,0,,0.0,1.0,1.0,1.0,1.0
LUN_04156,LUNCH,,1,,0.0,1.0,1.0,1.0,0.0
LUN_04157,LUNCH,,0,,0.0,0.0,1.0,0.0,0.0
LUN_04158,LUNCH,,1,,0.0,1.0,0.0,1.0,1.0
LUN_04159,LUNCH,,0,,1.0,0.0,0.0,0.0,0.0
LUN_04160,LUNCH,,1,,0.0,1.0,0.0,0.0,1.0
LUN_04161,LUNCH,,0,,0.0,0.0,0.0,0.0,0.0
LUN_04162,LUNCH,,1,,0.0,1.0,1.0,1.0,1.0
LUN_04163,LUNCH,,0,,0.0,0.0,0.0,0.0,0.0
LUN_04164,LUNCH,,1,,0.0,1.0,1.0,0.0,1.0
LUN_04165,LUNCH,,1,,0.0,1.0,1.0,1.0,0.0
LUN_04166,LUNCH,,1,,0.0,1.0,0.0,0.0,0.0
LUN_04167,LUNCH,,1,,0.0,1.0,0.0,0.0,1.0
LUN_04168,LUNCH,,0,,0.0,1.0,1.0,1.0,0.0
LUN_04169,LUNCH,,1,,0.0,1.0,1.0,0.0,0.0
LUN_04170,LUNCH,,1,,0.0,1.0,0.0,1.0,0.0
LUN_04171,LUNCH,,0,,1.0,0.0,0.0,0.0,0.0
LUN_04172,LUNCH,,0,,0.0,1.0,0.0,1.0,0.0
LUN_04173,LUNCH,,0,,1.0,0.0,0.0,0.0,0.0
LUN_04174,LUNCH,,1,,0.0,1.0,1.0,1.0,0.0
LUN_04175,LUNCH,,1,,0.0,1.0,0.0,1.0,0.0
LUN_04176,LUNCH,,0,,0.0,1.0,1.0,0.0,0.0
LUN_04177,LUNCH,,1,,0.0,0.0,0.0,0.0,0.0
LUN_04178,LUNCH,,1,,0.0,0.0,1.0,0.0,0.0
LUN_04179,LUNCH,,0,,0.0,1.0,1.0,0.0,0.0
LUN_04180,LUNCH,,1,,0.0,1.0,1.0,0.0,1.0
LUN_04181,LUNCH,,1,,0.0,1.0,0.0,1.0,1.0
LUN_04182,LUNCH,,0,,0.0,1.0,1.0,0.0,0.0
LUN_04183,LUNCH,,1,,0.0,1.0,1.0,0.0,0.0
LUN_04184,LUNCH,,0,,0.0,1.0,0.0,0.0,0.0
LUN_04185,LUNCH,,1,,0.0,1.0,1.0,0.0,0.0
LUN_04186,LUNCH,,1,,0.0,1.0,1.0,1.0,0.0
LUN_04187,LUNCH,,0,,0.0,1.0,1.0,1.0,0.0
LUN_04188,LUNCH,,0,,0.0,1.0,1.0,1.0,1.0
LUN_04189,LUNCH,,0,,1.0,0.0,0.0,0.0,0.0
LUN_04190,LUNCH,,1,,0.0,1.0,1.0,1.0,0.0
LUN_04191,LUNCH,,0,,1.0,0.0,0.0,0.0,0.0
LUN_04192,LUNCH,,1,,0.0,0.0,1.0,0.0,1.0
LUN_04193,LUNCH,,1,,0.0,1.0,0.0,1.0,0.0
LUN_04194,LUNCH,,0,,0.0,1.0,0.0,0.0,0.0
LUN_04195,LUNCH,,0,,0.0,0.0,1.0,1.0,0.0
LUN_04196,LUNCH,,0,,1.0,0.0,0.0,0.0,0.0
LUN_04197,LUNCH,,1,,0.0,1.0,1.0,0.0,1.0
LUN_04198,LUNCH,,1,,0.0,0.0,1.0,0.0,0.0
LUN_04199,LUNCH,,0,,0.0,1.0,0.0,1.0,0.0
LUN_04200,LUNCH,,0,,0.0,1.0,0.0,0.0,0.0
LUN_04201,LUNCH,,0,,1.0,0.0,0.0,0.0,0.0
LUN_04202,LUNCH,,0,,0.0,1.0,0.0,0.0,0.0
LUN_04203,LUNCH,,0,,0.0,1.0,1.0,0.0,0.0
LUN_04204,LUNCH,,1,,0.0,1.0,1.0,1.0,1.0
LUN_04205,LUNCH,,0,,0.0,1.0,1.0,1.0,0.0
LUN_04206,LUNCH,,0,,1.0,0.0,0.0,0.0,0.0
LUN_04207,LUNCH,,0,,1.0,0.0,0.0,0.0,0.0
LUN_04208,LUNCH,,0,,1.0,0.0,0.0,0.0,0.0
LUN_04209,LUNCH,,0,,0.0,1.0,1.0,1.0,1.0
LUN_04210,LUNCH,,1,,0.0,1.0,0.0,0.0,1.0
LUN_04211,LUNCH,,1,,0.0,0.0,0.0,1.0,0.0
LUN_04212,LUNCH,,0,,1.0,0.0,0.0,0.0,0.0
LUN_04213,LUNCH,,0,,1.0,0.0,0.0,0.0,0.0
LUN_04214,LUNCH,,0,,0.0,1.0,0.0,0.0,0.0
LUN_04215,LUNCH,,1,,0.0,1.0,0.0,0.0,1.0
LUN_04216,LUNCH,,0,,0.0,0.0,1.0,0.0,1.0
LUN_04217,LUNCH,,1,,0.0,1.0,0.0,0.0,0.0
LUN_04218,LUNCH,,0,,0.0,1.0,0.0,0.0,0.0
LUN_04219,LUNCH,,1,,0.0,1.0,0.0,1.0,0.0
LUN_04220,LUNCH,,0,,1.0,0.0,0.0,0.0,0.0
LUN_04221,LUNCH,,0,,0.0,1.0,1.0,1.0,0.0
LUN_04222,LUNCH,,0,,1.0,0.0,0.0,0.0,0.0
LUN_04223,LUNCH,,1,,0.0,0.0,1.0,1.0,1.0
LUN_04224,LUNCH,,0,,0.0,1.0,1.0,0.0,0.0
LUN_04225,LUNCH,,0,,0.0,1.0,0.0,0.0,0.0
LUN_04226,LUNCH,,1,,0.0,1.0,0.0,0.0,0.0
LUN_04227,LUNCH,,1,,0.0,1.0,0.0,0.0,1.0
LUN_04228,LUNCH,,0,,1.0,0.0,0.0,0.0,0.0
LUN_04229,LUNCH,,0,,0.0,1.0,1.0,1.0,1.0
LUN_04230,LUNCH,,0,,0.0,1.0,1.0,0.0,0.0
LUN_04231,LUNCH,,1,,0.0,1.0,1.0,1.0,1.0
LUN_04232,LUNCH,,1,,0.0,1.0,0.0,1.0,1.0
LUN_04233,LUNCH,,0,,1.0,0.0,0.0,0.0,0.0
LUN_04234,LUNCH,,1,,0.0,1.0,0.0,1.0,0.0
LUN_04235,LUNCH,,1,,0.0,0.0,0.0,0.0,1.0
LUN_04236,LUNCH,,1,,0.0,1.0,1.0,0.0,0.0
LUN_04237,LUNCH,,1,,0.0,1.0,1.0,1.0,0.0
LUN_04238,LUNCH,,1,,0.0,1.0,0.0,0.0,0.0
LUN_04239,LUNCH,,1,,0.0,0.0,1.0,1.0,0.0
LUN_04240,LUNCH,,1,,0.0,1.0,1.0,0.0,1.0
LUN_04241,LUNCH,,1,,0.0,1.0,0.0,0.0,0.0
LUN_04242,LUNCH,,0,,1.0,0.0,0.0,0.0,0.0
LUN_04243,LUNCH,,0,,0.0,1.0,1.0,0.0,0.0
LUN_04244,LUNCH,,1,,0.0,1.0,1.0,1.0,1.0
LUN_04245,LUNCH,,0,,1.0,0.0,0.0,0.0,0.0
LUN_04246,LUNCH,,1,,0.0,1.0,1.0,0.0,0.0
LUN_04247,LUNCH,,0,,0.0,1.0,1.0,0.0,0.0
LUN_04248,LUNCH,,1,,0.0,1.0,1.0,0.0,0.0
LUN_04249,LUNCH,,1,,0.0,0.0,1.0,0.0,0.0
LUN_04250,LUNCH,,1,,0.0,1.0,1.0,1.0,1.0
LUN_04251,LUNCH,,0,,0.0,1.0,1.0,1.0,0.0
LUN_04252,LUNCH,,0,,0.0,1.0,0.0,0.0,0.0
LUN_04253,LUNCH,,1,,0.0,1.0,1.0,0.0,0.0
LUN_04254,LUNCH,,1,,0.0,1.0,1.0,0.0,0.0
LUN_04255,LUNCH,,1,,0.0,1.0,1.0,0.0,1.0
LUN_04256,LUNCH,,1,,0.0,0.0,1.0,0.0,0.0
LUN_04257,LUNCH,,0,,1.0,0.0,0.0,0.0,0.0
LUN_04258,LUNCH,,0,,0.0,1.0,1.0,1.0,1.0
LUN_04259,LUNCH,,0,,0.0,1.0,1.0,1.0,0.0
LUN_04260,LUNCH,,1,,0.0,1.0,1.0,1.0,0.0
LUN_04261,LUNCH,,1,,0.0,1.0,0.0,0.0,1.0
LUN_04262,LUNCH,,1,,0.0,1.0,1.0,0.0,1.0
LUN_04263,LUNCH,,1,,0.0,1.0,0.0,1.0,1.0
LUN_04264,LUNCH,,0,,0.0,1.0,1.0,1.0,1.0
LUN_04265,LUNCH,,0,,0.0,1.0,1.0,0.0,0.0
LUN_04266,LUNCH,,0,,0.0,1.0,1.0,0.0,1.0
LUN_04267,LUNCH,,0,,1.0,0.0,0.0,0.0,0.0
LUN_04268,LUNCH,,0,,0.0,1.0,1.0,1.0,1.0
LUN_04269,LUNCH,,0,,0.0,1.0,0.0,1.0,0.0
LUN_04270,LUNCH,,1,,0.0,1.0,1.0,0.0,0.0
LUN_04271,LUNCH,,1,,0.0,1.0,0.0,0.0,1.0
LUN_04272,LUNCH,,0,,1.0,0.0,0.0,0.0,0.0
LUN_04273,LUNCH,,0,,0.0,1.0,0.0,0.0,0.0
LUN_04274,LUNCH,,0,,1.0,0.0,0.0,0.0,0.0
LUN_04275,LUNCH,,1,,0.0,1.0,0.0,1.0,1.0
LUN_04276,LUNCH,,0,,0.0,1.0,1.0,0.0,0.0
LUN_04277,LUNCH,,1,,0.0,1.0,1.0,1.0,0.0
LUN_04278,LUNCH,,1,,0.0,1.0,1.0,0.0,0.0
LUN_04279,LUNCH,,0,,1.0,0.0,0.0,0.0,0.0
LUN_04280,LUNCH,,1,,0.0,1.0,0.0,0.0,0.0
LUN_04281,LUNCH,,1,,0.0,1.0,0.0,1.0,1.0
LUN_04282,LUNCH,,1,,0.0,1.0,1.0,0.0,0.0
LUN_04283,LUNCH,,1,,0.0,1.0,1.0,1.0,0.0
LUN_04284,LUNCH,,1,,0.0,1.0,1.0,1.0,0.0
LUN_04285,LUNCH,,1,,0.0,1.0,1.0,1.0,0.0
LUN_04286,LUNCH,,0,,1.0,0.0,0.0,0.0,0.0
LUN_04287,LUNCH,,1,,0.0,1.0,0.0,0.0,0.0
LUN_04288,LUNCH,,1,,0.0,1.0,1.0,1.0,1.0
LUN_04289,LUNCH,,0,,0.0,1.0,1.0,0.0,1.0
LUN_04290,LUNCH,,1,,0.0,1.0,1.0,0.0,1.0
LUN_04291,LUNCH,,1,,0.0,0.0,0.0,1.0,0.0
LUN_04292,LUNCH,,0,,0.0,1.0,1.0,0.0,0.0
LUN_04293,LUNCH,,1,,0.0,1.0,0.0,0.0,0.0
LUN_04294,LUNCH,,1,,0.0,1.0,1.0,0.0,1.0
LUN_04295,LUNCH,,0,,0.0,1.0,1.0,0.0,0.0
LUN_04296,LUNCH,,1,,0.0,1.0,0.0,0.0,0.0
LUN_04297,LUNCH,,1,,0.0,0.0,1.0,1.0,1.0
LUN_04298,LUNCH,,1,,0.0,1.0,1.0,1.0,0.0
LUN_04299,LUNCH,,0,,1.0,0.0,0.0,0.0,0.0
LUN_04300,LUNCH,,0,,0.0,1.0,0.0,0.0,0.0
LUN_04301,LUNCH,,1,,0.0,1.0,1.0,1.0,0.0
LUN_04302,LUNCH,,1,,0.0,1.0,1.0,0.0,0.0
LUN_04303,LUNCH,,1,,0.0,0.0,0.0,0.0,1.0
LUN_04304,LUNCH,,0,,0.0,1.0,1.0,0.0,0.0
LUN_04305,LUNCH,,1,,0.0,1.0,0.0,0.0,0.0
LUN_04306,LUNCH,,0,,0.0,1.0,0.0,0.0,1.0
LUN_04307,LUNCH,,1,,0.0,1.0,1.0,1.0,0.0
LUN_04308,LUNCH,,1,,0.0,1.0,1.0,0.0,1.0
LUN_04309,LUNCH,,0,,1.0,0.0,0.0,0.0,0.0
LUN_04310,LUNCH,,0,,1.0,0.0,0.0,0.0,0.0
LUN_04311,LUNCH,,0,,0.0,1.0,1.0,1.0,0.0
LUN_04312,LUNCH,,0,,1.0,0.0,0.0,0.0,0.0
LUN_04313,LUNCH,,1,,0.0,1.0,0.0,0.0,0.0
LUN_04314,LUNCH,,1,,0.0,1.0,1.0,0.0,1.0
LUN_04315,LUNCH,,0,,1.0,0.0,0.0,0.0,0.0
LUN_04316,LUNCH,,0,,1.0,0.0,0.0,0.0,0.0
LUN_04317,LUNCH,,1,,0.0,1.0,0.0,0.0,0.0
LUN_04318,LUNCH,,0,,0.0,0.0,0.0,1.0,0.0
LUN_04319,LUNCH,,0,,1.0,0.0,0.0,0.0,0.0
LUN_04320,LUNCH,,0,,1.0,0.0,0.0,0.0,0.0
LUN_04321,LUNCH,,0,,1.0,0.0,0.0,0.0,0.0
LUN_04322,LUNCH,,1,,0.0,1.0,1.0,0.0,1.0
LUN_04323,LUNCH,,0,,0.0,0.0,0.0,0.0,0.0
LUN_04324,LUNCH,,1,,0.0,1.0,1.0,0.0,0.0
LUN_04325,LUNCH,,0,,0.0,1.0,0.0,0.0,0.0
LUN_04326,LUNCH,,1,,0.0,1.0,1.0,0.0,0.0
LUN_04327,LUNCH,,1,,0.0,1.0,1.0,0.0,0.0
LUN_04328,LUNCH,,0,,0.0,1.0,1.0,1.0,1.0
LUN_04329,LUNCH,,1,,0.0,1.0,0.0,0.0,0.0
LUN_04330,LUNCH,,1,,0.0,1.0,0.0,0.0,0.0
LUN_04331,LUNCH,,1,,0.0,1.0,1.0,0.0,0.0
LUN_04332,LUNCH,,0,,0.0,1.0,1.0,1.0,1.0
LUN_04333,LUNCH,,0,,0.0,1.0,0.0,1.0,0.0
LUN_04334,LUNCH,,0,,0.0,1.0,0.0,0.0,0.0
LUN_04335,LUNCH,,0,,1.0,0.0,0.0,0.0,0.0
LUN_04336,LUNCH,,0,,0.0,1.0,0.0,1.0,1.0
LUN_04337,LUNCH,,0,,0.0,0.0,1.0,0.0,0.0
LUN_04338,LUNCH,,1,,0.0,1.0,1.0,1.0,0.0
LUN_04339,LUNCH,,0,,1.0,0.0,0.0,0.0,0.0
LUN_04340,LUNCH,,0,,0.0,1.0,1.0,1.0,0.0
LUN_04341,LUNCH,,1,,0.0,1.0,1.0,0.0,0.0
LUN_04342,LUNCH,,1,,0.0,1.0,1.0,1.0,0.0
LUN_04343,LUNCH,,1,,0.0,1.0,1.0,1.0,0.0
LUN_04344,LUNCH,,1,,0.0,1.0,0.0,0.0,1.0
LUN_04345,LUNCH,,1,,0.0,1.0,1.0,0.0,1.0
LUN_04346,LUNCH,,0,,0.0,1.0,1.0,0.0,0.0
LUN_04347,LUNCH,,1,,0.0,0.0,0.0,0.0,0.0
LUN_04348,LUNCH,,0,,0.0,1.0,0.0,1.0,1.0
LUN_04349,LUNCH,,0,,0.0,1.0,1.0,1.0,0.0
LUN_04350,LUNCH,,1,,0.0,1.0,1.0,0.0,1.0
LUN_04351,LUNCH,,0,,0.0,1.0,0.0,0.0,0.0
LUN_04352,LUNCH,,1,,0.0,1.0,1.0,1.0,0.0
LUN_04353,LUNCH,,1,,0.0,1.0,0.0,0.0,1.0
LUN_04354,LUNCH,,1,,0.0,1.0,0.0,0.0,0.0
LUN_04355,LUNCH,,0,,1.0,0.0,0.0,0.0,0.0
LUN_04356,LUNCH,,1,,0.0,1.0,0.0,0.0,0.0
LUN_04357,LUNCH,,1,,0.0,0.0,0.0,0.0,0.0
LUN_04358,LUNCH,,0,,0.0,1.0,1.0,1.0,1.0
LUN_04359,LUNCH,,1,,0.0,1.0,0.0,1.0,0.0
LUN_04360,LUNCH,,1,,0.0,1.0,0.0,0.0,1.0
LUN_04361,LUNCH,,1,,0.0,0.0,1.0,0.0,0.0
LUN_04362,LUNCH,,0,,1.0,0.0,0.0,0.0,0.0
LUN_04363,LUNCH,,0,,0.0,1.0,0.0,0.0,1.0
LUN_04364,LUNCH,,0,,0.0,0.0,0.0,0.0,1.0
LUN_04365,LUNCH,,0,,0.0,1.0,1.0,0.0,0.0
LUN_04366,LUNCH,,0,,0.0,0.0,1.0,0.0,1.0
LUN_04367,LUNCH,,0,,1.0,0.0,0.0,0.0,0.0
LUN_04368,LUNCH,,0,,0.0,0.0,1.0,1.0,0.0
LUN_04369,LUNCH,,0,,0.0,1.0,0.0,0.0,1.0
LUN_04370,LUNCH,,0,,0.0,1.0,0.0,0.0,0.0
LUN_04371,LUNCH,,0,,0.0,1.0,0.0,0.0,0.0
LUN_04372,LUNCH,,0,,1.0,0.0,0.0,0.0,0.0
LUN_04373,LUNCH,,1,,0.0,1.0,1.0,1.0,0.0
LUN_04374,LUNCH,,1,,0.0,1.0,0.0,0.0,0.0
LUN_04375,LUNCH,,0,,1.0,0.0,0.0,0.0,0.0
LUN_04376,LUNCH,,1,,0.0,1.0,0.0,0.0,0.0
LUN_04377,LUNCH,,1,,0.0,0.0,1.0,1.0,0.0
LUN_04378,LUNCH,,1,,0.0,1.0,0.0,0.0,0.0
LUN_04379,LUNCH,,1,,0.0,1.0,1.0,1.0,1.0
LUN_04380,LUNCH,,0,,1.0,0.0,0.0,0.0,0.0
LUN_04381,LUNCH,,0,,0.0,1.0,0.0,0.0,0.0
LUN_04382,LUNCH,,0,,0.0,1.0,1.0,1.0,0.0
LUN_04383,LUNCH,,0,,0.0,1.0,0.0,0.0,0.0
LUN_04384,LUNCH,,0,,1.0,0.0,0.0,0.0,0.0
LUN_04385,LUNCH,,1,,0.0,1.0,0.0,1.0,0.0
LUN_04386,LUNCH,,0,,0.0,1.0,0.0,0.0,1.0
LUN_04387,LUNCH,,0,,0.0,1.0,0.0,1.0,0.0
LUN_04388,LUNCH,,0,,0.0,1.0,0.0,1.0,0.0
LUN_04389,LUNCH,,1,,0.0,1.0,1.0,0.0,0.0
LUN_04390,LUNCH,,1,,0.0,1.0,0.0,0.0,0.0
LUN_04391,LUNCH,,1,,0.0,1.0,1.0,1.0,1.0
LUN_04392,LUNCH,,0,,0.0,0.0,0.0,0.0,1.0
LUN_04393,LUNCH,,1,,0.0,1.0,1.0,1.0,1.0
LUN_04394,LUNCH,,0,,0.0,1.0,0.0,0.0,1.0
LUN_04395,LUNCH,,1,,0.0,0.0,0.0,1.0,0.0
LUN_04396,LUNCH,,0,,0.0,1.0,1.0,0.0,1.0
LUN_04397,LUNCH,,0,,1.0,0.0,0.0,0.0,0.0
LUN_04398,LUNCH,,0,,0.0,1.0,0.0,0.0,0.0
LUN_04399,LUNCH,,1,,0.0,1.0,1.0,0.0,1.0
LUN_04400,LUNCH,,0,,0.0,1.0,0.0,1.0,0.0
LUN_04401,LUNCH,,1,,0.0,1.0,0.0,0.0,1.0
LUN_04402,LUNCH,,1,,0.0,1.0,0.0,1.0,0.0
LUN_04403,LUNCH,,1,,0.0,1.0,0.0,0.0,0.0
LUN_04404,LUNCH,,0,,0.0,1.0,1.0,1.0,0.0
LUN_04405,LUNCH,,1,,0.0,1.0,1.0,1.0,0.0
LUN_04406,LUNCH,,1,,0.0,0.0,1.0,0.0,0.0
LUN_04407,LUNCH,,1,,0.0,1.0,0.0,1.0,0.0
LUN_04408,LUNCH,,0,,0.0,0.0,0.0,0.0,0.0
LUN_04409,LUNCH,,1,,0.0,1.0,1.0,0.0,0.0
LUN_04410,LUNCH,,1,,0.0,1.0,0.0,1.0,0.0
LUN_04411,LUNCH,,0,,1.0,0.0,0.0,0.0,0.0
LUN_04412,LUNCH,,0,,0.0,1.0,1.0,1.0,0.0
LUN_04413,LUNCH,,0,,0.0,1.0,0.0,0.0,0.0
LUN_04414,LUNCH,,1,,0.0,1.0,0.0,0.0,0.0
LUN_04415,LUNCH,,0,,1.0,0.0,0.0,0.0,0.0
LUN_04416,LUNCH,,0,,0.0,1.0,1.0,1.0,0.0
LUN_04417,LUNCH,,0,,1.0,0.0,0.0,0.0,0.0
LUN_04418,LUNCH,,0,,1.0,0.0,0.0,0.0,0.0
LUN_04419,LUNCH,,0,,0.0,1.0,1.0,1.0,0.0
LUN_04420,LUNCH,,0,,1.0,0.0,0.0,0.0,0.0
LUN_04421,LUNCH,,1,,0.0,1.0,1.0,0.0,0.0
LUN_04422,LUNCH,,1,,0.0,1.0,1.0,0.0,0.0
LUN_04423,LUNCH,,0,,1.0,0.0,0.0,0.0,0.0
LUN_04424,LUNCH,,1,,0.0,1.0,1.0,1.0,0.0
LUN_04425,LUNCH,,0,,0.0,1.0,1.0,1.0,0.0
LUN_04426,LUNCH,,1,,0.0,1.0,1.0,1.0,1.0
LUN_04427,LUNCH,,0,,0.0,1.0,1.0,0.0,1.0
LUN_04428,LUNCH,,0,,0.0,0.0,1.0,0.0,0.0
LUN_04429,LUNCH,,0,,0.0,1.0,0.0,0.0,0.0
LUN_04430,LUNCH,,0,,1.0,0.0,0.0,0.0,0.0
LUN_04431,LUNCH,,1,,0.0,1.0,1.0,1.0,0.0
LUN_04432,LUNCH,,1,,0.0,1.0,0.0,0.0,1.0
LUN_04433,LUNCH,,0,,0.0,0.0,1.0,0.0,1.0
LUN_04434,LUNCH,,0,,1.0,0.0,0.0,0.0,0.0
LUN_04435,LUNCH,,0,,0.0,0.0,0.0,0.0,0.0
LUN_04436,LUNCH,,0,,0.0,0.0,1.0,0.0,0.0
LUN_04437,LUNCH,,1,,0.0,1.0,1.0,0.0,0.0
LUN_04438,LUNCH,,0,,0.0,1.0,1.0,1.0,0.0
LUN_04439,LUNCH,,1,,0.0,1.0,1.0,1.0,0.0
LUN_04440,LUNCH,,0,,0.0,0.0,0.0,0.0,0.0
LUN_04441,LUNCH,,0,,1.0,0.0,0.0,0.0,0.0
LUN_04442,LUNCH,,1,,0.0,1.0,0.0,0.0,0.0
LUN_04443,LUNCH,,0,,0.0,1.0,1.0,1.0,0.0
LUN_04444,LUNCH,,1,,0.0,1.0,1.0,1.0,1.0
LUN_04445,LUNCH,,0,,0.0,0.0,1.0,0.0,0.0
LUN_04446,LUNCH,,1,,0.0,0.0,0.0,0.0,0.0
LUN_04447,LUNCH,,0,,1.0,0.0,0.0,0.0,0.0
LUN_04448,LUNCH,,0,,0.0,0.0,0.0,0.0,0.0
LUN_04449,LUNCH,,0,,1.0,0.0,0.0,0.0,0.0
LUN_04450,LUNCH,,1,,0.0,1.0,1.0,0.0,0.0
LUN_04451,LUNCH,,0,,1.0,0.0,0.0,0.0,0.0
LUN_04452,LUNCH,,0,,1.0,0.0,0.0,0.0,0.0
LUN_04453,LUNCH,,0,,0.0,0.0,0.0,0.0,0.0
LUN_04454,LUNCH,,1,,0.0,1.0,0.0,0.0,0.0
LUN_04455,LUNCH,,1,,0.0,1.0,0.0,1.0,1.0
LUN_04456,LUNCH,,0,,0.0,1.0,0.0,1.0,1.0
LUN_04457,LUNCH,,1,,0.0,1.0,1.0,1.0,1.0
LUN_04458,LUNCH,,1,,0.0,1.0,0.0,0.0,1.0
LUN_04459,LUNCH,,1,,0.0,1.0,1.0,1.0,1.0
LUN_04460,LUNCH,,1,,0.0,1.0,1.0,1.0,0.0
LUN_04461,LUNCH,,1,,0.0,1.0,1.0,0.0,0.0
LUN_04462,LUNCH,,1,,0.0,0.0,0.0,0.0,1.0
LUN_04463,LUNCH,,1,,0.0,1.0,1.0,0.0,1.0
LUN_04464,LUNCH,,0,,1.0,0.0,0.0,0.0,0.0
LUN_04465,LUNCH,,1,,0.0,1.0,1.0,1.0,0.0
LUN_04466,LUNCH,,1,,0.0,1.0,1.0,0.0,1.0
LUN_04467,LUNCH,,1,,0.0,1.0,1.0,0.0,0.0
LUN_04468,LUNCH,,0,,1.0,0.0,0.0,0.0,0.0
LUN_04469,LUNCH,,1,,0.0,1.0,0.0,0.0,1.0
LUN_04470,LUNCH,,1,,0.0,1.0,1.0,0.0,1.0
LUN_04471,LUNCH,,0,,0.0,1.0,1.0,0.0,0.0
LUN_04472,LUNCH,,1,,0.0,0.0,0.0,0.0,0.0
LUN_04473,LUNCH,,0,,0.0,1.0,0.0,0.0,0.0
LUN_04474,LUNCH,,0,,0.0,1.0,1.0,0.0,0.0
LUN_04475,LUNCH,,1,,0.0,1.0,1.0,0.0,0.0
LUN_04476,LUNCH,,0,,1.0,0.0,0.0,0.0,0.0
LUN_04477,LUNCH,,1,,0.0,1.0,0.0,0.0,0.0
LUN_04478,LUNCH,,0,,1.0,0.0,0.0,0.0,0.0
LUN_04479,LUNCH,,0,,0.0,1.0,0.0,0.0,0.0
LUN_04480,LUNCH,,1,,0.0,1.0,1.0,1.0,0.0
LUN_04481,LUNCH,,1,,0.0,1.0,0.0,1.0,0.0
LUN_04482,LUNCH,,0,,1.0,0.0,0.0,0.0,0.0
LUN_04483,LUNCH,,1,,0.0,1.0,0.0,0.0,1.0
LUN_04484,LUNCH,,1,,0.0,1.0,1.0,1.0,0.0
LUN_04485,LUNCH,,0,,0.0,1.0,1.0,0.0,0.0
LUN_04486,LUNCH,,0,,1.0,0.0,0.0,0.0,0.0
LUN_04487,LUNCH,,0,,0.0,1.0,0.0,0.0,0.0
LUN_04488,LUNCH,,1,,0.0,1.0,1.0,1.0,0.0
LUN_04489,LUNCH,,1,,0.0,1.0,0.0,1.0,1.0
LUN_04490,LUNCH,,1,,0.0,1.0,0.0,1.0,0.0
LUN_04491,LUNCH,,0,,0.0,1.0,1.0,1.0,1.0
LUN_04492,LUNCH,,0,,0.0,1.0,0.0,1.0,1.0
LUN_04493,LUNCH,,0,,1.0,0.0,0.0,0.0,0.0
LUN_04494,LUNCH,,0,,0.0,1.0,1.0,0.0,0.0
LUN_04495,LUNCH,,0,,1.0,0.0,0.0,0.0,0.0
LUN_04496,LUNCH,,0,,0.0,1.0,0.0,0.0,1.0
LUN_04497,LUNCH,,0,,0.0,1.0,1.0,1.0,0.0
LUN_04498,LUNCH,,0,,1.0,0.0,0.0,0.0,0.0
LUN_04499,LUNCH,,0,,1.0,0.0,0.0,0.0,0.0
LUN_04500,LUNCH,,1,,0.0,0.0,0.0,0.0,0.0
LUN_04501,LUNCH,,1,,0.0,1.0,0.0,0.0,1.0
LUN_04502,LUNCH,,1,,0.0,1.0,1.0,1.0,1.0
LUN_04503,LUNCH,,1,,0.0,0.0,1.0,0.0,1.0
LUN_04504,LUNCH,,0,,0.0,1.0,1.0,1.0,1.0
LUN_04505,LUNCH,,0,,0.0,1.0,0.0,0.0,0.0
LUN_04506,LUNCH,,0,,1.0,0.0,0.0,0.0,0.0
LUN_04507,LUNCH,,0,,1.0,0.0,0.0,0.0,0.0
LUN_04508,LUNCH,,0,,0.0,1.0,0.0,0.0,0.0
LUN_04509,LUNCH,,0,,0.0,1.0,0.0,0.0,1.0
LUN_04510,LUNCH,,0,,0.0,1.0,0.0,1.0,1.0
LUN_04511,LUNCH,,0,,0.0,0.0,1.0,0.0,0.0
LUN_04512,LUNCH,,1,,0.0,1.0,1.0,1.0,0.0
LUN_04513,LUNCH,,1,,0.0,1.0,1.0,1.0,1.0
LUN_04514,LUNCH,,0,,1.0,0.0,0.0,0.0,0.0
LUN_04515,LUNCH,,1,,0.0,1.0,0.0,0.0,0.0
LUN_04516,LUNCH,,0,,1.0,0.0,0.0,0.0,0.0
LUN_04517,LUNCH,,0,,0.0,0.0,0.0,1.0,1.0
LUN_04518,LUNCH,,0,,1.0,0.0,0.0,0.0,0.0
LUN_04519,LUNCH,,1,,0.0,0.0,1.0,0.0,0.0
LUN_04520,LUNCH,,0,,0.0,1.0,1.0,0.0,0.0
LUN_04521,LUNCH,,1,,0.0,1.0,1.0,1.0,1.0
LUN_04522,LUNCH,,0,,0.0,0.0,0.0,1.0,0.0
LUN_04523,LUNCH,,0,,0.0,1.0,0.0,0.0,0.0
LUN_04524,LUNCH,,1,,0.0,1.0,1.0,1.0,1.0
LUN_04525,LUNCH,,0,,1.0,0.0,0.0,0.0,0.0
LUN_04526,LUNCH,,1,,0.0,1.0,0.0,0.0,0.0
LUN_04527,LUNCH,,1,,0.0,1.0,1.0,0.0,0.0
LUN_04528,LUNCH,,0,,0.0,1.0,0.0,0.0,0.0
LUN_04529,LUNCH,,1,,0.0,0.0,0.0,1.0,0.0
LUN_04530,LUNCH,,0,,0.0,0.0,1.0,0.0,1.0
LUN_04531,LUNCH,,1,,0.0,1.0,0.0,0.0,0.0
LUN_04532,LUNCH,,1,,0.0,1.0,1.0,1.0,0.0
LUN_04533,LUNCH,,0,,0.0,1.0,1.0,1.0,1.0
LUN_04534,LUNCH,,1,,0.0,1.0,0.0,0.0,1.0
LUN_04535,LUNCH,,1,,0.0,1.0,0.0,0.0,0.0
LUN_04536,LUNCH,,1,,0.0,1.0,0.0,0.0,0.0
LUN_04537,LUNCH,,1,,0.0,1.0,0.0,1.0,0.0
LUN_04538,LUNCH,,1,,0.0,1.0,0.0,1.0,0.0
LUN_04539,LUNCH,,1,,0.0,1.0,1.0,0.0,0.0
LUN_04540,LUNCH,,1,,0.0,1.0,1.0,1.0,0.0
LUN_04541,LUNCH,,0,,1.0,0.0,0.0,0.0,0.0
LUN_04542,LUNCH,,1,,0.0,1.0,1.0,1.0,1.0
LUN_04543,LUNCH,,1,,0.0,1.0,1.0,1.0,1.0
LUN_04544,LUNCH,,0,,0.0,1.0,0.0,1.0,0.0
LUN_04545,LUNCH,,0,,0.0,1.0,1.0,0.0,0.0
LUN_04546,LUNCH,,0,,0.0,1.0,0.0,1.0,0.0
LUN_04547,LUNCH,,0,,0.0,0.0,0.0,1.0,1.0
LUN_04548,LUNCH,,0,,0.0,1.0,1.0,1.0,0.0
LUN_04549,LUNCH,,1,,0.0,1.0,1.0,1.0,0.0
LUN_04550,LUNCH,,1,,0.0,1.0,1.0,1.0,0.0
LUN_04551,LUNCH,,0,,1.0,0.0,0.0,0.0,0.0
LUN_04552,LUNCH,,1,,0.0,1.0,1.0,0.0,1.0
LUN_04553,LUNCH,,0,,1.0,0.0,0.0,0.0,0.0
LUN_04554,LUNCH,,1,,0.0,1.0,1.0,0.0,1.0
LUN_04555,LUNCH,,1,,0.0,1.0,1.0,0.0,1.0
LUN_04556,LUNCH,,1,,0.0,0.0,0.0,0.0,0.0
LUN_04557,LUNCH,,1,,0.0,1.0,1.0,0.0,0.0
LUN_04558,LUNCH,,0,,0.0,1.0,1.0,0.0,1.0
LUN_04559,LUNCH,,0,,1.0,0.0,0.0,0.0,0.0
LUN_04560,LUNCH,,0,,0.0,1.0,0.0,1.0,0.0
LUN_04561,LUNCH,,1,,0.0,1.0,0.0,0.0,1.0
LUN_04562,LUNCH,,1,,0.0,1.0,0.0,0.0,1.0
LUN_04563,LUNCH,,1,,0.0,1.0,1.0,0.0,0.0
LUN_04564,LUNCH,,1,,0.0,1.0,1.0,0.0,0.0
LUN_04565,LUNCH,,1,,0.0,1.0,1.0,1.0,1.0
LUN_04566,LUNCH,,0,,1.0,0.0,0.0,0.0,0.0
LUN_04567,LUNCH,,1,,0.0,1.0,1.0,1.0,1.0
LUN_04568,LUNCH,,0,,0.0,1.0,0.0,1.0,1.0
LUN_04569,LUNCH,,0,,1.0,0.0,0.0,0.0,0.0
LUN_04570,LUNCH,,1,,0.0,1.0,1.0,0.0,1.0
LUN_04571,LUNCH,,1,,0.0,1.0,0.0,0.0,1.0
LUN_04572,LUNCH,,0,,1.0,0.0,0.0,0.0,0.0
LUN_04573,LUNCH,,1,,0.0,1.0,1.0,0.0,0.0
LUN_04574,LUNCH,,0,,1.0,0.0,0.0,0.0,0.0
LUN_04575,LUNCH,,0,,0.0,1.0,1.0,1.0,0.0
LUN_04576,LUNCH,,1,,0.0,1.0,0.0,1.0,0.0
LUN_04577,LUNCH,,1,,0.0,1.0,1.0,0.0,0.0
LUN_04578,LUNCH,,1,,0.0,0.0,1.0,1.0,0.0
LUN_04579,LUNCH,,0,,0.0,1.0,1.0,0.0,1.0
LUN_04580,LUNCH,,0,,0.0,1.0,1.0,0.0,0.0
LUN_04581,LUNCH,,0,,1.0,0.0,0.0,0.0,0.0
LUN_04582,LUNCH,,0,,1.0,0.0,0.0,0.0,0.0
LUN_04583,LUNCH,,0,,0.0,1.0,0.0,1.0,1.0
LUN_04584,LUNCH,,0,,0.0,1.0,1.0,0.0,0.0
LUN_04585,LUNCH,,1,,0.0,1.0,1.0,1.0,1.0
LUN_04586,LUNCH,,0,,0.0,1.0,1.0,1.0,0.0
LUN_04587,LUNCH,,0,,0.0,1.0,1.0,1.0,0.0
LUN_04588,LUNCH,,1,,0.0,1.0,0.0,1.0,0.0
LUN_04589,LUNCH,,1,,0.0,1.0,0.0,1.0,0.0
LUN_04590,LUNCH,,1,,0.0,1.0,1.0,0.0,0.0
LUN_04591,LUNCH,,0,,0.0,1.0,1.0,1.0,1.0
LUN_04592,LUNCH,,1,,0.0,1.0,1.0,1.0,0.0
LUN_04593,LUNCH,,0,,1.0,0.0,0.0,0.0,0.0
LUN_04594,LUNCH,,0,,1.0,0.0,0.0,0.0,0.0
LUN_04595,LUNCH,,1,,0.0,1.0,0.0,0.0,1.0
LUN_04596,LUNCH,,1,,0.0,1.0,1.0,0.0,1.0
LUN_04597,LUNCH,,1,,0.0,0.0,1.0,1.0,1.0
LUN_04598,LUNCH,,0,,0.0,0.0,0.0,1.0,1.0
LUN_04599,LUNCH,,0,,0.0,1.0,0.0,0.0,0.0
LUN_04600,LUNCH,,1,,0.0,1.0,1.0,1.0,0.0
LUN_04601,LUNCH,,1,,0.0,0.0,1.0,1.0,0.0
LUN_04602,LUNCH,,0,,1.0,0.0,0.0,0.0,0.0
LUN_04603,LUNCH,,0,,0.0,1.0,0.0,1.0,0.0
LUN_04604,LUNCH,,1,,0.0,1.0,1.0,1.0,0.0
LUN_04605,LUNCH,,0,,0.0,0.0,0.0,0.0,0.0
LUN_04606,LUNCH,,1,,0.0,1.0,0.0,0.0,1.0
LUN_04607,LUNCH,,1,,0.0,1.0,1.0,1.0,0.0
LUN_04608,LUNCH,,1,,0.0,1.0,0.0,0.0,0.0
LUN_04609,LUNCH,,0,,1.0,0.0,0.0,0.0,0.0
LUN_04610,LUNCH,,1,,0.0,1.0,0.0,0.0,1.0
LUN_04611,LUNCH,,1,,0.0,1.0,1.0,0.0,0.0
LUN_04612,LUNCH,,0,,0.0,1.0,1.0,0.0,1.0
LUN_04613,LUNCH,,1,,0.0,1.0,0.0,0.0,0.0
LUN_04614,LUNCH,,1,,0.0,0.0,0.0,1.0,1.0
LUN_04615,LUNCH,,1,,0.0,1.0,1.0,1.0,1.0
LUN_04616,LUNCH,,0,,0.0,1.0,1.0,1.0,0.0
LUN_04617,LUNCH,,1,,0.0,0.0,0.0,1.0,0.0
LUN_04618,LUNCH,,0,,0.0,1.0,0.0,0.0,0.0
LUN_04619,LUNCH,,1,,0.0,1.0,1.0,0.0,0.0
LUN_04620,LUNCH,,0,,0.0,1.0,1.0,0.0,0.0
LUN_04621,LUNCH,,0,,1.0,0.0,0.0,0.0,0.0
LUN_04622,LUNCH,,0,,0.0,1.0,0.0,0.0,1.0
LUN_04623,LUNCH,,1,,0.0,0.0,0.0,1.0,1.0
LUN_04624,LUNCH,,0,,0.0,1.0,1.0,1.0,1.0
LUN_04625,LUNCH,,1,,0.0,1.0,0.0,0.0,0.0
LUN_04626,LUNCH,,1,,0.0,1.0,1.0,0.0,0.0
LUN_04627,LUNCH,,1,,0.0,1.0,1.0,1.0,0.0
LUN_04628,LUNCH,,1,,0.0,1.0,1.0,0.0,0.0
LUN_04629,LUNCH,,0,,0.0,1.0,1.0,1.0,0.0
LUN_04630,LUNCH,,1,,0.0,1.0,1.0,0.0,0.0
LUN_04631,LUNCH,,1,,0.0,1.0,1.0,0.0,0.0
LUN_04632,LUNCH,,0,,0.0,1.0,1.0,0.0,0.0
LUN_04633,LUNCH,,0,,0.0,1.0,0.0,1.0,1.0
LUN_04634,LUNCH,,0,,0.0,0.0,0.0,0.0,0.0
LUN_04635,LUNCH,,0,,0.0,0.0,0.0,0.0,1.0
LUN_04636,LUNCH,,0,,1.0,0.0,0.0,0.0,0.0
LUN_04637,LUNCH,,0,,0.0,1.0,0.0,1.0,0.0
LUN_04638,LUNCH,,0,,0.0,1.0,0.0,1.0,0.0
LUN_04639,LUNCH,,0,,0.0,1.0,0.0,0.0,0.0
LUN_04640,LUNCH,,1,,0.0,1.0,1.0,0.0,1.0
LUN_04641,LUNCH,,0,,1.0,0.0,0.0,0.0,0.0
LUN_04642,LUNCH,,1,,0.0,1.0,0.0,0.0,0.0
LUN_04643,LUNCH,,0,,0.0,1.0,0.0,1.0,0.0
LUN_04644,LUNCH,,1,,0.0,1.0,0.0,0.0,0.0
LUN_04645,LUNCH,,1,,0.0,1.0,0.0,1.0,1.0
LUN_04646,LUNCH,,1,,0.0,1.0,1.0,1.0,0.0
LUN_04647,LUNCH,,0,,0.0,0.0,0.0,0.0,1.0
LUN_04648,LUNCH,,1,,0.0,1.0,0.0,0.0,0.0
LUN_04649,LUNCH,,0,,1.0,0.0,0.0,0.0,0.0
LUN_04650,LUNCH,,1,,0.0,1.0,0.0,0.0,1.0
LUN_04651,LUNCH,,1,,0.0,1.0,0.0,1.0,0.0
LUN_04652,LUNCH,,1,,0.0,1.0,1.0,0.0,0.0
LUN_04653,LUNCH,,1,,0.0,1.0,1.0,0.0,0.0
LUN_04654,LUNCH,,0,,1.0,0.0,0.0,0.0,0.0
LUN_04655,LUNCH,,0,,0.0,1.0,0.0,0.0,0.0
LUN_04656,LUNCH,,1,,0.0,1.0,0.0,1.0,0.0
LUN_04657,LUNCH,,0,,0.0,0.0,0.0,0.0,0.0
LUN_04658,LUNCH,,0,,0.0,0.0,0.0,0.0,0.0
LUN_04659,LUNCH,,1,,0.0,0.0,1.0,0.0,0.0
LUN_04660,LUNCH,,0,,1.0,0.0,0.0,0.0,0.0
LUN_04661,LUNCH,,0,,0.0,1.0,0.0,0.0,1.0
LUN_04662,LUNCH,,1,,0.0,1.0,0.0,0.0,1.0
LUN_04663,LUNCH,,0,,1.0,0.0,0.0,0.0,0.0
LUN_04664,LUNCH,,1,,0.0,0.0,0.0,1.0,0.0
LUN_04665,LUNCH,,0,,1.0,0.0,0.0,0.0,0.0
LUN_04666,LUNCH,,1,,0.0,1.0,0.0,0.0,0.0
LUN_04667,LUNCH,,0,,0.0,1.0,1.0,1.0,0.0
LUN_04668,LUNCH,,0,,0.0,1.0,1.0,1.0,0.0
LUN_04669,LUNCH,,1,,0.0,0.0,0.0,0.0,0.0
LUN_04670,LUNCH,,0,,0.0,0.0,0.0,0.0,0.0
LUN_04671,LUNCH,,0,,0.0,1.0,1.0,0.0,0.0
LUN_04672,LUNCH,,1,,0.0,1.0,1.0,0.0,0.0
LUN_04673,LUNCH,,0,,0.0,1.0,1.0,1.0,0.0
LUN_04674,LUNCH,,0,,1.0,0.0,0.0,0.0,0.0
LUN_04675,LUNCH,,0,,0.0,1.0,0.0,1.0,0.0
LUN_04676,LUNCH,,0,,1.0,0.0,0.0,0.0,0.0
LUN_04677,LUNCH,,1,,0.0,1.0,0.0,1.0,1.0
LUN_04678,LUNCH,,1,,0.0,0.0,1.0,0.0,1.0
LUN_04679,LUNCH,,1,,0.0,1.0,1.0,0.0,0.0
LUN_04680,LUNCH,,0,,0.0,1.0,0.0,0.0,0.0
LUN_04681,LUNCH,,0,,0.0,1.0,1.0,0.0,0.0
LUN_04682,LUNCH,,0,,1.0,0.0,0.0,0.0,0.0
LUN_04683,LUNCH,,0,,1.0,0.0,0.0,0.0,0.0
LUN_04684,LUNCH,,0,,1.0,0.0,0.0,0.0,0.0
LUN_04685,LUNCH,,0,,0.0,1.0,0.0,0.0,0.0
LUN_04686,LUNCH,,0,,1.0,0.0,0.0,0.0,0.0
LUN_04687,LUNCH,,0,,0.0,1.0,0.0,1.0,0.0
LUN_04688,LUNCH,,0,,0.0,1.0,0.0,0.0,0.0
LUN_04689,LUNCH,,1,,0.0,1.0,1.0,1.0,1.0
LUN_04690,LUNCH,,1,,0.0,1.0,0.0,0.0,0.0
LUN_04691,LUNCH,,0,,1.0,0.0,0.0,0.0,0.0
LUN_04692,LUNCH,,1,,0.0,1.0,1.0,1.0,0.0
LUN_04693,LUNCH,,1,,0.0,1.0,1.0,1.0,0.0
LUN_04694,LUNCH,,0,,0.0,1.0,1.0,1.0,0.0
LUN_04695,LUNCH,,1,,0.0,1.0,1.0,0.0,0.0
LUN_04696,LUNCH,,0,,0.0,1.0,1.0,1.0,1.0
LUN_04697,LUNCH,,1,,0.0,1.0,0.0,0.0,0.0
LUN_04698,LUNCH,,0,,1.0,0.0,0.0,0.0,0.0
LUN_04699,LUNCH,,1,,0.0,1.0,0.0,0.0,0.0
LUN_04700,LUNCH,,1,,0.0,1.0,1.0,0.0,0.0
LUN_04701,LUNCH,,0,,1.0,0.0,0.0,0.0,0.0
LUN_04702,LUNCH,,0,,1.0,0.0,0.0,0.0,0.0
LUN_04703,LUNCH,,0,,1.0,0.0,0.0,0.0,0.0
LUN_04704,LUNCH,,0,,1.0,0.0,0.0,0.0,0.0
LUN_04705,LUNCH,,0,,0.0,1.0,0.0,1.0,0.0
LUN_04706,LUNCH,,1,,0.0,1.0,0.0,0.0,0.0
LUN_04707,LUNCH,,0,,0.0,1.0,1.0,1.0,0.0
LUN_04708,LUNCH,,1,,0.0,1.0,1.0,1.0,0.0
LUN_04709,LUNCH,,1,,0.0,0.0,1.0,0.0,0.0
LUN_04710,LUNCH,,0,,0.0,1.0,1.0,1.0,0.0
LUN_04711,LUNCH,,1,,0.0,0.0,1.0,0.0,0.0
LUN_04712,LUNCH,,0,,1.0,0.0,0.0,0.0,0.0
LUN_04713,LUNCH,,0,,1.0,0.0,0.0,0.0,0.0
LUN_04714,LUNCH,,0,,0.0,1.0,1.0,0.0,0.0
LUN_04715,LUNCH,,0,,0.0,1.0,0.0,0.0,1.0
LUN_04716,LUNCH,,0,,0.0,1.0,1.0,0.0,1.0
LUN_04717,LUNCH,,1,,0.0,1.0,0.0,0.0,0.0
LUN_04718,LUNCH,,0,,1.0,0.0,0.0,0.0,0.0
LUN_04719,LUNCH,,0,,0.0,0.0,0.0,0.0,0.0
LUN_04720,LUNCH,,0,,1.0,0.0,0.0,0.0,0.0
LUN_04721,LUNCH,,1,,0.0,1.0,0.0,0.0,0.0
LUN_04722,LUNCH,,0,,0.0,1.0,1.0,0.0,0.0
LUN_04723,LUNCH,,1,,0.0,0.0,0.0,1.0,0.0
LUN_04724,LUNCH,,1,,0.0,1.0,0.0,0.0,1.0
LUN_04725,LUNCH,,1,,0.0,1.0,1.0,0.0,1.0
LUN_04726,LUNCH,,1,,0.0,1.0,1.0,0.0,0.0
LUN_04727,LUNCH,,0,,0.0,1.0,0.0,1.0,0.0
LUN_04728,LUNCH,,0,,1.0,0.0,0.0,0.0,0.0
LUN_04729,LUNCH,,1,,0.0,1.0,0.0,0.0,0.0
LUN_04730,LUNCH,,0,,0.0,1.0,1.0,0.0,0.0
LUN_04731,LUNCH,,0,,0.0,0.0,0.0,0.0,1.0
LUN_04732,LUNCH,,1,,0.0,1.0,1.0,0.0,0.0
LUN_04733,LUNCH,,0,,0.0,1.0,0.0,0.0,0.0
LUN_04734,LUNCH,,0,,0.0,1.0,0.0,0.0,0.0
LUN_04735,LUNCH,,1,,0.0,1.0,0.0,1.0,0.0
LUN_04736,LUNCH,,0,,1.0,0.0,0.0,0.0,0.0
LUN_04737,LUNCH,,0,,1.0,0.0,0.0,0.0,0.0
LUN_04738,LUNCH,,1,,0.0,1.0,1.0,0.0,0.0
LUN_04739,LUNCH,,1,,0.0,1.0,0.0,1.0,0.0
LUN_04740,LUNCH,,1,,0.0,1.0,0.0,0.0,1.0
LUN_04741,LUNCH,,0,,0.0,1.0,1.0,0.0,0.0
LUN_04742,LUNCH,,1,,0.0,1.0,1.0,0.0,0.0
LUN_04743,LUNCH,,1,,0.0,1.0,0.0,0.0,1.0
LUN_04744,LUNCH,,1,,0.0,0.0,0.0,0.0,0.0
LUN_04745,LUNCH,,0,,0.0,1.0,1.0,1.0,1.0
LUN_04746,LUNCH,,0,,0.0,0.0,0.0,1.0,1.0
LUN_04747,LUNCH,,1,,0.0,1.0,1.0,1.0,1.0
LUN_04748,LUNCH,,0,,0.0,1.0,1.0,0.0,0.0
LUN_04749,LUNCH,,1,,0.0,1.0,0.0,0.0,0.0
LUN_04750,LUNCH,,0,,1.0,0.0,0.0,0.0,0.0
LUN_04751,LUNCH,,0,,1.0,0.0,0.0,0.0,0.0
LUN_04752,LUNCH,,0,,0.0,1.0,0.0,0.0,0.0
LUN_04753,LUNCH,,0,,1.0,0.0,0.0,0.0,0.0
LUN_04754,LUNCH,,1,,0.0,1.0,0.0,1.0,0.0
LUN_04755,LUNCH,,1,,0.0,1.0,1.0,1.0,0.0
LUN_04756,LUNCH,,1,,0.0,1.0,1.0,0.0,0.0
LUN_04757,LUNCH,,1,,0.0,1.0,0.0,0.0,1.0
LUN_04758,LUNCH,,0,,1.0,0.0,0.0,0.0,0.0
LUN_04759,LUNCH,,0,,1.0,0.0,0.0,0.0,0.0
LUN_04760,LUNCH,,0,,1.0,0.0,0.0,0.0,0.0
LUN_04761,LUNCH,,0,,1.0,0.0,0.0,0.0,0.0
LUN_04762,LUNCH,,0,,0.0,1.0,0.0,0.0,0.0
LUN_04763,LUNCH,,1,,0.0,1.0,0.0,1.0,0.0
LUN_04764,LUNCH,,0,,0.0,0.0,1.0,1.0,1.0
LUN_04765,LUNCH,,1,,0.0,1.0,0.0,1.0,0.0
LUN_04766,LUNCH,,0,,1.0,0.0,0.0,0.0,0.0
LUN_04767,LUNCH,,0,,0.0,1.0,0.0,1.0,0.0
LUN_04768,LUNCH,,1,,0.0,1.0,1.0,1.0,0.0
LUN_04769,LUNCH,,1,,0.0,1.0,1.0,1.0,0.0
LUN_04770,LUNCH,,1,,0.0,1.0,1.0,0.0,0.0
LUN_04771,LUNCH,,1,,0.0,1.0,1.0,1.0,0.0
LUN_04772,LUNCH,,1,,0.0,1.0,0.0,1.0,0.0
LUN_04773,LUNCH,,1,,0.0,1.0,0.0,0.0,0.0
LUN_04774,LUNCH,,1,,0.0,0.0,1.0,1.0,0.0
LUN_04775,LUNCH,,1,,0.0,1.0,0.0,0.0,0.0
LUN_04776,LUNCH,,0,,0.0,1.0,0.0,0.0,0.0
LUN_04777,LUNCH,,0,,1.0,0.0,0.0,0.0,0.0
LUN_04778,LUNCH,,1,,0.0,0.0,1.0,1.0,0.0
LUN_04779,LUNCH,,0,,0.0,1.0,0.0,0.0,0.0
LUN_04780,LUNCH,,0,,1.0,0.0,0.0,0.0,0.0
LUN_04781,LUNCH,,1,,0.0,1.0,1.0,0.0,0.0
LUN_04782,LUNCH,,1,,0.0,1.0,0.0,0.0,0.0
LUN_04783,LUNCH,,0,,0.0,1.0,1.0,0.0,0.0
LUN_04784,LUNCH,,1,,0.0,0.0,0.0,0.0,0.0
LUN_04785,LUNCH,,0,,0.0,1.0,1.0,0.0,0.0
LUN_04786,LUNCH,,0,,1.0,0.0,0.0,0.0,0.0
LUN_04787,LUNCH,,0,,0.0,1.0,1.0,1.0,1.0
LUN_04788,LUNCH,,0,,0.0,0.0,0.0,1.0,1.0
LUN_04789,LUNCH,,1,,0.0,1.0,0.0,0.0,0.0
LUN_04790,LUNCH,,1,,0.0,1.0,0.0,0.0,0.0
LUN_04791,LUNCH,,1,,0.0,1.0,1.0,0.0,0.0
LUN_04792,LUNCH,,1,,0.0,1.0,0.0,0.0,0.0
LUN_04793,LUNCH,,1,,0.0,1.0,1.0,0.0,0.0
LUN_04794,LUNCH,,0,,1.0,0.0,0.0,0.0,0.0
LUN_04795,LUNCH,,1,,0.0,1.0,1.0,1.0,1.0
LUN_04796,LUNCH,,0,,0.0,1.0,1.0,0.0,0.0
LUN_04797,LUNCH,,0,,0.0,0.0,1.0,0.0,0.0
LUN_04798,LUNCH,,0,,0.0,0.0,0.0,0.0,0.0
LUN_04799,LUNCH,,1,,0.0,1.0,0.0,1.0,1.0
LUN_04800,LUNCH,,1,,0.0,1.0,1.0,0.0,0.0
LUN_04801,LUNCH,,0,,1.0,0.0,0.0,0.0,0.0
LUN_04802,LUNCH,,1,,0.0,1.0,1.0,0.0,1.0
LUN_04803,LUNCH,,1,,0.0,1.0,1.0,1.0,0.0
LUN_04804,LUNCH,,0,,0.0,0.0,0.0,1.0,0.0
LUN_04805,LUNCH,,0,,1.0,0.0,0.0,0.0,0.0
LUN_04806,LUNCH,,0,,0.0,1.0,0.0,1.0,0.0
LUN_04807,LUNCH,,0,,1.0,0.0,0.0,0.0,0.0
LUN_04808,LUNCH,,0,,0.0,0.0,0.0,1.0,0.0
LUN_04809,LUNCH,,0,,0.0,1.0,0.0,0.0,1.0
LUN_04810,LUNCH,,0,,0.0,1.0,1.0,1.0,1.0
LUN_04811,LUNCH,,0,,0.0,1.0,0.0,0.0,0.0
LUN_04812,LUNCH,,1,,0.0,1.0,1.0,0.0,0.0
LUN_04813,LUNCH,,0,,1.0,0.0,0.0,0.0,0.0
LUN_04814,LUNCH,,0,,0.0,1.0,1.0,1.0,0.0
LUN_04815,LUNCH,,1,,0.0,1.0,0.0,0.0,0.0
LUN_04816,LUNCH,,0,,1.0,0.0,0.0,0.0,0.0
LUN_04817,LUNCH,,1,,0.0,1.0,1.0,1.0,0.0
LUN_04818,LUNCH,,1,,0.0,1.0,1.0,0.0,1.0
LUN_04819,LUNCH,,1,,0.0,0.0,0.0,0.0,0.0
LUN_04820,LUNCH,,0,,1.0,0.0,0.0,0.0,0.0
LUN_04821,LUNCH,,0,,0.0,1.0,1.0,1.0,0.0
LUN_04822,LUNCH,,0,,1.0,0.0,0.0,0.0,0.0
LUN_04823,LUNCH,,1,,0.0,1.0,0.0,1.0,1.0
LUN_04824,LUNCH,,0,,0.0,1.0,0.0,1.0,0.0
LUN_04825,LUNCH,,1,,0.0,1.0,0.0,1.0,1.0
LUN_04826,LUNCH,,1,,0.0,1.0,0.0,0.0,1.0
LUN_04827,LUNCH,,0,,1.0,0.0,0.0,0.0,0.0
LUN_04828,LUNCH,,0,,0.0,1.0,0.0,1.0,0.0
LUN_04829,LUNCH,,0,,0.0,1.0,1.0,0.0,1.0
LUN_04830,LUNCH,,1,,0.0,1.0,1.0,0.0,0.0
LUN_04831,LUNCH,,0,,0.0,1.0,1.0,1.0,0.0
LUN_04832,LUNCH,,1,,0.0,0.0,1.0,0.0,1.0
LUN_04833,LUNCH,,0,,0.0,1.0,0.0,0.0,0.0
LUN_04834,LUNCH,,0,,0.0,1.0,1.0,1.0,0.0
LUN_04835,LUNCH,,0,,0.0,1.0,0.0,0.0,0.0
LUN_04836,LUNCH,,1,,0.0,1.0,0.0,0.0,0.0
LUN_04837,LUNCH,,0,,0.0,1.0,0.0,0.0,0.0
LUN_04838,LUNCH,,0,,1.0,0.0,0.0,0.0,0.0
LUN_04839,LUNCH,,1,,0.0,1.0,1.0,1.0,0.0
LUN_04840,LUNCH,,0,,0.0,1.0,1.0,1.0,0.0
LUN_04841,LUNCH,,1,,0.0,1.0,1.0,1.0,0.0
LUN_04842,LUNCH,,0,,0.0,1.0,0.0,0.0,1.0
LUN_04843,LUNCH,,1,,0.0,1.0,1.0,0.0,0.0
LUN_04844,LUNCH,,1,,0.0,1.0,1.0,0.0,0.0
LUN_04845,LUNCH,,1,,0.0,0.0,1.0,0.0,1.0
LUN_04846,LUNCH,,1,,0.0,0.0,0.0,0.0,0.0
LUN_04847,LUNCH,,0,,1.0,0.0,0.0,0.0,0.0
LUN_04848,LUNCH,,0,,0.0,1.0,1.0,0.0,0.0
LUN_04849,LUNCH,,1,,0.0,1.0,1.0,0.0,0.0
LUN_04850,LUNCH,,0,,0.0,1.0,1.0,0.0,0.0
LUN_04851,LUNCH,,1,,0.0,1.0,0.0,0.0,0.0
LUN_04852,LUNCH,,0,,0.0,1.0,1.0,0.0,0.0
LUN_04853,LUNCH,,1,,0.0,1.0,1.0,1.0,0.0
LUN_04854,LUNCH,,1,,0.0,1.0,1.0,1.0,0.0
LUN_04855,LUNCH,,0,,1.0,0.0,0.0,0.0,0.0
LUN_04856,LUNCH,,0,,1.0,0.0,0.0,0.0,0.0
LUN_04857,LUNCH,,0,,1.0,0.0,0.0,0.0,0.0
LUN_04858,LUNCH,,0,,0.0,1.0,0.0,0.0,1.0
LUN_04859,LUNCH,,1,,0.0,0.0,1.0,0.0,0.0
LUN_04860,LUNCH,,1,,0.0,1.0,0.0,0.0,0.0
LUN_04861,LUNCH,,0,,0.0,0.0,1.0,0.0,1.0
LUN_04862,LUNCH,,1,,0.0,1.0,0.0,0.0,1.0
LUN_04863,LUNCH,,0,,0.0,1.0,1.0,1.0,1.0
LUN_04864,LUNCH,,1,,0.0,1.0,0.0,0.0,1.0
LUN_04865,LUNCH,,1,,0.0,1.0,1.0,0.0,1.0
LUN_04866,LUNCH,,0,,1.0,0.0,0.0,0.0,0.0
LUN_04867,LUNCH,,0,,0.0,0.0,0.0,0.0,0.0
LUN_04868,LUNCH,,0,,1.0,0.0,0.0,0.0,0.0
LUN_04869,LUNCH,,1,,0.0,1.0,0.0,0.0,0.0
LUN_04870,LUNCH,,1,,0.0,0.0,0.0,0.0,1.0
LUN_04871,LUNCH,,0,,1.0,0.0,0.0,0.0,0.0
LUN_04872,LUNCH,,1,,0.0,1.0,1.0,0.0,0.0
LUN_04873,LUNCH,,1,,0.0,1.0,0.0,0.0,0.0
LUN_04874,LUNCH,,0,,0.0,1.0,1.0,0.0,0.0
LUN_04875,LUNCH,,0,,1.0,0.0,0.0,0.0,0.0
LUN_04876,LUNCH,,0,,1.0,0.0,0.0,0.0,0.0
LUN_04877,LUNCH,,0,,1.0,0.0,0.0,0.0,0.0
LUN_04878,LUNCH,,1,,0.0,1.0,0.0,1.0,1.0
LUN_04879,LUNCH,,1,,0.0,1.0,1.0,0.0,1.0
LUN_04880,LUNCH,,0,,1.0,0.0,0.0,0.0,0.0
LUN_04881,LUNCH,,0,,0.0,0.0,1.0,0.0,0.0
LUN_04882,LUNCH,,1,,0.0,1.0,1.0,1.0,1.0
LUN_04883,LUNCH,,1,,0.0,1.0,0.0,0.0,1.0
LUN_04884,LUNCH,,0,,0.0,0.0,1.0,1.0,0.0
LUN_04885,LUNCH,,1,,0.0,0.0,1.0,0.0,1.0
LUN_04886,LUNCH,,0,,0.0,1.0,0.0,1.0,0.0
LUN_04887,LUNCH,,1,,0.0,1.0,1.0,1.0,1.0
LUN_04888,LUNCH,,1,,0.0,0.0,0.0,0.0,1.0
LUN_04889,LUNCH,,1,,0.0,1.0,1.0,1.0,1.0
LUN_04890,LUNCH,,1,,0.0,0.0,0.0,1.0,1.0
LUN_04891,LUNCH,,0,,1.0,0.0,0.0,0.0,0.0
LUN_04892,LUNCH,,1,,0.0,1.0,0.0,0.0,0.0
LUN_04893,LUNCH,,1,,0.0,1.0,0.0,0.0,0.0
LUN_04894,LUNCH,,1,,0.0,1.0,0.0,1.0,1.0
LUN_04895,LUNCH,,0,,1.0,0.0,0.0,0.0,0.0
LUN_04896,LUNCH,,0,,1.0,0.0,0.0,0.0,0.0
LUN_04897,LUNCH,,1,,0.0,1.0,1.0,0.0,0.0
LUN_04898,LUNCH,,1,,0.0,1.0,0.0,1.0,1.0
LUN_04899,LUNCH,,0,,0.0,1.0,0.0,1.0,0.0
LUN_04900,LUNCH,,1,,0.0,0.0,0.0,1.0,0.0
LUN_04901,LUNCH,,1,,0.0,1.0,0.0,0.0,0.0
LUN_04902,LUNCH,,1,,0.0,1.0,1.0,1.0,1.0
LUN_04903,LUNCH,,1,,0.0,1.0,1.0,0.0,0.0
LUN_04904,LUNCH,,1,,0.0,1.0,0.0,0.0,0.0
LUN_04905,LUNCH,,0,,1.0,0.0,0.0,0.0,0.0
LUN_04906,LUNCH,,1,,0.0,1.0,0.0,0.0,1.0
LUN_04907,LUNCH,,1,,0.0,1.0,1.0,0.0,0.0
LUN_04908,LUNCH,,1,,0.0,1.0,1.0,1.0,0.0
LUN_04909,LUNCH,,0,,0.0,1.0,1.0,0.0,1.0
LUN_04910,LUNCH,,0,,1.0,0.0,0.0,0.0,0.0
LUN_04911,LUNCH,,1,,0.0,1.0,1.0,0.0,1.0
LUN_04912,LUNCH,,0,,1.0,0.0,0.0,0.0,0.0
LUN_04913,LUNCH,,1,,0.0,1.0,1.0,0.0,0.0
LUN_04914,LUNCH,,0,,0.0,0.0,0.0,0.0,0.0
LUN_04915,LUNCH,,0,,1.0,0.0,0.0,0.0,0.0
LUN_04916,LUNCH,,1,,0.0,1.0,1.0,1.0,0.0
LUN_04917,LUNCH,,1,,0.0,1.0,1.0,0.0,0.0
LUN_04918,LUNCH,,1,,0.0,1.0,1.0,0.0,0.0
LUN_04919,LUNCH,,1,,0.0,1.0,1.0,1.0,1.0
LUN_04920,LUNCH,,0,,1.0,0.0,0.0,0.0,0.0
LUN_04921,LUNCH,,1,,0.0,1.0,1.0,1.0,0.0
LUN_04922,LUNCH,,1,,0.0,1.0,1.0,1.0,0.0
LUN_04923,LUNCH,,0,,1.0,0.0,0.0,0.0,0.0
LUN_04924,LUNCH,,1,,0.0,1.0,1.0,0.0,0.0
LUN_04925,LUNCH,,0,,1.0,0.0,0.0,0.0,0.0
LUN_04926,LUNCH,,0,,0.0,0.0,0.0,0.0,1.0
LUN_04927,LUNCH,,0,,0.0,0.0,1.0,0.0,1.0
LUN_04928,LUNCH,,1,,0.0,1.0,1.0,0.0,0.0
LUN_04929,LUNCH,,1,,0.0,1.0,1.0,0.0,0.0
LUN_04930,LUNCH,,0,,0.0,1.0,1.0,0.0,1.0
LUN_04931,LUNCH,,1,,0.0,1.0,1.0,0.0,0.0
LUN_04932,LUNCH,,1,,0.0,1.0,1.0,0.0,0.0
LUN_04933,LUNCH,,0,,1.0,0.0,0.0,0.0,0.0
LUN_04934,LUNCH,,0,,0.0,0.0,0.0,0.0,0.0
LUN_04935,LUNCH,,1,,0.0,1.0,1.0,1.0,0.0
LUN_04936,LUNCH,,1,,0.0,1.0,1.0,0.0,0.0
LUN_04937,LUNCH,,1,,0.0,1.0,1.0,1.0,1.0
LUN_04938,LUNCH,,1,,0.0,0.0,0.0,1.0,1.0
LUN_04939,LUNCH,,1,,0.0,1.0,0.0,0.0,1.0
LUN_04940,LUNCH,,1,,0.0,1.0,0.0,0.0,0.0
LUN_04941,LUNCH,,0,,0.0,0.0,0.0,0.0,0.0
LUN_04942,LUNCH,,0,,1.0,0.0,0.0,0.0,0.0
LUN_04943,LUNCH,,0,,0.0,0.0,1.0,1.0,0.0
LUN_04944,LUNCH,,1,,0.0,1.0,0.0,0.0,0.0
LUN_04945,LUNCH,,1,,0.0,1.0,1.0,0.0,0.0
LUN_04946,LUNCH,,0,,0.0,0.0,0.0,0.0,0.0
LUN_04947,LUNCH,,0,,1.0,0.0,0.0,0.0,0.0
LUN_04948,LUNCH,,0,,0.0,1.0,0.0,0.0,0.0
LUN_04949,LUNCH,,0,,1.0,0.0,0.0,0.0,0.0
LUN_04950,LUNCH,,0,,0.0,1.0,1.0,0.0,1.0
LUN_04951,LUNCH,,0,,0.0,1.0,0.0,0.0,0.0
LUN_04952,LUNCH,,0,,0.0,0.0,0.0,0.0,0.0
LUN_04953,LUNCH,,1,,0.0,1.0,0.0,1.0,0.0
LUN_04954,LUNCH,,1,,0.0,0.0,1.0,0.0,0.0
LUN_04955,LUNCH,,1,,0.0,1.0,1.0,1.0,0.0
LUN_04956,LUNCH,,1,,0.0,1.0,1.0,0.0,0.0
LUN_04957,LUNCH,,1,,0.0,1.0,1.0,1.0,0.0
LUN_04958,LUNCH,,0,,0.0,1.0,0.0,0.0,1.0
LUN_04959,LUNCH,,0,,1.0,0.0,0.0,0.0,0.0
LUN_04960,LUNCH,,1,,0.0,1.0,0.0,0.0,0.0
LUN_04961,LUNCH,,1,,0.0,1.0,1.0,1.0,1.0
LUN_04962,LUNCH,,1,,0.0,1.0,1.0,0.0,0.0
LUN_04963,LUNCH,,0,,1.0,0.0,0.0,0.0,0.0
LUN_04964,LUNCH,,0,,1.0,0.0,0.0,0.0,0.0
LUN_04965,LUNCH,,0,,1.0,0.0,0.0,0.0,0.0
LUN_04966,LUNCH,,0,,0.0,1.0,0.0,1.0,0.0
LUN_04967,LUNCH,,1,,0.0,1.0,1.0,1.0,0.0
LUN_04968,LUNCH,,1,,0.0,1.0,1.0,0.0,1.0
LUN_04969,LUNCH,,1,,0.0,1.0,1.0,1.0,0.0
LUN_04970,LUNCH,,1,,0.0,1.0,0.0,0.0,0.0
LUN_04971,LUNCH,,1,,0.0,1.0,1.0,1.0,1.0
LUN_04972,LUNCH,,1,,0.0,1.0,0.0,0.0,0.0
LUN_04973,LUNCH,,0,,1.0,0.0,0.0,0.0,0.0
LUN_04974,LUNCH,,0,,1.0,0.0,0.0,0.0,0.0
LUN_04975,LUNCH,,0,,0.0,1.0,1.0,0.0,1.0
LUN_04976,LUNCH,,1,,0.0,1.0,1.0,1.0,1.0
LUN_04977,LUNCH,,0,,0.0,1.0,1.0,0.0,0.0
LUN_04978,LUNCH,,1,,0.0,1.0,1.0,0.0,0.0
LUN_04979,LUNCH,,1,,0.0,1.0,1.0,0.0,1.0
LUN_04980,LUNCH,,1,,0.0,1.0,1.0,0.0,0.0
LUN_04981,LUNCH,,1,,0.0,1.0,1.0,1.0,0.0
LUN_04982,LUNCH,,1,,0.0,1.0,1.0,1.0,0.0
LUN_04983,LUNCH,,1,,0.0,1.0,1.0,1.0,0.0
LUN_04984,LUNCH,,1,,0.0,1.0,1.0,0.0,1.0
LUN_04985,LUNCH,,0,,1.0,0.0,0.0,0.0,0.0
LUN_04986,LUNCH,,0,,1.0,0.0,0.0,0.0,0.0
LUN_04987,LUNCH,,0,,1.0,0.0,0.0,0.0,0.0
LUN_04988,LUNCH,,0,,0.0,1.0,0.0,1.0,0.0
LUN_04989,LUNCH,,1,,0.0,1.0,1.0,0.0,1.0
LUN_04990,LUNCH,,0,,0.0,1.0,1.0,0.0,1.0
LUN_04991,LUNCH,,0,,0.0,1.0,0.0,0.0,1.0
LUN_04992,LUNCH,,0,,0.0,1.0,0.0,0.0,0.0
LUN_04993,LUNCH,,1,,0.0,1.0,1.0,1.0,0.0
LUN_04994,LUNCH,,0,,0.0,0.0,0.0,0.0,0.0
LUN_04995,LUNCH,,1,,0.0,1.0,0.0,0.0,1.0
LUN_04996,LUNCH,,1,,0.0,1.0,1.0,1.0,1.0
LUN_04997,LUNCH,,0,,0.0,1.0,0.0,0.0,0.0
LUN_04998,LUNCH,,1,,0.0,1.0,0.0,1.0,0.0
LUN_04999,LUNCH,,0,,0.0,1.0,1.0,1.0,1.0
LUN_05000,LUNCH,,1,,0.0,1.0,1.0,1.0,1.0
LUN_05001,LUNCH,,0,,1.0,0.0,0.0,0.0,0.0
LUN_05002,LUNCH,,0,,1.0,0.0,0.0,0.0,0.0
LUN_05003,LUNCH,,0,,0.0,0.0,0.0,0.0,0.0
LUN_05004,LUNCH,,0,,0.0,0.0,0.0,0.0,0.0
LUN_05005,LUNCH,,0,,1.0,0.0,0.0,0.0,0.0
LUN_05006,LUNCH,,0,,0.0,1.0,1.0,0.0,0.0
LUN_05007,LUNCH,,1,,0.0,1.0,0.0,0.0,1.0
LUN_05008,LUNCH,,1,,0.0,1.0,1.0,1.0,1.0
LUN_05009,LUNCH,,1,,0.0,1.0,0.0,0.0,0.0
LUN_05010,LUNCH,,1,,0.0,1.0,0.0,0.0,0.0
LUN_05011,LUNCH,,1,,0.0,1.0,1.0,0.0,1.0
LUN_05012,LUNCH,,1,,0.0,1.0,0.0,0.0,0.0
LUN_05013,LUNCH,,1,,0.0,1.0,0.0,1.0,0.0
LUN_05014,LUNCH,,1,,0.0,1.0,1.0,0.0,1.0
LUN_05015,LUNCH,,1,,0.0,1.0,0.0,1.0,0.0
LUN_05016,LUNCH,,1,,0.0,1.0,1.0,0.0,0.0
LUN_05017,LUNCH,,0,,1.0,0.0,0.0,0.0,0.0
LUN_05018,LUNCH,,0,,0.0,1.0,1.0,0.0,0.0
LUN_05019,LUNCH,,1,,0.0,1.0,0.0,0.0,0.0
LUN_05020,LUNCH,,1,,0.0,1.0,0.0,0.0,1.0
LUN_05021,LUNCH,,0,,1.0,0.0,0.0,0.0,0.0
LUN_05022,LUNCH,,1,,0.0,1.0,1.0,1.0,1.0
LUN_05023,LUNCH,,1,,0.0,1.0,1.0,0.0,0.0
LUN_05024,LUNCH,,1,,0.0,1.0,0.0,0.0,1.0
LUN_05025,LUNCH,,0,,0.0,1.0,1.0,0.0,0.0
LUN_05026,LUNCH,,1,,0.0,0.0,1.0,1.0,0.0
LUN_05027,LUNCH,,0,,1.0,0.0,0.0,0.0,0.0
LUN_05028,LUNCH,,1,,0.0,1.0,0.0,1.0,0.0
LUN_05029,LUNCH,,0,,0.0,0.0,1.0,0.0,1.0
LUN_05030,LUNCH,,1,,0.0,0.0,1.0,1.0,0.0
LUN_05031,LUNCH,,1,,0.0,1.0,0.0,0.0,0.0
LUN_05032,LUNCH,,0,,0.0,1.0,0.0,1.0,0.0
LUN_05033,LUNCH,,1,,0.0,1.0,1.0,0.0,0.0
LUN_05034,LUNCH,,1,,0.0,1.0,0.0,1.0,1.0
LUN_05035,LUNCH,,1,,0.0,1.0,0.0,0.0,0.0
LUN_05036,LUNCH,,0,,0.0,1.0,1.0,1.0,1.0
LUN_05037,LUNCH,,0,,0.0,0.0,1.0,1.0,0.0
LUN_05038,LUNCH,,1,,0.0,1.0,0.0,0.0,0.0
LUN_05039,LUNCH,,0,,0.0,1.0,1.0,1.0,1.0
LUN_05040,LUNCH,,0,,0.0,0.0,0.0,0.0,0.0
LUN_05041,LUNCH,,0,,0.0,1.0,0.0,0.0,1.0
LUN_05042,LUNCH,,1,,0.0,1.0,0.0,0.0,0.0
LUN_05043,LUNCH,,1,,0.0,1.0,0.0,0.0,0.0
LUN_05044,LUNCH,,1,,0.0,1.0,0.0,0.0,1.0
LUN_05045,LUNCH,,1,,0.0,1.0,0.0,0.0,1.0
LUN_05046,LUNCH,,0,,1.0,0.0,0.0,0.0,0.0
LUN_05047,LUNCH,,1,,0.0,0.0,0.0,0.0,0.0
LUN_05048,LUNCH,,0,,1.0,0.0,0.0,0.0,0.0
LUN_05049,LUNCH,,1,,0.0,1.0,0.0,0.0,0.0
LUN_05050,LUNCH,,0,,1.0,0.0,0.0,0.0,0.0
LUN_05051,LUNCH,,1,,0.0,1.0,1.0,0.0,0.0
LUN_05052,LUNCH,,1,,0.0,0.0,0.0,0.0,0.0
LUN_05053,LUNCH,,0,,1.0,0.0,0.0,0.0,0.0
LUN_05054,LUNCH,,0,,1.0,0.0,0.0,0.0,0.0
LUN_05055,LUNCH,,1,,0.0,1.0,1.0,0.0,1.0
LUN_05056,LUNCH,,0,,0.0,0.0,0.0,1.0,1.0
LUN_05057,LUNCH,,1,,0.0,1.0,1.0,0.0,0.0
LUN_05058,LUNCH,,0,,0.0,1.0,0.0,0.0,0.0
LUN_05059,LUNCH,,1,,0.0,1.0,1.0,0.0,0.0
LUN_05060,LUNCH,,1,,0.0,1.0,0.0,0.0,0.0
LUN_05061,LUNCH,,0,,1.0,0.0,0.0,0.0,0.0
LUN_05062,LUNCH,,0,,0.0,1.0,1.0,0.0,0.0
LUN_05063,LUNCH,,1,,0.0,1.0,1.0,0.0,1.0
LUN_05064,LUNCH,,0,,1.0,0.0,0.0,0.0,0.0
LUN_05065,LUNCH,,0,,0.0,1.0,0.0,0.0,1.0
LUN_05066,LUNCH,,0,,1.0,0.0,0.0,0.0,0.0
LUN_05067,LUNCH,,0,,1.0,0.0,0.0,0.0,0.0
LUN_05068,LUNCH,,1,,0.0,1.0,1.0,0.0,0.0
LUN_05069,LUNCH,,0,,1.0,0.0,0.0,0.0,0.0
LUN_05070,LUNCH,,1,,0.0,1.0,0.0,0.0,0.0
LUN_05071,LUNCH,,1,,0.0,1.0,1.0,1.0,0.0
LUN_05072,LUNCH,,0,,0.0,1.0,0.0,1.0,0.0
LUN_05073,LUNCH,,0,,1.0,0.0,0.0,0.0,0.0
LUN_05074,LUNCH,,1,,0.0,1.0,0.0,0.0,0.0
LUN_05075,LUNCH,,1,,0.0,0.0,0.0,0.0,1.0
LUN_05076,LUNCH,,1,,0.0,1.0,1.0,1.0,1.0
LUN_05077,LUNCH,,1,,0.0,1.0,0.0,0.0,1.0
LUN_05078,LUNCH,,1,,0.0,1.0,0.0,1.0,0.0
LUN_05079,LUNCH,,0,,0.0,1.0,0.0,0.0,0.0
LUN_05080,LUNCH,,0,,1.0,0.0,0.0,0.0,0.0
LUN_05081,LUNCH,,0,,1.0,0.0,0.0,0.0,0.0
LUN_05082,LUNCH,,0,,0.0,0.0,0.0,1.0,0.0
LUN_05083,LUNCH,,0,,0.0,0.0,1.0,1.0,1.0
LUN_05084,LUNCH,,0,,1.0,0.0,0.0,0.0,0.0
LUN_05085,LUNCH,,0,,1.0,0.0,0.0,0.0,0.0
LUN_05086,LUNCH,,1,,0.0,1.0,0.0,1.0,0.0
LUN_05087,LUNCH,,0,,0.0,1.0,0.0,0.0,1.0
LUN_05088,LUNCH,,1,,0.0,1.0,0.0,1.0,0.0
LUN_05089,LUNCH,,1,,0.0,0.0,1.0,0.0,0.0
LUN_05090,LUNCH,,1,,0.0,1.0,0.0,0.0,0.0
LUN_05091,LUNCH,,0,,1.0,0.0,0.0,0.0,0.0
LUN_05092,LUNCH,,0,,1.0,0.0,0.0,0.0,0.0
LUN_05093,LUNCH,,0,,0.0,1.0,0.0,0.0,0.0
LUN_05094,LUNCH,,1,,0.0,1.0,0.0,0.0,0.0
LUN_05095,LUNCH,,0,,1.0,0.0,0.0,0.0,0.0
LUN_05096,LUNCH,,1,,0.0,1.0,1.0,1.0,1.0
LUN_05097,LUNCH,,0,,0.0,1.0,1.0,0.0,0.0
LUN_05098,LUNCH,,1,,0.0,1.0,1.0,0.0,1.0
LUN_05099,LUNCH,,0,,1.0,0.0,0.0,0.0,0.0
LUN_05100,LUNCH,,0,,1.0,0.0,0.0,0.0,0.0
LUN_05101,LUNCH,,1,,0.0,1.0,1.0,1.0,1.0
LUN_05102,LUNCH,,1,,0.0,0.0,0.0,1.0,1.0
LUN_05103,LUNCH,,0,,0.0,1.0,0.0,0.0,1.0
LUN_05104,LUNCH,,1,,0.0,1.0,1.0,1.0,1.0
LUN_05105,LUNCH,,0,,0.0,1.0,0.0,0.0,0.0
LUN_05106,LUNCH,,0,,0.0,1.0,0.0,1.0,0.0
LUN_05107,LUNCH,,1,,0.0,1.0,1.0,1.0,0.0
LUN_05108,LUNCH,,0,,0.0,1.0,0.0,0.0,0.0
LUN_05109,LUNCH,,0,,0.0,1.0,0.0,0.0,0.0
LUN_05110,LUNCH,,0,,0.0,1.0,0.0,0.0,1.0
LUN_05111,LUNCH,,0,,1.0,0.0,0.0,0.0,0.0
LUN_05112,LUNCH,,1,,0.0,1.0,1.0,0.0,1.0
LUN_05113,LUNCH,,0,,0.0,1.0,0.0,0.0,0.0
LUN_05114,LUNCH,,0,,0.0,1.0,0.0,1.0,0.0
LUN_05115,LUNCH,,0,,1.0,0.0,0.0,0.0,0.0
LUN_05116,LUNCH,,0,,0.0,1.0,1.0,1.0,1.0
LUN_05117,LUNCH,,1,,0.0,1.0,1.0,0.0,0.0
LUN_05118,LUNCH,,1,,0.0,1.0,0.0,0.0,0.0
LUN_05119,LUNCH,,0,,0.0,1.0,0.0,0.0,0.0
LUN_05120,LUNCH,,0,,0.0,1.0,1.0,1.0,0.0
LUN_05121,LUNCH,,0,,0.0,1.0,0.0,0.0,1.0
LUN_05122,LUNCH,,0,,1.0,0.0,0.0,0.0,0.0
LUN_05123,LUNCH,,1,,0.0,1.0,0.0,1.0,1.0
LUN_05124,LUNCH,,1,,0.0,1.0,0.0,0.0,1.0
LUN_05125,LUNCH,,0,,0.0,1.0,0.0,1.0,0.0
LUN_05126,LUNCH,,0,,1.0,0.0,0.0,0.0,0.0
LUN_05127,LUNCH,,1,,0.0,1.0,0.0,0.0,0.0
LUN_05128,LUNCH,,1,,0.0,1.0,1.0,0.0,1.0
LUN_05129,LUNCH,,0,,1.0,0.0,0.0,0.0,0.0
LUN_05130,LUNCH,,1,,0.0,1.0,1.0,0.0,1.0
LUN_05131,LUNCH,,1,,0.0,0.0,0.0,1.0,1.0
LUN_05132,LUNCH,,1,,0.0,1.0,1.0,1.0,0.0
LUN_05133,LUNCH,,1,,0.0,1.0,0.0,0.0,1.0
LUN_05134,LUNCH,,0,,0.0,1.0,1.0,1.0,0.0
LUN_05135,LUNCH,,0,,1.0,0.0,0.0,0.0,0.0
LUN_05136,LUNCH,,1,,0.0,1.0,0.0,0.0,0.0
LUN_05137,LUNCH,,0,,1.0,0.0,0.0,0.0,0.0
LUN_05138,LUNCH,,0,,0.0,1.0,0.0,0.0,1.0
LUN_05139,LUNCH,,0,,0.0,1.0,0.0,0.0,1.0
LUN_05140,LUNCH,,0,,0.0,1.0,0.0,0.0,0.0
LUN_05141,LUNCH,,0,,0.0,1.0,1.0,1.0,0.0
LUN_05142,LUNCH,,1,,0.0,1.0,0.0,0.0,0.0
LUN_05143,LUNCH,,1,,0.0,1.0,0.0,0.0,1.0
LUN_05144,LUNCH,,1,,0.0,1.0,0.0,0.0,1.0
LUN_05145,LUNCH,,1,,0.0,1.0,0.0,1.0,1.0
LUN_05146,LUNCH,,0,,0.0,1.0,0.0,1.0,1.0
LUN_05147,LUNCH,,1,,0.0,1.0,1.0,0.0,1.0
LUN_05148,LUNCH,,0,,1.0,0.0,0.0,0.0,0.0
LUN_05149,LUNCH,,1,,0.0,1.0,0.0,0.0,0.0
LUN_05150,LUNCH,,0,,0.0,1.0,0.0,0.0,0.0
LUN_05151,LUNCH,,0,,0.0,1.0,1.0,1.0,1.0
LUN_05152,LUNCH,,1,,0.0,1.0,0.0,1.0,1.0
LUN_05153,LUNCH,,1,,0.0,1.0,1.0,1.0,0.0
LUN_05154,LUNCH,,1,,0.0,1.0,1.0,0.0,0.0
LUN_05155,LUNCH,,0,,0.0,1.0,1.0,0.0,0.0
LUN_05156,LUNCH,,1,,0.0,1.0,0.0,1.0,1.0
LUN_05157,LUNCH,,0,,0.0,1.0,0.0,0.0,0.0
LUN_05158,LUNCH,,0,,0.0,1.0,1.0,1.0,0.0
LUN_05159,LUNCH,,0,,1.0,0.0,0.0,0.0,0.0
LUN_05160,LUNCH,,0,,0.0,1.0,1.0,0.0,0.0
LUN_05161,LUNCH,,1,,0.0,0.0,0.0,0.0,1.0
LUN_05162,LUNCH,,0,,0.0,0.0,0.0,1.0,0.0
LUN_05163,LUNCH,,1,,0.0,1.0,1.0,1.0,1.0
LUN_05164,LUNCH,,0,,1.0,0.0,0.0,0.0,0.0
LUN_05165,LUNCH,,1,,0.0,0.0,0.0,1.0,0.0
LUN_05166,LUNCH,,1,,0.0,1.0,1.0,1.0,0.0
LUN_05167,LUNCH,,1,,0.0,0.0,1.0,0.0,1.0
LUN_05168,LUNCH,,1,,0.0,1.0,1.0,0.0,0.0
LUN_05169,LUNCH,,1,,0.0,1.0,0.0,0.0,0.0
LUN_05170,LUNCH,,1,,0.0,1.0,1.0,1.0,0.0
LUN_05171,LUNCH,,1,,0.0,1.0,1.0,1.0,0.0
LUN_05172,LUNCH,,0,,1.0,0.0,0.0,0.0,0.0
LUN_05173,LUNCH,,1,,0.0,1.0,1.0,1.0,1.0
LUN_05174,LUNCH,,0,,1.0,0.0,0.0,0.0,0.0
LUN_05175,LUNCH,,0,,0.0,1.0,0.0,0.0,0.0
LUN_05176,LUNCH,,0,,1.0,0.0,0.0,0.0,0.0
LUN_05177,LUNCH,,1,,0.0,1.0,1.0,1.0,1.0
LUN_05178,LUNCH,,1,,0.0,1.0,1.0,0.0,1.0
LUN_05179,LUNCH,,0,,1.0,0.0,0.0,0.0,0.0
LUN_05180,LUNCH,,1,,0.0,1.0,1.0,0.0,0.0
LUN_05181,LUNCH,,1,,0.0,1.0,1.0,0.0,1.0
LUN_05182,LUNCH,,0,,0.0,1.0,0.0,0.0,0.0
LUN_05183,LUNCH,,0,,0.0,1.0,1.0,0.0,1.0
LUN_05184,LUNCH,,1,,0.0,1.0,0.0,0.0,1.0
LUN_05185,LUNCH,,0,,1.0,0.0,0.0,0.0,0.0
LUN_05186,LUNCH,,0,,1.0,0.0,0.0,0.0,0.0
LUN_05187,LUNCH,,1,,0.0,0.0,0.0,0.0,0.0
LUN_05188,LUNCH,,0,,0.0,1.0,0.0,0.0,0.0
LUN_05189,LUNCH,,0,,1.0,0.0,0.0,0.0,0.0
LUN_05190,LUNCH,,1,,0.0,1.0,1.0,1.0,1.0
LUN_05191,LUNCH,,0,,0.0,1.0,0.0,0.0,1.0
LUN_05192,LUNCH,,1,,0.0,1.0,1.0,0.0,0.0
LUN_05193,LUNCH,,1,,0.0,0.0,1.0,1.0,1.0
LUN_05194,LUNCH,,0,,1.0,0.0,0.0,0.0,0.0
LUN_05195,LUNCH,,0,,0.0,0.0,0.0,1.0,1.0
LUN_05196,LUNCH,,0,,0.0,1.0,0.0,1.0,1.0
LUN_05197,LUNCH,,0,,0.0,0.0,0.0,0.0,1.0
LUN_05198,LUNCH,,1,,0.0,0.0,0.0,0.0,0.0
LUN_05199,LUNCH,,0,,0.0,1.0,1.0,1.0,0.0
LUN_05200,LUNCH,,1,,0.0,1.0,1.0,0.0,0.0
LUN_05201,LUNCH,,1,,0.0,1.0,1.0,0.0,1.0
LUN_05202,LUNCH,,1,,0.0,0.0,0.0,1.0,0.0
LUN_05203,LUNCH,,0,,0.0,1.0,1.0,0.0,0.0
LUN_05204,LUNCH,,0,,0.0,0.0,0.0,0.0,1.0
LUN_05205,LUNCH,,1,,0.0,1.0,1.0,0.0,0.0
LUN_05206,LUNCH,,1,,0.0,1.0,0.0,1.0,0.0
LUN_05207,LUNCH,,1,,0.0,1.0,1.0,1.0,1.0
LUN_05208,LUNCH,,0,,0.0,1.0,0.0,1.0,0.0
LUN_05209,LUNCH,,0,,0.0,1.0,1.0,1.0,1.0
LUN_05210,LUNCH,,1,,0.0,1.0,1.0,0.0,1.0
LUN_05211,LUNCH,,0,,0.0,1.0,1.0,1.0,0.0
LUN_05212,LUNCH,,0,,0.0,1.0,1.0,1.0,0.0
LUN_05213,LUNCH,,0,,0.0,1.0,0.0,1.0,0.0
LUN_05214,LUNCH,,0,,1.0,0.0,0.0,0.0,0.0
LUN_05215,LUNCH,,0,,0.0,1.0,0.0,0.0,0.0
LUN_05216,LUNCH,,0,,1.0,0.0,0.0,0.0,0.0
LUN_05217,LUNCH,,1,,0.0,1.0,0.0,0.0,0.0
LUN_05218,LUNCH,,1,,0.0,1.0,1.0,0.0,0.0
LUN_05219,LUNCH,,1,,0.0,1.0,0.0,1.0,0.0
LUN_05220,LUNCH,,0,,0.0,0.0,0.0,0.0,0.0
LUN_05221,LUNCH,,0,,1.0,0.0,0.0,0.0,0.0
LUN_05222,LUNCH,,1,,0.0,1.0,0.0,0.0,0.0
LUN_05223,LUNCH,,0,,0.0,0.0,0.0,0.0,0.0
LUN_05224,LUNCH,,1,,0.0,1.0,0.0,0.0,0.0
LUN_05225,LUNCH,,0,,0.0,1.0,0.0,0.0,0.0
LUN_05226,LUNCH,,0,,0.0,1.0,1.0,1.0,0.0
LUN_05227,LUNCH,,0,,0.0,0.0,0.0,0.0,0.0
LUN_05228,LUNCH,,1,,0.0,1.0,1.0,0.0,0.0
LUN_05229,LUNCH,,0,,0.0,1.0,0.0,1.0,0.0
LUN_05230,LUNCH,,1,,0.0,1.0,1.0,1.0,0.0
LUN_05231,LUNCH,,1,,0.0,1.0,0.0,0.0,0.0
LUN_05232,LUNCH,,1,,0.0,1.0,0.0,0.0,1.0
LUN_05233,LUNCH,,0,,1.0,0.0,0.0,0.0,0.0
LUN_05234,LUNCH,,0,,1.0,0.0,0.0,0.0,0.0
LUN_05235,LUNCH,,1,,0.0,1.0,1.0,1.0,0.0
LUN_05236,LUNCH,,1,,0.0,1.0,0.0,0.0,0.0
LUN_05237,LUNCH,,1,,0.0,1.0,0.0,1.0,0.0
LUN_05238,LUNCH,,1,,0.0,0.0,1.0,1.0,0.0
LUN_05239,LUNCH,,0,,0.0,1.0,1.0,0.0,0.0
LUN_05240,LUNCH,,0,,0.0,1.0,1.0,1.0,0.0
LUN_05241,LUNCH,,0,,1.0,0.0,0.0,0.0,0.0
LUN_05242,LUNCH,,0,,0.0,1.0,1.0,1.0,0.0
LUN_05243,LUNCH,,0,,1.0,0.0,0.0,0.0,0.0
LUN_05244,LUNCH,,0,,1.0,0.0,0.0,0.0,0.0
LUN_05245,LUNCH,,0,,1.0,0.0,0.0,0.0,0.0
LUN_05246,LUNCH,,0,,1.0,0.0,0.0,0.0,0.0
LUN_05247,LUNCH,,0,,0.0,1.0,1.0,1.0,0.0
LUN_05248,LUNCH,,0,,1.0,0.0,0.0,0.0,0.0
LUN_05249,LUNCH,,1,,0.0,0.0,1.0,0.0,0.0
LUN_05250,LUNCH,,1,,0.0,0.0,1.0,0.0,0.0
LUN_05251,LUNCH,,0,,0.0,1.0,1.0,0.0,0.0
LUN_05252,LUNCH,,1,,0.0,1.0,1.0,0.0,1.0
LUN_05253,LUNCH,,0,,0.0,1.0,1.0,0.0,1.0
LUN_05254,LUNCH,,1,,0.0,1.0,1.0,0.0,0.0
LUN_05255,LUNCH,,1,,0.0,1.0,1.0,1.0,0.0
LUN_05256,LUNCH,,1,,0.0,1.0,0.0,0.0,0.0
LUN_05257,LUNCH,,1,,0.0,1.0,0.0,1.0,0.0
LUN_05258,LUNCH,,0,,1.0,0.0,0.0,0.0,0.0
LUN_05259,LUNCH,,0,,0.0,1.0,1.0,0.0,1.0
LUN_05260,LUNCH,,1,,0.0,1.0,1.0,1.0,0.0
LUN_05261,LUNCH,,0,,1.0,0.0,0.0,0.0,0.0
LUN_05262,LUNCH,,0,,1.0,0.0,0.0,0.0,0.0
LUN_05263,LUNCH,,0,,0.0,1.0,0.0,1.0,0.0
LUN_05264,LUNCH,,0,,0.0,1.0,1.0,0.0,0.0
LUN_05265,LUNCH,,0,,1.0,0.0,0.0,0.0,0.0
LUN_05266,LUNCH,,0,,1.0,0.0,0.0,0.0,0.0
LUN_05267,LUNCH,,1,,0.0,1.0,0.0,0.0,0.0
LUN_05268,LUNCH,,1,,0.0,1.0,1.0,1.0,0.0
LUN_05269,LUNCH,,1,,0.0,1.0,0.0,0.0,0.0
LUN_05270,LUNCH,,0,,0.0,1.0,0.0,0.0,0.0
LUN_05271,LUNCH,,1,,0.0,1.0,1.0,1.0,1.0
LUN_05272,LUNCH,,0,,0.0,1.0,0.0,0.0,0.0
LUN_05273,LUNCH,,0,,0.0,0.0,0.0,0.0,0.0
LUN_05274,LUNCH,,1,,0.0,1.0,0.0,1.0,1.0
LUN_05275,LUNCH,,0,,0.0,1.0,1.0,0.0,1.0
LUN_05276,LUNCH,,1,,0.0,1.0,1.0,0.0,0.0
LUN_05277,LUNCH,,0,,0.0,1.0,1.0,0.0,1.0
LUN_05278,LUNCH,,0,,0.0,1.0,1.0,0.0,0.0
LUN_05279,LUNCH,,0,,1.0,0.0,0.0,0.0,0.0
LUN_05280,LUNCH,,0,,0.0,1.0,0.0,0.0,1.0
LUN_05281,LUNCH,,0,,1.0,0.0,0.0,0.0,0.0
LUN_05282,LUNCH,,1,,0.0,0.0,1.0,0.0,0.0
LUN_05283,LUNCH,,0,,0.0,1.0,1.0,0.0,1.0
LUN_05284,LUNCH,,0,,0.0,1.0,0.0,1.0,0.0
LUN_05285,LUNCH,,0,,1.0,0.0,0.0,0.0,0.0
LUN_05286,LUNCH,,0,,0.0,1.0,0.0,0.0,0.0
LUN_05287,LUNCH,,0,,1.0,0.0,0.0,0.0,0.0
LUN_05288,LUNCH,,1,,0.0,1.0,1.0,0.0,1.0
LUN_05289,LUNCH,,1,,0.0,1.0,0.0,0.0,0.0
LUN_05290,LUNCH,,0,,0.0,1.0,0.0,1.0,0.0
LUN_05291,LUNCH,,0,,0.0,1.0,1.0,0.0,0.0
LUN_05292,LUNCH,,1,,0.0,1.0,1.0,0.0,0.0
LUN_05293,LUNCH,,0,,0.0,1.0,0.0,1.0,1.0
LUN_05294,LUNCH,,1,,0.0,1.0,0.0,1.0,0.0
LUN_05295,LUNCH,,0,,0.0,1.0,0.0,0.0,0.0
LUN_05296,LUNCH,,1,,0.0,0.0,0.0,1.0,1.0
LUN_05297,LUNCH,,0,,1.0,0.0,0.0,0.0,0.0
LUN_05298,LUNCH,,1,,0.0,1.0,1.0,1.0,0.0
LUN_05299,LUNCH,,1,,0.0,1.0,0.0,1.0,1.0
LUN_05300,LUNCH,,0,,1.0,0.0,0.0,0.0,0.0
LUN_05301,LUNCH,,0,,0.0,1.0,0.0,0.0,1.0
LUN_05302,LUNCH,,0,,0.0,1.0,1.0,1.0,0.0
LUN_05303,LUNCH,,1,,0.0,1.0,0.0,1.0,0.0
LUN_05304,LUNCH,,0,,1.0,0.0,0.0,0.0,0.0
LUN_05305,LUNCH,,1,,0.0,1.0,1.0,1.0,0.0
LUN_05306,LUNCH,,1,,0.0,1.0,0.0,1.0,0.0
LUN_05307,LUNCH,,1,,0.0,1.0,1.0,0.0,0.0
LUN_05308,LUNCH,,0,,0.0,0.0,0.0,1.0,0.0
LUN_05309,LUNCH,,0,,0.0,0.0,0.0,0.0,0.0
LUN_05310,LUNCH,,0,,0.0,0.0,0.0,0.0,0.0
LUN_05311,LUNCH,,1,,0.0,1.0,0.0,0.0,0.0
LUN_05312,LUNCH,,1,,0.0,1.0,0.0,1.0,0.0
LUN_05313,LUNCH,,0,,1.0,0.0,0.0,0.0,0.0
LUN_05314,LUNCH,,1,,0.0,1.0,0.0,0.0,0.0
LUN_05315,LUNCH,,1,,0.0,1.0,0.0,0.0,0.0
LUN_05316,LUNCH,,1,,0.0,1.0,1.0,1.0,0.0
LUN_05317,LUNCH,,1,,0.0,1.0,0.0,0.0,1.0
LUN_05318,LUNCH,,0,,1.0,0.0,0.0,0.0,0.0
LUN_05319,LUNCH,,1,,0.0,1.0,0.0,0.0,0.0
LUN_05320,LUNCH,,0,,1.0,0.0,0.0,0.0,0.0
LUN_05321,LUNCH,,0,,0.0,1.0,1.0,1.0,0.0
LUN_05322,LUNCH,,0,,0.0,1.0,1.0,1.0,0.0
LUN_05323,LUNCH,,1,,0.0,1.0,0.0,0.0,1.0
LUN_05324,LUNCH,,0,,1.0,0.0,0.0,0.0,0.0
LUN_05325,LUNCH,,0,,0.0,1.0,1.0,0.0,0.0
LUN_05326,LUNCH,,0,,0.0,0.0,1.0,0.0,0.0
LUN_05327,LUNCH,,1,,0.0,0.0,1.0,0.0,0.0
LUN_05328,LUNCH,,0,,1.0,0.0,0.0,0.0,0.0
LUN_05329,LUNCH,,1,,0.0,1.0,1.0,0.0,0.0
LUN_05330,LUNCH,,1,,0.0,1.0,0.0,1.0,0.0
LUN_05331,LUNCH,,0,,0.0,1.0,1.0,1.0,1.0
LUN_05332,LUNCH,,0,,1.0,0.0,0.0,0.0,0.0
LUN_05333,LUNCH,,1,,0.0,1.0,0.0,0.0,1.0
LUN_05334,LUNCH,,1,,0.0,1.0,1.0,1.0,0.0
LUN_05335,LUNCH,,1,,0.0,0.0,1.0,0.0,0.0
LUN_05336,LUNCH,,0,,1.0,0.0,0.0,0.0,0.0
LUN_05337,LUNCH,,0,,0.0,1.0,0.0,1.0,1.0
LUN_05338,LUNCH,,0,,1.0,0.0,0.0,0.0,0.0
LUN_05339,LUNCH,,1,,0.0,1.0,1.0,0.0,1.0
LUN_05340,LUNCH,,0,,0.0,1.0,0.0,0.0,0.0
LUN_05341,LUNCH,,1,,0.0,1.0,1.0,1.0,0.0
LUN_05342,LUNCH,,1,,0.0,1.0,1.0,0.0,0.0
LUN_05343,LUNCH,,1,,0.0,1.0,1.0,0.0,0.0
LUN_05344,LUNCH,,1,,0.0,1.0,0.0,0.0,1.0
LUN_05345,LUNCH,,0,,0.0,1.0,0.0,0.0,0.0
LUN_05346,LUNCH,,0,,0.0,1.0,0.0,1.0,1.0
LUN_05347,LUNCH,,0,,0.0,1.0,1.0,0.0,0.0
LUN_05348,LUNCH,,1,,0.0,1.0,0.0,1.0,1.0
LUN_05349,LUNCH,,1,,0.0,1.0,1.0,0.0,0.0
LUN_05350,LUNCH,,1,,0.0,1.0,1.0,1.0,0.0
LUN_05351,LUNCH,,0,,1.0,0.0,0.0,0.0,0.0
LUN_05352,LUNCH,,0,,0.0,0.0,1.0,0.0,0.0
LUN_05353,LUNCH,,1,,0.0,1.0,1.0,1.0,1.0
LUN_05354,LUNCH,,1,,0.0,1.0,1.0,1.0,1.0
LUN_05355,LUNCH,,0,,0.0,0.0,1.0,1.0,1.0
LUN_05356,LUNCH,,0,,1.0,0.0,0.0,0.0,0.0
LUN_05357,LUNCH,,0,,1.0,0.0,0.0,0.0,0.0
LUN_05358,LUNCH,,1,,0.0,1.0,1.0,1.0,0.0
LUN_05359,LUNCH,,0,,0.0,0.0,1.0,1.0,1.0
LUN_05360,LUNCH,,0,,1.0,0.0,0.0,0.0,0.0
LUN_05361,LUNCH,,1,,0.0,1.0,1.0,0.0,0.0
LUN_05362,LUNCH,,1,,0.0,1.0,1.0,0.0,1.0
LUN_05363,LUNCH,,0,,0.0,1.0,1.0,1.0,0.0
LUN_05364,LUNCH,,0,,1.0,0.0,0.0,0.0,0.0
LUN_05365,LUNCH,,1,,0.0,1.0,0.0,0.0,0.0
LUN_05366,LUNCH,,0,,1.0,0.0,0.0,0.0,0.0
LUN_05367,LUNCH,,0,,0.0,1.0,1.0,1.0,0.0
LUN_05368,LUNCH,,1,,0.0,1.0,1.0,1.0,0.0
LUN_05369,LUNCH,,0,,0.0,1.0,1.0,1.0,0.0
LUN_05370,LUNCH,,0,,1.0,0.0,0.0,0.0,0.0
LUN_05371,LUNCH,,0,,1.0,0.0,0.0,0.0,0.0
LUN_05372,LUNCH,,1,,0.0,1.0,0.0,0.0,0.0
LUN_05373,LUNCH,,0,,0.0,0.0,1.0,1.0,0.0
LUN_05374,LUNCH,,1,,0.0,1.0,1.0,1.0,1.0
LUN_05375,LUNCH,,1,,0.0,1.0,0.0,1.0,0.0
LUN_05376,LUNCH,,1,,0.0,1.0,1.0,1.0,1.0
LUN_05377,LUNCH,,1,,0.0,1.0,0.0,0.0,1.0
LUN_05378,LUNCH,,1,,0.0,1.0,1.0,1.0,1.0
LUN_05379,LUNCH,,0,,0.0,0.0,0.0,0.0,1.0
LUN_05380,LUNCH,,1,,0.0,1.0,0.0,0.0,0.0
LUN_05381,LUNCH,,0,,0.0,1.0,1.0,0.0,0.0
LUN_05382,LUNCH,,1,,0.0,1.0,1.0,0.0,1.0
LUN_05383,LUNCH,,1,,0.0,1.0,1.0,0.0,1.0
LUN_05384,LUNCH,,1,,0.0,1.0,1.0,1.0,0.0
LUN_05385,LUNCH,,1,,0.0,1.0,1.0,1.0,0.0
LUN_05386,LUNCH,,0,,0.0,1.0,1.0,1.0,1.0
LUN_05387,LUNCH,,0,,0.0,1.0,0.0,0.0,0.0
LUN_05388,LUNCH,,0,,1.0,0.0,0.0,0.0,0.0
LUN_05389,LUNCH,,1,,0.0,1.0,1.0,1.0,0.0
LUN_05390,LUNCH,,1,,0.0,1.0,1.0,0.0,1.0
LUN_05391,LUNCH,,0,,0.0,0.0,0.0,0.0,0.0
LUN_05392,LUNCH,,1,,0.0,1.0,0.0,0.0,0.0
LUN_05393,LUNCH,,0,,0.0,1.0,1.0,0.0,0.0
LUN_05394,LUNCH,,1,,0.0,1.0,1.0,0.0,0.0
LUN_05395,LUNCH,,0,,0.0,1.0,1.0,0.0,0.0
LUN_05396,LUNCH,,0,,1.0,0.0,0.0,0.0,0.0
LUN_05397,LUNCH,,1,,0.0,1.0,1.0,1.0,0.0
LUN_05398,LUNCH,,0,,0.0,1.0,0.0,0.0,0.0
LUN_05399,LUNCH,,1,,0.0,1.0,1.0,1.0,0.0
LUN_05400,LUNCH,,0,,0.0,1.0,1.0,0.0,0.0
LUN_05401,LUNCH,,0,,1.0,0.0,0.0,0.0,0.0
LUN_05402,LUNCH,,0,,1.0,0.0,0.0,0.0,0.0
LUN_05403,LUNCH,,0,,0.0,0.0,1.0,0.0,0.0
LUN_05404,LUNCH,,1,,0.0,0.0,1.0,0.0,0.0
LUN_05405,LUNCH,,0,,0.0,0.0,1.0,0.0,0.0
LUN_05406,LUNCH,,0,,1.0,0.0,0.0,0.0,0.0
LUN_05407,LUNCH,,1,,0.0,0.0,1.0,1.0,0.0
LUN_05408,LUNCH,,1,,0.0,1.0,0.0,1.0,0.0
LUN_05409,LUNCH,,1,,0.0,1.0,0.0,0.0,0.0
LUN_05410,LUNCH,,1,,0.0,1.0,1.0,1.0,1.0
LUN_05411,LUNCH,,0,,1.0,0.0,0.0,0.0,0.0
LUN_05412,LUNCH,,0,,1.0,0.0,0.0,0.0,0.0
LUN_05413,LUNCH,,1,,0.0,1.0,1.0,1.0,0.0
LUN_05414,LUNCH,,0,,1.0,0.0,0.0,0.0,0.0
LUN_05415,LUNCH,,0,,1.0,0.0,0.0,0.0,0.0
LUN_05416,LUNCH,,1,,0.0,1.0,1.0,0.0,0.0
LUN_05417,LUNCH,,0,,0.0,1.0,1.0,0.0,0.0
LUN_05418,LUNCH,,1,,0.0,1.0,1.0,1.0,1.0
LUN_05419,LUNCH,,0,,1.0,0.0,0.0,0.0,0.0
LUN_05420,LUNCH,,1,,0.0,1.0,0.0,0.0,1.0
LUN_05421,LUNCH,,0,,0.0,1.0,1.0,1.0,1.0
LUN_05422,LUNCH,,1,,0.0,1.0,0.0,0.0,0.0
LUN_05423,LUNCH,,0,,1.0,0.0,0.0,0.0,0.0
LUN_05424,LUNCH,,0,,0.0,0.0,1.0,1.0,1.0
LUN_05425,LUNCH,,0,,0.0,1.0,1.0,1.0,1.0
LUN_05426,LUNCH,,0,,1.0,0.0,0.0,0.0,0.0
LUN_05427,LUNCH,,0,,0.0,1.0,0.0,1.0,0.0
LUN_05428,LUNCH,,1,,0.0,1.0,1.0,1.0,0.0
LUN_05429,LUNCH,,0,,1.0,0.0,0.0,0.0,0.0
LUN_05430,LUNCH,,0,,0.0,1.0,1.0,0.0,1.0
LUN_05431,LUNCH,,0,,1.0,0.0,0.0,0.0,0.0
LUN_05432,LUNCH,,0,,0.0,1.0,1.0,0.0,0.0
LUN_05433,LUNCH,,0,,0.0,1.0,1.0,1.0,0.0
LUN_05434,LUNCH,,0,,1.0,0.0,0.0,0.0,0.0
LUN_05435,LUNCH,,0,,1.0,0.0,0.0,0.0,0.0
LUN_05436,LUNCH,,0,,0.0,1.0,1.0,0.0,0.0
LUN_05437,LUNCH,,0,,0.0,1.0,0.0,0.0,0.0
LUN_05438,LUNCH,,1,,0.0,1.0,0.0,0.0,1.0
LUN_05439,LUNCH,,0,,0.0,0.0,0.0,0.0,0.0
LUN_05440,LUNCH,,0,,1.0,0.0,0.0,0.0,0.0
LUN_05441,LUNCH,,1,,0.0,1.0,0.0,1.0,1.0
LUN_05442,LUNCH,,0,,0.0,1.0,1.0,1.0,0.0
LUN_05443,LUNCH,,1,,0.0,0.0,0.0,0.0,0.0
LUN_05444,LUNCH,,1,,0.0,1.0,1.0,1.0,0.0
LUN_05445,LUNCH,,1,,0.0,1.0,1.0,0.0,1.0
LUN_05446,LUNCH,,0,,1.0,0.0,0.0,0.0,0.0
LUN_05447,LUNCH,,0,,0.0,0.0,0.0,0.0,1.0
LUN_05448,LUNCH,,1,,0.0,1.0,1.0,1.0,1.0
LUN_05449,LUNCH,,0,,1.0,0.0,0.0,0.0,0.0
LUN_05450,LUNCH,,0,,0.0,1.0,0.0,0.0,1.0
LUN_05451,LUNCH,,0,,1.0,0.0,0.0,0.0,0.0
LUN_05452,LUNCH,,0,,0.0,1.0,1.0,1.0,1.0
LUN_05453,LUNCH,,0,,1.0,0.0,0.0,0.0,0.0
LUN_05454,LUNCH,,1,,0.0,1.0,1.0,1.0,0.0
LUN_05455,LUNCH,,0,,0.0,0.0,1.0,0.0,0.0
LUN_05456,LUNCH,,1,,0.0,1.0,1.0,1.0,1.0
LUN_05457,LUNCH,,1,,0.0,1.0,0.0,1.0,0.0
LUN_05458,LUNCH,,0,,0.0,1.0,0.0,1.0,0.0
LUN_05459,LUNCH,,0,,1.0,0.0,0.0,0.0,0.0
LUN_05460,LUNCH,,1,,0.0,1.0,0.0,1.0,0.0
LUN_05461,LUNCH,,0,,0.0,1.0,0.0,0.0,0.0
LUN_05462,LUNCH,,1,,0.0,1.0,1.0,1.0,0.0
LUN_05463,LUNCH,,0,,0.0,0.0,0.0,0.0,0.0
LUN_05464,LUNCH,,1,,0.0,1.0,1.0,0.0,1.0
LUN_05465,LUNCH,,0,,1.0,0.0,0.0,0.0,0.0
LUN_05466,LUNCH,,1,,0.0,1.0,1.0,1.0,0.0
LUN_05467,LUNCH,,1,,0.0,1.0,1.0,0.0,0.0
LUN_05468,LUNCH,,1,,0.0,1.0,0.0,0.0,1.0
LUN_05469,LUNCH,,0,,1.0,0.0,0.0,0.0,0.0
LUN_05470,LUNCH,,1,,0.0,0.0,1.0,1.0,1.0
LUN_05471,LUNCH,,1,,0.0,1.0,0.0,0.0,0.0
LUN_05472,LUNCH,,0,,0.0,1.0,0.0,0.0,0.0
LUN_05473,LUNCH,,1,,0.0,0.0,1.0,0.0,0.0
LUN_05474,LUNCH,,1,,0.0,1.0,1.0,0.0,1.0
LUN_05475,LUNCH,,0,,0.0,0.0,1.0,0.0,1.0
LUN_05476,LUNCH,,0,,0.0,0.0,0.0,0.0,1.0
LUN_05477,LUNCH,,0,,0.0,0.0,0.0,0.0,1.0
LUN_05478,LUNCH,,1,,0.0,1.0,1.0,1.0,0.0
LUN_05479,LUNCH,,1,,0.0,1.0,0.0,1.0,0.0
LUN_05480,LUNCH,,1,,0.0,1.0,1.0,1.0,1.0
LUN_05481,LUNCH,,0,,1.0,0.0,0.0,0.0,0.0
LUN_05482,LUNCH,,0,,0.0,1.0,0.0,0.0,0.0
LUN_05483,LUNCH,,1,,0.0,1.0,1.0,1.0,1.0
LUN_05484,LUNCH,,0,,0.0,1.0,1.0,0.0,0.0
LUN_05485,LUNCH,,1,,0.0,1.0,0.0,1.0,0.0
LUN_05486,LUNCH,,1,,0.0,0.0,1.0,1.0,1.0
LUN_05487,LUNCH,,1,,0.0,1.0,0.0,1.0,0.0
LUN_05488,LUNCH,,1,,0.0,1.0,1.0,0.0,1.0
LUN_05489,LUNCH,,0,,0.0,1.0,1.0,1.0,0.0
LUN_05490,LUNCH,,0,,0.0,1.0,0.0,0.0,0.0
LUN_05491,LUNCH,,1,,0.0,0.0,0.0,0.0,0.0
LUN_05492,LUNCH,,0,,1.0,0.0,0.0,0.0,0.0
LUN_05493,LUNCH,,0,,0.0,1.0,1.0,0.0,0.0
LUN_05494,LUNCH,,0,,1.0,0.0,0.0,0.0,0.0
LUN_05495,LUNCH,,1,,0.0,1.0,0.0,0.0,0.0
LUN_05496,LUNCH,,1,,0.0,1.0,0.0,0.0,0.0
LUN_05497,LUNCH,,0,,0.0,1.0,0.0,1.0,1.0
LUN_05498,LUNCH,,1,,0.0,1.0,0.0,0.0,0.0
LUN_05499,LUNCH,,1,,0.0,1.0,1.0,1.0,0.0
LUN_05500,LUNCH,,0,,0.0,1.0,0.0,0.0,1.0
LUN_05501,LUNCH,,0,,1.0,0.0,0.0,0.0,0.0
LUN_05502,LUNCH,,0,,1.0,0.0,0.0,0.0,0.0
LUN_05503,LUNCH,,1,,0.0,1.0,1.0,1.0,0.0
LUN_05504,LUNCH,,1,,0.0,1.0,0.0,1.0,1.0
LUN_05505,LUNCH,,1,,0.0,1.0,0.0,0.0,0.0
LUN_05506,LUNCH,,0,,0.0,1.0,0.0,0.0,0.0
LUN_05507,LUNCH,,0,,0.0,1.0,0.0,0.0,0.0
LUN_05508,LUNCH,,0,,0.0,1.0,0.0,0.0,0.0
LUN_05509,LUNCH,,1,,0.0,1.0,0.0,1.0,0.0
LUN_05510,LUNCH,,0,,0.0,0.0,0.0,0.0,0.0
LUN_05511,LUNCH,,0,,0.0,1.0,0.0,0.0,0.0
LUN_05512,LUNCH,,1,,0.0,1.0,1.0,0.0,1.0
LUN_05513,LUNCH,,1,,0.0,1.0,0.0,0.0,0.0
LUN_05514,LUNCH,,1,,0.0,1.0,0.0,0.0,1.0
LUN_05515,LUNCH,,0,,0.0,1.0,1.0,0.0,0.0
LUN_05516,LUNCH,,1,,0.0,0.0,0.0,0.0,1.0
LUN_05517,LUNCH,,1,,0.0,0.0,1.0,1.0,0.0
LUN_05518,LUNCH,,0,,1.0,0.0,0.0,0.0,0.0
LUN_05519,LUNCH,,0,,0.0,1.0,1.0,0.0,1.0
LUN_05520,LUNCH,,0,,0.0,1.0,0.0,0.0,1.0
LUN_05521,LUNCH,,1,,0.0,1.0,0.0,1.0,1.0
LUN_05522,LUNCH,,0,,0.0,1.0,0.0,1.0,1.0
LUN_05523,LUNCH,,1,,0.0,1.0,1.0,0.0,0.0
LUN_05524,LUNCH,,0,,0.0,1.0,1.0,1.0,0.0
LUN_05525,LUNCH,,1,,0.0,1.0,0.0,0.0,0.0
LUN_05526,LUNCH,,0,,1.0,0.0,0.0,0.0,0.0
LUN_05527,LUNCH,,1,,0.0,0.0,0.0,0.0,1.0
LUN_05528,LUNCH,,0,,0.0,1.0,1.0,0.0,0.0
LUN_05529,LUNCH,,0,,0.0,1.0,0.0,0.0,1.0
LUN_05530,LUNCH,,1,,0.0,1.0,1.0,1.0,0.0
LUN_05531,LUNCH,,0,,0.0,1.0,0.0,0.0,0.0
LUN_05532,LUNCH,,0,,0.0,1.0,0.0,0.0,0.0
LUN_05533,LUNCH,,1,,0.0,1.0,0.0,0.0,1.0
LUN_05534,LUNCH,,1,,0.0,1.0,1.0,1.0,0.0
LUN_05535,LUNCH,,0,,1.0,0.0,0.0,0.0,0.0
LUN_05536,LUNCH,,1,,0.0,0.0,1.0,0.0,0.0
LUN_05537,LUNCH,,1,,0.0,1.0,1.0,0.0,0.0
LUN_05538,LUNCH,,1,,0.0,1.0,1.0,1.0,0.0
LUN_05539,LUNCH,,0,,0.0,1.0,0.0,0.0,0.0
LUN_05540,LUNCH,,0,,0.0,1.0,1.0,1.0,0.0
LUN_05541,LUNCH,,1,,0.0,1.0,1.0,0.0,1.0
LUN_05542,LUNCH,,0,,0.0,1.0,0.0,0.0,0.0
LUN_05543,LUNCH,,0,,0.0,1.0,0.0,1.0,0.0
LUN_05544,LUNCH,,1,,0.0,1.0,0.0,0.0,0.0
LUN_05545,LUNCH,,0,,0.0,1.0,1.0,0.0,0.0
LUN_05546,LUNCH,,0,,0.0,1.0,1.0,1.0,1.0
LUN_05547,LUNCH,,1,,0.0,1.0,0.0,0.0,1.0
LUN_05548,LUNCH,,0,,0.0,0.0,1.0,1.0,1.0
LUN_05549,LUNCH,,0,,0.0,1.0,1.0,0.0,0.0
LUN_05550,LUNCH,,1,,0.0,1.0,1.0,1.0,0.0
LUN_05551,LUNCH,,0,,1.0,0.0,0.0,0.0,0.0
LUN_05552,LUNCH,,0,,0.0,1.0,1.0,1.0,0.0
LUN_05553,LUNCH,,1,,0.0,1.0,1.0,0.0,1.0
LUN_05554,LUNCH,,0,,0.0,1.0,0.0,0.0,1.0
LUN_05555,LUNCH,,1,,0.0,1.0,1.0,0.0,0.0
LUN_05556,LUNCH,,1,,0.0,1.0,0.0,0.0,1.0
LUN_05557,LUNCH,,0,,0.0,1.0,0.0,1.0,0.0
LUN_05558,LUNCH,,0,,1.0,0.0,0.0,0.0,0.0
LUN_05559,LUNCH,,1,,0.0,1.0,1.0,0.0,1.0
LUN_05560,LUNCH,,0,,1.0,0.0,0.0,0.0,0.0
LUN_05561,LUNCH,,0,,0.0,1.0,0.0,0.0,0.0
LUN_05562,LUNCH,,1,,0.0,1.0,1.0,0.0,0.0
LUN_05563,LUNCH,,1,,0.0,0.0,1.0,1.0,1.0
LUN_05564,LUNCH,,1,,0.0,1.0,0.0,0.0,0.0
LUN_05565,LUNCH,,1,,0.0,1.0,1.0,1.0,1.0
LUN_05566,LUNCH,,1,,0.0,1.0,1.0,0.0,1.0
LUN_05567,LUNCH,,1,,0.0,0.0,1.0,1.0,1.0
LUN_05568,LUNCH,,0,,1.0,0.0,0.0,0.0,0.0
LUN_05569,LUNCH,,1,,0.0,1.0,0.0,0.0,0.0
LUN_05570,LUNCH,,0,,0.0,1.0,1.0,0.0,0.0
LUN_05571,LUNCH,,0,,0.0,1.0,0.0,0.0,0.0
LUN_05572,LUNCH,,0,,1.0,0.0,0.0,0.0,0.0
LUN_05573,LUNCH,,0,,0.0,1.0,1.0,1.0,0.0
LUN_05574,LUNCH,,0,,1.0,0.0,0.0,0.0,0.0
LUN_05575,LUNCH,,0,,1.0,0.0,0.0,0.0,0.0
LUN_05576,LUNCH,,1,,0.0,1.0,1.0,0.0,0.0
LUN_05577,LUNCH,,0,,0.0,1.0,1.0,1.0,0.0
LUN_05578,LUNCH,,1,,0.0,1.0,1.0,1.0,1.0
LUN_05579,LUNCH,,1,,0.0,1.0,1.0,1.0,0.0
LUN_05580,LUNCH,,0,,0.0,1.0,1.0,0.0,0.0
LUN_05581,LUNCH,,0,,0.0,1.0,1.0,0.0,1.0
LUN_05582,LUNCH,,0,,0.0,1.0,0.0,1.0,1.0
LUN_05583,LUNCH,,1,,0.0,1.0,1.0,1.0,0.0
LUN_05584,LUNCH,,1,,0.0,0.0,1.0,0.0,0.0
LUN_05585,LUNCH,,0,,0.0,0.0,1.0,1.0,0.0
LUN_05586,LUNCH,,1,,0.0,1.0,0.0,1.0,0.0
LUN_05587,LUNCH,,0,,0.0,1.0,1.0,1.0,1.0
LUN_05588,LUNCH,,0,,0.0,1.0,1.0,1.0,0.0
LUN_05589,LUNCH,,1,,0.0,1.0,0.0,1.0,1.0
LUN_05590,LUNCH,,0,,1.0,0.0,0.0,0.0,0.0
LUN_05591,LUNCH,,0,,1.0,0.0,0.0,0.0,0.0
LUN_05592,LUNCH,,0,,1.0,0.0,0.0,0.0,0.0
LUN_05593,LUNCH,,0,,1.0,0.0,0.0,0.0,0.0
LUN_05594,LUNCH,,1,,0.0,1.0,1.0,1.0,1.0
LUN_05595,LUNCH,,1,,0.0,1.0,1.0,1.0,0.0
LUN_05596,LUNCH,,0,,1.0,0.0,0.0,0.0,0.0
LUN_05597,LUNCH,,1,,0.0,0.0,1.0,0.0,1.0
LUN_05598,LUNCH,,1,,0.0,1.0,0.0,1.0,0.0
LUN_05599,LUNCH,,0,,1.0,0.0,0.0,0.0,0.0
LUN_05600,LUNCH,,1,,0.0,1.0,1.0,0.0,1.0
LUN_05601,LUNCH,,1,,0.0,0.0,0.0,0.0,0.0
LUN_05602,LUNCH,,0,,1.0,0.0,0.0,0.0,0.0
LUN_05603,LUNCH,,0,,1.0,0.0,0.0,0.0,0.0
LUN_05604,LUNCH,,0,,1.0,0.0,0.0,0.0,0.0
LUN_05605,LUNCH,,0,,0.0,1.0,0.0,0.0,0.0
LUN_05606,LUNCH,,1,,0.0,1.0,0.0,0.0,0.0
LUN_05607,LUNCH,,1,,0.0,1.0,1.0,0.0,0.0
LUN_05608,LUNCH,,0,,1.0,0.0,0.0,0.0,0.0
LUN_05609,LUNCH,,1,,0.0,1.0,0.0,1.0,0.0
LUN_05610,LUNCH,,1,,0.0,0.0,1.0,1.0,1.0
LUN_05611,LUNCH,,0,,1.0,0.0,0.0,0.0,0.0
LUN_05612,LUNCH,,1,,0.0,1.0,0.0,0.0,1.0
LUN_05613,LUNCH,,0,,0.0,0.0,0.0,1.0,0.0
LUN_05614,LUNCH,,0,,0.0,0.0,0.0,0.0,0.0
LUN_05615,LUNCH,,1,,0.0,1.0,1.0,1.0,1.0
LUN_05616,LUNCH,,0,,1.0,0.0,0.0,0.0,0.0
LUN_05617,LUNCH,,0,,0.0,1.0,1.0,1.0,0.0
LUN_05618,LUNCH,,1,,0.0,1.0,0.0,1.0,0.0
LUN_05619,LUNCH,,0,,0.0,1.0,1.0,1.0,0.0
LUN_05620,LUNCH,,0,,0.0,1.0,1.0,1.0,1.0
LUN_05621,LUNCH,,0,,0.0,1.0,1.0,1.0,0.0
LUN_05622,LUNCH,,0,,1.0,0.0,0.0,0.0,0.0
LUN_05623,LUNCH,,0,,1.0,0.0,0.0,0.0,0.0
LUN_05624,LUNCH,,0,,0.0,1.0,0.0,1.0,0.0
LUN_05625,LUNCH,,0,,1.0,0.0,0.0,0.0,0.0
LUN_05626,LUNCH,,1,,0.0,0.0,0.0,0.0,0.0
LUN_05627,LUNCH,,1,,0.0,1.0,1.0,1.0,0.0
LUN_05628,LUNCH,,0,,0.0,1.0,1.0,0.0,0.0
LUN_05629,LUNCH,,1,,0.0,1.0,1.0,0.0,1.0
LUN_05630,LUNCH,,1,,0.0,1.0,0.0,1.0,1.0
LUN_05631,LUNCH,,1,,0.0,1.0,0.0,0.0,0.0
LUN_05632,LUNCH,,0,,0.0,1.0,1.0,0.0,1.0
LUN_05633,LUNCH,,1,,0.0,1.0,1.0,1.0,0.0
LUN_05634,LUNCH,,0,,0.0,0.0,0.0,0.0,0.0
LUN_05635,LUNCH,,1,,0.0,1.0,1.0,0.0,0.0
LUN_05636,LUNCH,,0,,1.0,0.0,0.0,0.0,0.0
LUN_05637,LUNCH,,0,,0.0,1.0,1.0,0.0,0.0
LUN_05638,LUNCH,,0,,0.0,1.0,1.0,1.0,1.0
LUN_05639,LUNCH,,1,,0.0,0.0,0.0,1.0,1.0
LUN_05640,LUNCH,,1,,0.0,1.0,1.0,0.0,0.0
LUN_05641,LUNCH,,1,,0.0,0.0,1.0,1.0,0.0
LUN_05642,LUNCH,,1,,0.0,1.0,0.0,1.0,0.0
LUN_05643,LUNCH,,0,,1.0,0.0,0.0,0.0,0.0
LUN_05644,LUNCH,,1,,0.0,1.0,0.0,0.0,0.0
LUN_05645,LUNCH,,0,,1.0,0.0,0.0,0.0,0.0
LUN_05646,LUNCH,,0,,0.0,1.0,0.0,0.0,0.0
LUN_05647,LUNCH,,1,,0.0,1.0,0.0,0.0,0.0
LUN_05648,LUNCH,,1,,0.0,1.0,0.0,1.0,0.0
LUN_05649,LUNCH,,0,,1.0,0.0,0.0,0.0,0.0
LUN_05650,LUNCH,,0,,1.0,0.0,0.0,0.0,0.0
LUN_05651,LUNCH,,0,,1.0,0.0,0.0,0.0,0.0
LUN_05652,LUNCH,,0,,1.0,0.0,0.0,0.0,0.0
LUN_05653,LUNCH,,0,,1.0,0.0,0.0,0.0,0.0
LUN_05654,LUNCH,,1,,0.0,1.0,0.0,0.0,0.0
LUN_05655,LUNCH,,1,,0.0,1.0,1.0,1.0,1.0
LUN_05656,LUNCH,,0,,0.0,1.0,1.0,1.0,1.0
LUN_05657,LUNCH,,1,,0.0,1.0,1.0,0.0,0.0
LUN_05658,LUNCH,,0,,1.0,0.0,0.0,0.0,0.0
LUN_05659,LUNCH,,0,,1.0,0.0,0.0,0.0,0.0
LUN_05660,LUNCH,,0,,1.0,0.0,0.0,0.0,0.0
LUN_05661,LUNCH,,0,,0.0,1.0,1.0,1.0,0.0
LUN_05662,LUNCH,,0,,1.0,0.0,0.0,0.0,0.0
LUN_05663,LUNCH,,1,,0.0,1.0,0.0,0.0,0.0
LUN_05664,LUNCH,,1,,0.0,1.0,1.0,0.0,0.0
LUN_05665,LUNCH,,0,,1.0,0.0,0.0,0.0,0.0
LUN_05666,LUNCH,,0,,0.0,1.0,0.0,0.0,1.0
LUN_05667,LUNCH,,0,,1.0,0.0,0.0,0.0,0.0
LUN_05668,LUNCH,,0,,1.0,0.0,0.0,0.0,0.0
LUN_05669,LUNCH,,0,,0.0,1.0,1.0,0.0,0.0
LUN_05670,LUNCH,,1,,0.0,1.0,1.0,0.0,0.0
LUN_05671,LUNCH,,1,,0.0,1.0,1.0,1.0,1.0
LUN_05672,LUNCH,,1,,0.0,1.0,1.0,1.0,0.0
LUN_05673,LUNCH,,0,,1.0,0.0,0.0,0.0,0.0
LUN_05674,LUNCH,,1,,0.0,1.0,0.0,0.0,1.0
LUN_05675,LUNCH,,1,,0.0,1.0,1.0,1.0,1.0
LUN_05676,LUNCH,,0,,0.0,1.0,1.0,0.0,0.0
LUN_05677,LUNCH,,1,,0.0,1.0,1.0,1.0,0.0
LUN_05678,LUNCH,,0,,1.0,0.0,0.0,0.0,0.0
LUN_05679,LUNCH,,1,,0.0,1.0,0.0,0.0,0.0
LUN_05680,LUNCH,,1,,0.0,1.0,1.0,1.0,1.0
LUN_05681,LUNCH,,1,,0.0,0.0,1.0,1.0,0.0
LUN_05682,LUNCH,,0,,0.0,1.0,1.0,1.0,0.0
LUN_05683,LUNCH,,0,,0.0,1.0,0.0,1.0,0.0
LUN_05684,LUNCH,,0,,1.0,0.0,0.0,0.0,0.0
LUN_05685,LUNCH,,0,,1.0,0.0,0.0,0.0,0.0
LUN_05686,LUNCH,,0,,1.0,0.0,0.0,0.0,0.0
LUN_05687,LUNCH,,1,,0.0,0.0,0.0,0.0,1.0
LUN_05688,LUNCH,,0,,1.0,0.0,0.0,0.0,0.0
LUN_05689,LUNCH,,1,,0.0,1.0,0.0,0.0,0.0
LUN_05690,LUNCH,,0,,0.0,1.0,0.0,0.0,0.0
LUN_05691,LUNCH,,1,,0.0,0.0,1.0,0.0,0.0
LUN_05692,LUNCH,,0,,1.0,0.0,0.0,0.0,0.0
LUN_05693,LUNCH,,0,,1.0,0.0,0.0,0.0,0.0
LUN_05694,LUNCH,,1,,0.0,1.0,0.0,0.0,0.0
LUN_05695,LUNCH,,1,,0.0,1.0,1.0,1.0,0.0
LUN_05696,LUNCH,,0,,0.0,1.0,0.0,1.0,1.0
LUN_05697,LUNCH,,1,,0.0,1.0,1.0,0.0,0.0
LUN_05698,LUNCH,,1,,0.0,1.0,0.0,0.0,1.0
LUN_05699,LUNCH,,1,,0.0,1.0,1.0,0.0,0.0
LUN_05700,LUNCH,,1,,0.0,1.0,1.0,0.0,0.0
LUN_05701,LUNCH,,1,,0.0,0.0,0.0,1.0,1.0
LUN_05702,LUNCH,,1,,0.0,1.0,0.0,0.0,1.0
LUN_05703,LUNCH,,0,,0.0,1.0,0.0,0.0,1.0
LUN_05704,LUNCH,,0,,0.0,1.0,0.0,0.0,0.0
LUN_05705,LUNCH,,1,,0.0,1.0,0.0,0.0,1.0
LUN_05706,LUNCH,,1,,0.0,0.0,1.0,1.0,0.0
LUN_05707,LUNCH,,0,,1.0,0.0,0.0,0.0,0.0
LUN_05708,LUNCH,,0,,1.0,0.0,0.0,0.0,0.0
LUN_05709,LUNCH,,0,,1.0,0.0,0.0,0.0,0.0
LUN_05710,LUNCH,,0,,1.0,0.0,0.0,0.0,0.0
LUN_05711,LUNCH,,1,,0.0,1.0,1.0,0.0,1.0
LUN_05712,LUNCH,,1,,0.0,0.0,1.0,1.0,1.0
LUN_05713,LUNCH,,0,,0.0,1.0,0.0,1.0,1.0
LUN_05714,LUNCH,,0,,0.0,1.0,1.0,1.0,0.0
LUN_05715,LUNCH,,0,,0.0,0.0,0.0,0.0,1.0
LUN_05716,LUNCH,,0,,1.0,0.0,0.0,0.0,0.0
LUN_05717,LUNCH,,1,,0.0,1.0,0.0,0.0,1.0
LUN_05718,LUNCH,,0,,0.0,0.0,0.0,0.0,0.0
LUN_05719,LUNCH,,1,,0.0,1.0,1.0,0.0,0.0
LUN_05720,LUNCH,,1,,0.0,1.0,1.0,0.0,1.0
LUN_05721,LUNCH,,1,,0.0,1.0,1.0,1.0,0.0
LUN_05722,LUNCH,,0,,1.0,0.0,0.0,0.0,0.0
LUN_05723,LUNCH,,1,,0.0,1.0,0.0,0.0,0.0
LUN_05724,LUNCH,,1,,0.0,1.0,1.0,1.0,1.0
LUN_05725,LUNCH,,0,,0.0,0.0,0.0,0.0,0.0
LUN_05726,LUNCH,,1,,0.0,0.0,1.0,0.0,0.0
LUN_05727,LUNCH,,1,,0.0,1.0,1.0,1.0,1.0
LUN_05728,LUNCH,,0,,0.0,1.0,1.0,1.0,0.0
LUN_05729,LUNCH,,0,,0.0,0.0,0.0,0.0,0.0
LUN_05730,LUNCH,,0,,0.0,0.0,0.0,0.0,0.0
LUN_05731,LUNCH,,0,,1.0,0.0,0.0,0.0,0.0
LUN_05732,LUNCH,,1,,0.0,1.0,1.0,1.0,0.0
LUN_05733,LUNCH,,0,,1.0,0.0,0.0,0.0,0.0
LUN_05734,LUNCH,,0,,0.0,1.0,1.0,1.0,0.0
LUN_05735,LUNCH,,1,,0.0,1.0,0.0,0.0,1.0
LUN_05736,LUNCH,,1,,0.0,1.0,0.0,0.0,1.0
LUN_05737,LUNCH,,0,,0.0,0.0,1.0,1.0,0.0
LUN_05738,LUNCH,,1,,0.0,1.0,0.0,0.0,0.0
LUN_05739,LUNCH,,0,,1.0,0.0,0.0,0.0,0.0
LUN_05740,LUNCH,,1,,0.0,1.0,0.0,0.0,0.0
LUN_05741,LUNCH,,0,,0.0,1.0,1.0,1.0,0.0
LUN_05742,LUNCH,,1,,0.0,1.0,1.0,1.0,0.0
LUN_05743,LUNCH,,1,,0.0,0.0,1.0,0.0,1.0
LUN_05744,LUNCH,,0,,0.0,1.0,0.0,0.0,0.0
LUN_05745,LUNCH,,0,,0.0,1.0,0.0,1.0,0.0
LUN_05746,LUNCH,,1,,0.0,1.0,0.0,1.0,0.0
LUN_05747,LUNCH,,1,,0.0,0.0,0.0,0.0,0.0
LUN_05748,LUNCH,,1,,0.0,0.0,1.0,1.0,0.0
LUN_05749,LUNCH,,1,,0.0,1.0,1.0,1.0,0.0
LUN_05750,LUNCH,,1,,0.0,1.0,0.0,1.0,1.0
LUN_05751,LUNCH,,1,,0.0,1.0,0.0,0.0,0.0
LUN_05752,LUNCH,,0,,1.0,0.0,0.0,0.0,0.0
LUN_05753,LUNCH,,0,,1.0,0.0,0.0,0.0,0.0
LUN_05754,LUNCH,,1,,0.0,1.0,0.0,0.0,0.0
LUN_05755,LUNCH,,0,,1.0,0.0,0.0,0.0,0.0
LUN_05756,LUNCH,,0,,0.0,1.0,0.0,0.0,1.0
LUN_05757,LUNCH,,0,,0.0,0.0,1.0,1.0,0.0
LUN_05758,LUNCH,,1,,0.0,1.0,0.0,1.0,1.0
LUN_05759,LUNCH,,0,,1.0,0.0,0.0,0.0,0.0
LUN_05760,LUNCH,,1,,0.0,1.0,0.0,1.0,0.0
LUN_05761,LUNCH,,0,,0.0,1.0,1.0,1.0,0.0
LUN_05762,LUNCH,,1,,0.0,1.0,1.0,1.0,0.0
LUN_05763,LUNCH,,1,,0.0,1.0,1.0,1.0,1.0
LUN_05764,LUNCH,,0,,0.0,1.0,1.0,1.0,0.0
LUN_05765,LUNCH,,1,,0.0,1.0,0.0,1.0,1.0
LUN_05766,LUNCH,,1,,0.0,1.0,1.0,0.0,0.0
LUN_05767,LUNCH,,0,,0.0,1.0,1.0,1.0,0.0
LUN_05768,LUNCH,,1,,0.0,1.0,1.0,1.0,1.0
LUN_05769,LUNCH,,1,,0.0,1.0,1.0,0.0,1.0
LUN_05770,LUNCH,,0,,0.0,1.0,1.0,1.0,0.0
LUN_05771,LUNCH,,0,,1.0,0.0,0.0,0.0,0.0
LUN_05772,LUNCH,,1,,0.0,1.0,0.0,1.0,0.0
LUN_05773,LUNCH,,0,,0.0,1.0,0.0,0.0,0.0
LUN_05774,LUNCH,,0,,1.0,0.0,0.0,0.0,0.0
LUN_05775,LUNCH,,0,,0.0,1.0,1.0,0.0,1.0
LUN_05776,LUNCH,,0,,0.0,1.0,0.0,0.0,0.0
LUN_05777,LUNCH,,0,,1.0,0.0,0.0,0.0,0.0
LUN_05778,LUNCH,,0,,0.0,1.0,0.0,0.0,1.0
LUN_05779,LUNCH,,0,,0.0,1.0,0.0,0.0,1.0
LUN_05780,LUNCH,,0,,0.0,1.0,1.0,0.0,0.0
LUN_05781,LUNCH,,0,,0.0,1.0,1.0,0.0,0.0
LUN_05782,LUNCH,,0,,0.0,1.0,0.0,1.0,0.0
LUN_05783,LUNCH,,1,,0.0,1.0,1.0,1.0,1.0
LUN_05784,LUNCH,,0,,1.0,0.0,0.0,0.0,0.0
LUN_05785,LUNCH,,1,,0.0,0.0,0.0,0.0,0.0
LUN_05786,LUNCH,,1,,0.0,1.0,0.0,0.0,1.0
LUN_05787,LUNCH,,1,,0.0,1.0,1.0,1.0,1.0
LUN_05788,LUNCH,,1,,0.0,1.0,0.0,0.0,1.0
LUN_05789,LUNCH,,0,,1.0,0.0,0.0,0.0,0.0
LUN_05790,LUNCH,,0,,1.0,0.0,0.0,0.0,0.0
LUN_05791,LUNCH,,0,,0.0,1.0,0.0,0.0,0.0
LUN_05792,LUNCH,,0,,0.0,1.0,1.0,0.0,0.0
LUN_05793,LUNCH,,1,,0.0,1.0,1.0,1.0,0.0
LUN_05794,LUNCH,,0,,1.0,0.0,0.0,0.0,0.0
LUN_05795,LUNCH,,1,,0.0,1.0,1.0,0.0,1.0
LUN_05796,LUNCH,,0,,1.0,0.0,0.0,0.0,0.0
LUN_05797,LUNCH,,1,,0.0,1.0,0.0,1.0,0.0
LUN_05798,LUNCH,,1,,0.0,1.0,1.0,1.0,0.0
LUN_05799,LUNCH,,0,,1.0,0.0,0.0,0.0,0.0
LUN_05800,LUNCH,,1,,0.0,1.0,1.0,0.0,1.0
LUN_05801,LUNCH,,1,,0.0,1.0,0.0,0.0,0.0
LUN_05802,LUNCH,,0,,1.0,0.0,0.0,0.0,0.0
LUN_05803,LUNCH,,0,,1.0,0.0,0.0,0.0,0.0
LUN_05804,LUNCH,,1,,0.0,1.0,0.0,0.0,0.0
LUN_05805,LUNCH,,1,,0.0,1.0,0.0,1.0,0.0
LUN_05806,LUNCH,,0,,1.0,0.0,0.0,0.0,0.0
LUN_05807,LUNCH,,0,,0.0,1.0,0.0,0.0,0.0
LUN_05808,LUNCH,,1,,0.0,1.0,0.0,1.0,1.0
LUN_05809,LUNCH,,1,,0.0,1.0,0.0,1.0,0.0
LUN_05810,LUNCH,,0,,1.0,0.0,0.0,0.0,0.0
LUN_05811,LUNCH,,0,,0.0,1.0,1.0,0.0,0.0
LUN_05812,LUNCH,,0,,0.0,1.0,1.0,1.0,0.0
LUN_05813,LUNCH,,1,,0.0,1.0,0.0,0.0,1.0
LUN_05814,LUNCH,,1,,0.0,1.0,1.0,0.0,0.0
LUN_05815,LUNCH,,0,,1.0,0.0,0.0,0.0,0.0
LUN_05816,LUNCH,,1,,0.0,1.0,1.0,0.0,0.0
LUN_05817,LUNCH,,0,,0.0,1.0,1.0,0.0,0.0
LUN_05818,LUNCH,,0,,0.0,1.0,1.0,1.0,0.0
LUN_05819,LUNCH,,0,,0.0,1.0,0.0,1.0,1.0
LUN_05820,LUNCH,,1,,0.0,1.0,0.0,1.0,0.0
LUN_05821,LUNCH,,0,,0.0,1.0,1.0,0.0,1.0
LUN_05822,LUNCH,,1,,0.0,0.0,0.0,0.0,0.0
LUN_05823,LUNCH,,1,,0.0,1.0,1.0,1.0,1.0
LUN_05824,LUNCH,,0,,0.0,1.0,0.0,0.0,0.0
LUN_05825,LUNCH,,0,,1.0,0.0,0.0,0.0,0.0
LUN_05826,LUNCH,,0,,0.0,1.0,1.0,0.0,0.0
LUN_05827,LUNCH,,1,,0.0,1.0,1.0,0.0,0.0
LUN_05828,LUNCH,,0,,0.0,1.0,0.0,0.0,1.0
LUN_05829,LUNCH,,1,,0.0,1.0,1.0,1.0,0.0
LUN_05830,LUNCH,,1,,0.0,0.0,1.0,1.0,0.0
LUN_05831,LUNCH,,0,,1.0,0.0,0.0,0.0,0.0
LUN_05832,LUNCH,,0,,0.0,1.0,1.0,1.0,1.0
LUN_05833,LUNCH,,1,,0.0,0.0,1.0,0.0,0.0
LUN_05834,LUNCH,,1,,0.0,1.0,0.0,0.0,0.0
LUN_05835,LUNCH,,1,,0.0,1.0,0.0,0.0,0.0
LUN_05836,LUNCH,,1,,0.0,1.0,1.0,0.0,0.0
LUN_05837,LUNCH,,0,,1.0,0.0,0.0,0.0,0.0
LUN_05838,LUNCH,,1,,0.0,1.0,1.0,0.0,1.0
LUN_05839,LUNCH,,1,,0.0,1.0,1.0,1.0,0.0
LUN_05840,LUNCH,,0,,1.0,0.0,0.0,0.0,0.0
LUN_05841,LUNCH,,0,,1.0,0.0,0.0,0.0,0.0
LUN_05842,LUNCH,,1,,0.0,1.0,1.0,0.0,0.0
LUN_05843,LUNCH,,0,,0.0,0.0,1.0,1.0,0.0
LUN_05844,LUNCH,,1,,0.0,1.0,1.0,1.0,1.0
LUN_05845,LUNCH,,1,,0.0,1.0,1.0,0.0,1.0
LUN_05846,LUNCH,,1,,0.0,1.0,1.0,0.0,0.0
LUN_05847,LUNCH,,0,,1.0,0.0,0.0,0.0,0.0
LUN_05848,LUNCH,,0,,0.0,1.0,0.0,0.0,1.0
LUN_05849,LUNCH,,0,,0.0,1.0,0.0,1.0,1.0
LUN_05850,LUNCH,,0,,0.0,1.0,1.0,1.0,1.0
LUN_05851,LUNCH,,0,,0.0,1.0,0.0,0.0,0.0
LUN_05852,LUNCH,,1,,0.0,1.0,1.0,1.0,0.0
LUN_05853,LUNCH,,1,,0.0,1.0,1.0,0.0,0.0
LUN_05854,LUNCH,,0,,1.0,0.0,0.0,0.0,0.0
LUN_05855,LUNCH,,1,,0.0,1.0,0.0,1.0,0.0
LUN_05856,LUNCH,,1,,0.0,1.0,1.0,0.0,0.0
LUN_05857,LUNCH,,0,,0.0,0.0,1.0,1.0,0.0
LUN_05858,LUNCH,,0,,0.0,1.0,1.0,0.0,0.0
LUN_05859,LUNCH,,1,,0.0,1.0,1.0,0.0,1.0
LUN_05860,LUNCH,,0,,1.0,0.0,0.0,0.0,0.0
LUN_05861,LUNCH,,0,,1.0,0.0,0.0,0.0,0.0
LUN_05862,LUNCH,,1,,0.0,1.0,1.0,0.0,1.0
LUN_05863,LUNCH,,1,,0.0,1.0,1.0,0.0,0.0
LUN_05864,LUNCH,,1,,0.0,1.0,0.0,1.0,0.0
LUN_05865,LUNCH,,1,,0.0,1.0,1.0,0.0,0.0
LUN_05866,LUNCH,,1,,0.0,1.0,1.0,0.0,0.0
LUN_05867,LUNCH,,0,,0.0,1.0,0.0,0.0,0.0
LUN_05868,LUNCH,,1,,0.0,1.0,1.0,1.0,0.0
LUN_05869,LUNCH,,0,,0.0,0.0,0.0,0.0,1.0
LUN_05870,LUNCH,,0,,0.0,1.0,0.0,0.0,0.0
LUN_05871,LUNCH,,1,,0.0,1.0,1.0,1.0,1.0
LUN_05872,LUNCH,,0,,0.0,1.0,1.0,0.0,0.0
LUN_05873,LUNCH,,1,,0.0,1.0,0.0,0.0,0.0
LUN_05874,LUNCH,,0,,1.0,0.0,0.0,0.0,0.0
LUN_05875,LUNCH,,0,,0.0,1.0,0.0,0.0,0.0
LUN_05876,LUNCH,,1,,0.0,1.0,1.0,1.0,0.0
LUN_05877,LUNCH,,0,,1.0,0.0,0.0,0.0,0.0
LUN_05878,LUNCH,,0,,0.0,1.0,0.0,0.0,0.0
LUN_05879,LUNCH,,1,,0.0,1.0,1.0,0.0,1.0
LUN_05880,LUNCH,,1,,0.0,1.0,0.0,0.0,0.0
LUN_05881,LUNCH,,1,,0.0,1.0,1.0,0.0,0.0
LUN_05882,LUNCH,,1,,0.0,1.0,0.0,0.0,0.0
LUN_05883,LUNCH,,0,,0.0,1.0,1.0,1.0,0.0
LUN_05884,LUNCH,,0,,1.0,0.0,0.0,0.0,0.0
LUN_05885,LUNCH,,0,,1.0,0.0,0.0,0.0,0.0
LUN_05886,LUNCH,,1,,0.0,1.0,1.0,1.0,1.0
LUN_05887,LUNCH,,1,,0.0,1.0,1.0,0.0,0.0
LUN_05888,LUNCH,,1,,0.0,1.0,1.0,1.0,0.0
LUN_05889,LUNCH,,0,,1.0,0.0,0.0,0.0,0.0
LUN_05890,LUNCH,,1,,0.0,1.0,1.0,0.0,1.0
LUN_05891,LUNCH,,0,,0.0,1.0,0.0,1.0,0.0
LUN_05892,LUNCH,,1,,0.0,1.0,1.0,1.0,0.0
LUN_05893,LUNCH,,1,,0.0,1.0,1.0,0.0,1.0
LUN_05894,LUNCH,,0,,0.0,1.0,0.0,0.0,0.0
LUN_05895,LUNCH,,1,,0.0,1.0,1.0,1.0,1.0
LUN_05896,LUNCH,,0,,0.0,1.0,0.0,0.0,1.0
LUN_05897,LUNCH,,1,,0.0,1.0,0.0,0.0,0.0
LUN_05898,LUNCH,,1,,0.0,1.0,0.0,0.0,1.0
LUN_05899,LUNCH,,0,,1.0,0.0,0.0,0.0,0.0
LUN_05900,LUNCH,,1,,0.0,1.0,0.0,0.0,0.0
LUN_05901,LUNCH,,1,,0.0,1.0,1.0,0.0,1.0
LUN_05902,LUNCH,,1,,0.0,1.0,1.0,0.0,0.0
LUN_05903,LUNCH,,0,,1.0,0.0,0.0,0.0,0.0
LUN_05904,LUNCH,,0,,0.0,1.0,1.0,0.0,0.0
LUN_05905,LUNCH,,1,,0.0,1.0,1.0,1.0,1.0
LUN_05906,LUNCH,,0,,1.0,0.0,0.0,0.0,0.0
LUN_05907,LUNCH,,0,,0.0,1.0,1.0,1.0,0.0
LUN_05908,LUNCH,,1,,0.0,1.0,0.0,0.0,0.0
LUN_05909,LUNCH,,1,,0.0,1.0,1.0,0.0,0.0
LUN_05910,LUNCH,,1,,0.0,1.0,1.0,1.0,1.0
LUN_05911,LUNCH,,1,,0.0,1.0,1.0,1.0,0.0
LUN_05912,LUNCH,,1,,0.0,1.0,0.0,0.0,0.0
LUN_05913,LUNCH,,1,,0.0,0.0,1.0,0.0,1.0
LUN_05914,LUNCH,,1,,0.0,1.0,1.0,1.0,1.0
LUN_05915,LUNCH,,1,,0.0,1.0,0.0,0.0,1.0
LUN_05916,LUNCH,,1,,0.0,1.0,0.0,0.0,0.0
LUN_05917,LUNCH,,1,,0.0,1.0,1.0,1.0,0.0
LUN_05918,LUNCH,,0,,0.0,1.0,1.0,0.0,1.0
LUN_05919,LUNCH,,0,,0.0,0.0,0.0,0.0,0.0
LUN_05920,LUNCH,,0,,0.0,0.0,0.0,1.0,0.0
LUN_05921,LUNCH,,0,,0.0,1.0,0.0,1.0,0.0
LUN_05922,LUNCH,,1,,0.0,1.0,0.0,0.0,0.0
LUN_05923,LUNCH,,1,,0.0,0.0,1.0,0.0,0.0
LUN_05924,LUNCH,,1,,0.0,0.0,0.0,0.0,0.0
LUN_05925,LUNCH,,0,,0.0,1.0,0.0,0.0,0.0
LUN_05926,LUNCH,,0,,1.0,0.0,0.0,0.0,0.0
LUN_05927,LUNCH,,1,,0.0,1.0,1.0,1.0,0.0
LUN_05928,LUNCH,,1,,0.0,1.0,0.0,0.0,1.0
LUN_05929,LUNCH,,1,,0.0,1.0,0.0,0.0,0.0
LUN_05930,LUNCH,,0,,1.0,0.0,0.0,0.0,0.0
LUN_05931,LUNCH,,0,,0.0,1.0,1.0,0.0,1.0
LUN_05932,LUNCH,,1,,0.0,1.0,0.0,0.0,0.0
LUN_05933,LUNCH,,1,,0.0,1.0,0.0,1.0,0.0
LUN_05934,LUNCH,,0,,0.0,1.0,0.0,0.0,0.0
LUN_05935,LUNCH,,0,,0.0,1.0,1.0,0.0,1.0
LUN_05936,LUNCH,,0,,1.0,0.0,0.0,0.0,0.0
LUN_05937,LUNCH,,1,,0.0,0.0,0.0,0.0,1.0
LUN_05938,LUNCH,,0,,1.0,0.0,0.0,0.0,0.0
LUN_05939,LUNCH,,0,,1.0,0.0,0.0,0.0,0.0
LUN_05940,LUNCH,,0,,1.0,0.0,0.0,0.0,0.0
LUN_05941,LUNCH,,0,,1.0,0.0,0.0,0.0,0.0
LUN_05942,LUNCH,,0,,0.0,1.0,1.0,0.0,0.0
LUN_05943,LUNCH,,0,,1.0,0.0,0.0,0.0,0.0
LUN_05944,LUNCH,,0,,1.0,0.0,0.0,0.0,0.0
LUN_05945,LUNCH,,0,,1.0,0.0,0.0,0.0,0.0
LUN_05946,LUNCH,,1,,0.0,1.0,1.0,0.0,0.0
LUN_05947,LUNCH,,1,,0.0,0.0,1.0,0.0,1.0
LUN_05948,LUNCH,,1,,0.0,0.0,0.0,1.0,0.0
LUN_05949,LUNCH,,1,,0.0,1.0,1.0,0.0,1.0
LUN_05950,LUNCH,,1,,0.0,1.0,0.0,0.0,0.0
LUN_05951,LUNCH,,1,,0.0,1.0,0.0,0.0,0.0
LUN_05952,LUNCH,,0,,0.0,0.0,1.0,1.0,1.0
LUN_05953,LUNCH,,0,,0.0,1.0,1.0,0.0,0.0
LUN_05954,LUNCH,,0,,0.0,1.0,1.0,0.0,0.0
LUN_05955,LUNCH,,0,,1.0,0.0,0.0,0.0,0.0
LUN_05956,LUNCH,,0,,0.0,1.0,1.0,1.0,0.0
LUN_05957,LUNCH,,0,,0.0,0.0,0.0,1.0,0.0
LUN_05958,LUNCH,,1,,0.0,1.0,1.0,1.0,1.0
LUN_05959,LUNCH,,0,,0.0,1.0,1.0,1.0,0.0
LUN_05960,LUNCH,,1,,0.0,1.0,1.0,0.0,0.0
LUN_05961,LUNCH,,1,,0.0,1.0,1.0,0.0,0.0
LUN_05962,LUNCH,,0,,1.0,0.0,0.0,0.0,0.0
LUN_05963,LUNCH,,0,,1.0,0.0,0.0,0.0,0.0
LUN_05964,LUNCH,,0,,1.0,0.0,0.0,0.0,0.0
LUN_05965,LUNCH,,1,,0.0,0.0,0.0,0.0,0.0
LUN_05966,LUNCH,,0,,1.0,0.0,0.0,0.0,0.0
LUN_05967,LUNCH,,0,,1.0,0.0,0.0,0.0,0.0
LUN_05968,LUNCH,,1,,0.0,0.0,0.0,0.0,0.0
LUN_05969,LUNCH,,0,,1.0,0.0,0.0,0.0,0.0
LUN_05970,LUNCH,,0,,0.0,1.0,0.0,0.0,0.0
LUN_05971,LUNCH,,0,,0.0,1.0,0.0,0.0,0.0
LUN_05972,LUNCH,,0,,0.0,1.0,0.0,0.0,0.0
LUN_05973,LUNCH,,0,,1.0,0.0,0.0,0.0,0.0
LUN_05974,LUNCH,,0,,0.0,1.0,1.0,0.0,1.0
LUN_05975,LUNCH,,0,,1.0,0.0,0.0,0.0,0.0
LUN_05976,LUNCH,,0,,0.0,1.0,0.0,1.0,0.0
LUN_05977,LUNCH,,1,,0.0,1.0,0.0,0.0,1.0
LUN_05978,LUNCH,,0,,0.0,0.0,1.0,0.0,0.0
LUN_05979,LUNCH,,0,,1.0,0.0,0.0,0.0,0.0
LUN_05980,LUNCH,,0,,1.0,0.0,0.0,0.0,0.0
LUN_05981,LUNCH,,1,,0.0,1.0,0.0,1.0,0.0
LUN_05982,LUNCH,,0,,0.0,1.0,0.0,0.0,1.0
LUN_05983,LUNCH,,0,,0.0,1.0,1.0,1.0,0.0
LUN_05984,LUNCH,,1,,0.0,1.0,1.0,1.0,1.0
LUN_05985,LUNCH,,0,,0.0,0.0,1.0,1.0,0.0
LUN_05986,LUNCH,,0,,0.0,1.0,1.0,1.0,1.0
LUN_05987,LUNCH,,1,,0.0,1.0,0.0,1.0,0.0
LUN_05988,LUNCH,,0,,0.0,1.0,1.0,0.0,1.0
LUN_05989,LUNCH,,0,,0.0,1.0,0.0,0.0,0.0
LUN_05990,LUNCH,,1,,0.0,0.0,0.0,1.0,0.0
LUN_05991,LUNCH,,1,,0.0,1.0,1.0,1.0,1.0
LUN_05992,LUNCH,,0,,0.0,1.0,0.0,0.0,0.0
LUN_05993,LUNCH,,0,,0.0,0.0,0.0,0.0,0.0
LUN_05994,LUNCH,,0,,1.0,0.0,0.0,0.0,0.0
LUN_05995,LUNCH,,0,,1.0,0.0,0.0,0.0,0.0
LUN_05996,LUNCH,,1,,0.0,1.0,1.0,0.0,0.0
LUN_05997,LUNCH,,1,,0.0,1.0,1.0,1.0,1.0
LUN_05998,LUNCH,,1,,0.0,1.0,0.0,1.0,0.0
LUN_05999,LUNCH,,0,,1.0,0.0,0.0,0.0,0.0
LUN_06000,LUNCH,,1,,0.0,1.0,1.0,1.0,0.0
LUN_06001,LUNCH,,0,,0.0,1.0,0.0,1.0,0.0
LUN_06002,LUNCH,,0,,0.0,1.0,1.0,0.0,0.0
LUN_06003,LUNCH,,0,,1.0,0.0,0.0,0.0,0.0
LUN_06004,LUNCH,,0,,0.0,1.0,1.0,0.0,1.0
LUN_06005,LUNCH,,1,,0.0,1.0,0.0,0.0,0.0
LUN_06006,LUNCH,,0,,1.0,0.0,0.0,0.0,0.0
LUN_06007,LUNCH,,1,,0.0,1.0,1.0,0.0,0.0
LUN_06008,LUNCH,,0,,0.0,0.0,0.0,0.0,0.0
LUN_06009,LUNCH,,0,,0.0,1.0,1.0,0.0,1.0
LUN_06010,LUNCH,,0,,0.0,1.0,0.0,0.0,1.0
LUN_06011,LUNCH,,1,,0.0,1.0,0.0,0.0,0.0
LUN_06012,LUNCH,,1,,0.0,0.0,1.0,1.0,1.0
LUN_06013,LUNCH,,0,,0.0,1.0,1.0,0.0,0.0
LUN_06014,LUNCH,,0,,0.0,0.0,0.0,1.0,0.0
LUN_06015,LUNCH,,0,,0.0,1.0,0.0,0.0,0.0
LUN_06016,LUNCH,,0,,0.0,1.0,0.0,0.0,1.0
LUN_06017,LUNCH,,0,,1.0,0.0,0.0,0.0,0.0
LUN_06018,LUNCH,,0,,0.0,1.0,0.0,1.0,0.0
LUN_06019,LUNCH,,1,,0.0,1.0,0.0,0.0,0.0
LUN_06020,LUNCH,,0,,1.0,0.0,0.0,0.0,0.0
LUN_06021,LUNCH,,0,,0.0,1.0,1.0,0.0,1.0
LUN_06022,LUNCH,,1,,0.0,1.0,0.0,0.0,0.0
LUN_06023,LUNCH,,0,,1.0,0.0,0.0,0.0,0.0
LUN_06024,LUNCH,,0,,0.0,0.0,1.0,1.0,1.0
LUN_06025,LUNCH,,0,,0.0,0.0,0.0,0.0,1.0
LUN_06026,LUNCH,,0,,1.0,0.0,0.0,0.0,0.0
LUN_06027,LUNCH,,0,,0.0,1.0,0.0,1.0,0.0
LUN_06028,LUNCH,,1,,0.0,1.0,1.0,0.0,1.0
LUN_06029,LUNCH,,1,,0.0,1.0,1.0,1.0,0.0
LUN_06030,LUNCH,,1,,0.0,1.0,1.0,1.0,0.0
LUN_06031,LUNCH,,0,,0.0,1.0,1.0,0.0,0.0
LUN_06032,LUNCH,,0,,0.0,0.0,0.0,1.0,0.0
LUN_06033,LUNCH,,0,,0.0,0.0,0.0,1.0,1.0
LUN_06034,LUNCH,,1,,0.0,1.0,0.0,0.0,0.0
LUN_06035,LUNCH,,1,,0.0,1.0,0.0,1.0,0.0
LUN_06036,LUNCH,,1,,0.0,1.0,0.0,1.0,1.0
LUN_06037,LUNCH,,1,,0.0,1.0,1.0,0.0,0.0
LUN_06038,LUNCH,,0,,0.0,0.0,0.0,1.0,0.0
LUN_06039,LUNCH,,0,,0.0,0.0,0.0,0.0,0.0
LUN_06040,LUNCH,,1,,0.0,1.0,0.0,0.0,1.0
LUN_06041,LUNCH,,0,,1.0,0.0,0.0,0.0,0.0
LUN_06042,LUNCH,,1,,0.0,1.0,0.0,1.0,1.0
LUN_06043,LUNCH,,0,,0.0,1.0,1.0,1.0,0.0
LUN_06044,LUNCH,,0,,1.0,0.0,0.0,0.0,0.0
LUN_06045,LUNCH,,1,,0.0,1.0,0.0,0.0,0.0
LUN_06046,LUNCH,,1,,0.0,1.0,0.0,0.0,0.0
LUN_06047,LUNCH,,1,,0.0,0.0,1.0,0.0,0.0
LUN_06048,LUNCH,,0,,1.0,0.0,0.0,0.0,0.0
LUN_06049,LUNCH,,0,,1.0,0.0,0.0,0.0,0.0
LUN_06050,LUNCH,,0,,1.0,0.0,0.0,0.0,0.0
LUN_06051,LUNCH,,0,,1.0,0.0,0.0,0.0,0.0
LUN_06052,LUNCH,,0,,0.0,0.0,0.0,0.0,1.0
LUN_06053,LUNCH,,1,,0.0,1.0,1.0,0.0,0.0
LUN_06054,LUNCH,,1,,0.0,1.0,1.0,0.0,1.0
LUN_06055,LUNCH,,1,,0.0,1.0,1.0,0.0,0.0
LUN_06056,LUNCH,,1,,0.0,1.0,0.0,1.0,0.0
LUN_06057,LUNCH,,0,,0.0,0.0,0.0,1.0,1.0
LUN_06058,LUNCH,,1,,0.0,1.0,0.0,0.0,0.0
LUN_06059,LUNCH,,1,,0.0,1.0,0.0,1.0,0.0
LUN_06060,LUNCH,,1,,0.0,1.0,0.0,0.0,0.0
LUN_06061,LUNCH,,1,,0.0,1.0,1.0,0.0,0.0
LUN_06062,LUNCH,,0,,0.0,0.0,1.0,1.0,1.0
LUN_06063,LUNCH,,0,,0.0,1.0,0.0,1.0,0.0
LUN_06064,LUNCH,,0,,1.0,0.0,0.0,0.0,0.0
LUN_06065,LUNCH,,1,,0.0,1.0,1.0,1.0,1.0
LUN_06066,LUNCH,,1,,0.0,1.0,1.0,0.0,0.0
LUN_06067,LUNCH,,0,,0.0,0.0,0.0,1.0,1.0
LUN_06068,LUNCH,,0,,0.0,1.0,1.0,0.0,1.0
LUN_06069,LUNCH,,1,,0.0,0.0,1.0,0.0,1.0
LUN_06070,LUNCH,,0,,1.0,0.0,0.0,0.0,0.0
LUN_06071,LUNCH,,0,,1.0,0.0,0.0,0.0,0.0
LUN_06072,LUNCH,,0,,1.0,0.0,0.0,0.0,0.0
LUN_06073,LUNCH,,0,,0.0,1.0,0.0,0.0,0.0
LUN_06074,LUNCH,,1,,0.0,1.0,0.0,0.0,0.0
LUN_06075,LUNCH,,1,,0.0,1.0,0.0,1.0,0.0
LUN_06076,LUNCH,,1,,0.0,1.0,1.0,1.0,0.0
LUN_06077,LUNCH,,0,,1.0,0.0,0.0,0.0,0.0
LUN_06078,LUNCH,,1,,0.0,1.0,0.0,0.0,0.0
LUN_06079,LUNCH,,0,,0.0,1.0,0.0,0.0,0.0
LUN_06080,LUNCH,,1,,0.0,1.0,0.0,0.0,0.0
LUN_06081,LUNCH,,0,,1.0,0.0,0.0,0.0,0.0
LUN_06082,LUNCH,,1,,0.0,1.0,1.0,1.0,1.0
LUN_06083,LUNCH,,0,,1.0,0.0,0.0,0.0,0.0
LUN_06084,LUNCH,,0,,0.0,1.0,0.0,0.0,0.0
LUN_06085,LUNCH,,1,,0.0,1.0,0.0,1.0,1.0
LUN_06086,LUNCH,,0,,1.0,0.0,0.0,0.0,0.0
LUN_06087,LUNCH,,0,,0.0,1.0,1.0,1.0,0.0
LUN_06088,LUNCH,,1,,0.0,1.0,0.0,0.0,0.0
LUN_06089,LUNCH,,1,,0.0,1.0,0.0,1.0,1.0
LUN_06090,LUNCH,,0,,0.0,1.0,0.0,0.0,1.0
LUN_06091,LUNCH,,0,,0.0,1.0,0.0,0.0,0.0
LUN_06092,LUNCH,,0,,0.0,0.0,1.0,0.0,1.0
LUN_06093,LUNCH,,1,,0.0,1.0,1.0,1.0,0.0
LUN_06094,LUNCH,,0,,0.0,0.0,0.0,0.0,1.0
LUN_06095,LUNCH,,0,,0.0,1.0,0.0,0.0,1.0
LUN_06096,LUNCH,,1,,0.0,1.0,0.0,1.0,0.0
LUN_06097,LUNCH,,0,,1.0,0.0,0.0,0.0,0.0
LUN_06098,LUNCH,,1,,0.0,1.0,1.0,0.0,1.0
LUN_06099,LUNCH,,1,,0.0,1.0,0.0,0.0,0.0
LUN_06100,LUNCH,,0,,1.0,0.0,0.0,0.0,0.0
LUN_06101,LUNCH,,0,,1.0,0.0,0.0,0.0,0.0
LUN_06102,LUNCH,,1,,0.0,1.0,1.0,0.0,1.0
LUN_06103,LUNCH,,1,,0.0,1.0,1.0,0.0,0.0
LUN_06104,LUNCH,,0,,1.0,0.0,0.0,0.0,0.0
LUN_06105,LUNCH,,1,,0.0,1.0,1.0,1.0,0.0
LUN_06106,LUNCH,,1,,0.0,1.0,1.0,1.0,1.0
LUN_06107,LUNCH,,0,,1.0,0.0,0.0,0.0,0.0
LUN_06108,LUNCH,,0,,0.0,1.0,0.0,0.0,1.0
LUN_06109,LUNCH,,0,,1.0,0.0,0.0,0.0,0.0
LUN_06110,LUNCH,,0,,1.0,0.0,0.0,0.0,0.0
LUN_06111,LUNCH,,0,,1.0,0.0,0.0,0.0,0.0
LUN_06112,LUNCH,,0,,0.0,0.0,0.0,0.0,0.0
LUN_06113,LUNCH,,1,,0.0,1.0,1.0,1.0,1.0
LUN_06114,LUNCH,,0,,1.0,0.0,0.0,0.0,0.0
LUN_06115,LUNCH,,0,,1.0,0.0,0.0,0.0,0.0
LUN_06116,LUNCH,,1,,0.0,1.0,0.0,0.0,0.0
LUN_06117,LUNCH,,0,,1.0,0.0,0.0,0.0,0.0
LUN_06118,LUNCH,,0,,0.0,1.0,1.0,0.0,0.0
LUN_06119,LUNCH,,0,,0.0,1.0,0.0,0.0,0.0
LUN_06120,LUNCH,,1,,0.0,1.0,1.0,1.0,0.0
LUN_06121,LUNCH,,1,,0.0,0.0,1.0,1.0,0.0
LUN_06122,LUNCH,,1,,0.0,1.0,1.0,0.0,0.0
LUN_06123,LUNCH,,1,,0.0,0.0,0.0,1.0,0.0
LUN_06124,LUNCH,,1,,0.0,1.0,0.0,0.0,0.0
LUN_06125,LUNCH,,1,,0.0,0.0,1.0,0.0,0.0
LUN_06126,LUNCH,,0,,0.0,1.0,0.0,1.0,0.0
LUN_06127,LUNCH,,1,,0.0,1.0,0.0,1.0,0.0
LUN_06128,LUNCH,,0,,0.0,0.0,0.0,1.0,1.0
LUN_06129,LUNCH,,0,,1.0,0.0,0.0,0.0,0.0
LUN_06130,LUNCH,,0,,0.0,1.0,1.0,0.0,0.0
LUN_06131,LUNCH,,0,,1.0,0.0,0.0,0.0,0.0
LUN_06132,LUNCH,,1,,0.0,1.0,1.0,0.0,0.0
LUN_06133,LUNCH,,1,,0.0,0.0,0.0,1.0,1.0
LUN_06134,LUNCH,,0,,0.0,1.0,1.0,1.0,1.0
LUN_06135,LUNCH,,1,,0.0,0.0,1.0,0.0,1.0
LUN_06136,LUNCH,,1,,0.0,0.0,1.0,1.0,0.0
LUN_06137,LUNCH,,0,,0.0,1.0,0.0,0.0,0.0
LUN_06138,LUNCH,,0,,0.0,1.0,0.0,1.0,0.0
LUN_06139,LUNCH,,0,,0.0,0.0,1.0,1.0,1.0
LUN_06140,LUNCH,,1,,0.0,1.0,0.0,0.0,0.0
LUN_06141,LUNCH,,0,,1.0,0.0,0.0,0.0,0.0
LUN_06142,LUNCH,,1,,0.0,1.0,1.0,0.0,0.0
LUN_06143,LUNCH,,0,,0.0,1.0,1.0,1.0,0.0
LUN_06144,LUNCH,,1,,0.0,1.0,0.0,1.0,0.0
LUN_06145,LUNCH,,0,,1.0,0.0,0.0,0.0,0.0
LUN_06146,LUNCH,,1,,0.0,1.0,1.0,1.0,1.0
LUN_06147,LUNCH,,0,,1.0,0.0,0.0,0.0,0.0
LUN_06148,LUNCH,,1,,0.0,1.0,1.0,0.0,0.0
LUN_06149,LUNCH,,1,,0.0,1.0,1.0,1.0,1.0
LUN_06150,LUNCH,,1,,0.0,1.0,1.0,0.0,0.0
LUN_06151,LUNCH,,0,,0.0,1.0,1.0,1.0,0.0
LUN_06152,LUNCH,,0,,0.0,1.0,1.0,0.0,0.0
LUN_06153,LUNCH,,0,,0.0,1.0,1.0,0.0,0.0
LUN_06154,LUNCH,,0,,1.0,0.0,0.0,0.0,0.0
LUN_06155,LUNCH,,0,,1.0,0.0,0.0,0.0,0.0
LUN_06156,LUNCH,,0,,0.0,1.0,1.0,0.0,0.0
LUN_06157,LUNCH,,1,,0.0,1.0,0.0,0.0,1.0
LUN_06158,LUNCH,,1,,0.0,1.0,1.0,0.0,1.0
LUN_06159,LUNCH,,0,,1.0,0.0,0.0,0.0,0.0
LUN_06160,LUNCH,,1,,0.0,1.0,1.0,1.0,0.0
LUN_06161,LUNCH,,1,,0.0,1.0,0.0,0.0,0.0
LUN_06162,LUNCH,,1,,0.0,1.0,1.0,0.0,1.0
LUN_06163,LUNCH,,1,,0.0,1.0,0.0,1.0,0.0
LUN_06164,LUNCH,,0,,0.0,1.0,0.0,1.0,0.0
LUN_06165,LUNCH,,0,,0.0,1.0,1.0,1.0,1.0
LUN_06166,LUNCH,,0,,1.0,0.0,0.0,0.0,0.0
LUN_06167,LUNCH,,0,,0.0,1.0,1.0,0.0,0.0
LUN_06168,LUNCH,,1,,0.0,1.0,1.0,0.0,0.0
LUN_06169,LUNCH,,0,,0.0,0.0,0.0,1.0,0.0
LUN_06170,LUNCH,,0,,1.0,0.0,0.0,0.0,0.0
LUN_06171,LUNCH,,1,,0.0,1.0,0.0,0.0,0.0
LUN_06172,LUNCH,,0,,1.0,0.0,0.0,0.0,0.0
LUN_06173,LUNCH,,1,,0.0,1.0,1.0,1.0,0.0
LUN_06174,LUNCH,,0,,1.0,0.0,0.0,0.0,0.0
LUN_06175,LUNCH,,0,,1.0,0.0,0.0,0.0,0.0
LUN_06176,LUNCH,,0,,1.0,0.0,0.0,0.0,0.0
LUN_06177,LUNCH,,1,,0.0,1.0,1.0,1.0,0.0
LUN_06178,LUNCH,,0,,0.0,1.0,0.0,0.0,0.0
LUN_06179,LUNCH,,0,,0.0,1.0,1.0,0.0,1.0
LUN_06180,LUNCH,,1,,0.0,1.0,1.0,0.0,0.0
LUN_06181,LUNCH,,1,,0.0,1.0,0.0,0.0,0.0
LUN_06182,LUNCH,,0,,1.0,0.0,0.0,0.0,0.0
LUN_06183,LUNCH,,0,,0.0,1.0,0.0,0.0,0.0
LUN_06184,LUNCH,,1,,0.0,1.0,1.0,0.0,1.0
LUN_06185,LUNCH,,1,,0.0,1.0,0.0,1.0,1.0
LUN_06186,LUNCH,,0,,0.0,1.0,0.0,1.0,0.0
LUN_06187,LUNCH,,1,,0.0,1.0,0.0,0.0,1.0
LUN_06188,LUNCH,,1,,0.0,1.0,0.0,0.0,0.0
LUN_06189,LUNCH,,0,,0.0,1.0,0.0,0.0,1.0
LUN_06190,LUNCH,,0,,1.0,0.0,0.0,0.0,0.0
LUN_06191,LUNCH,,0,,0.0,1.0,1.0,1.0,1.0
LUN_06192,LUNCH,,1,,0.0,0.0,1.0,1.0,0.0
LUN_06193,LUNCH,,0,,1.0,0.0,0.0,0.0,0.0
LUN_06194,LUNCH,,0,,1.0,0.0,0.0,0.0,0.0
LUN_06195,LUNCH,,0,,0.0,1.0,0.0,1.0,1.0
LUN_06196,LUNCH,,1,,0.0,0.0,1.0,1.0,1.0
LUN_06197,LUNCH,,1,,0.0,1.0,1.0,1.0,0.0
LUN_06198,LUNCH,,0,,0.0,1.0,1.0,0.0,0.0
LUN_06199,LUNCH,,1,,0.0,1.0,0.0,0.0,0.0
LUN_06200,LUNCH,,1,,0.0,0.0,1.0,0.0,0.0
LUN_06201,LUNCH,,1,,0.0,1.0,1.0,0.0,1.0
LUN_06202,LUNCH,,1,,0.0,1.0,1.0,1.0,0.0
LUN_06203,LUNCH,,0,,0.0,0.0,0.0,0.0,0.0
LUN_06204,LUNCH,,0,,0.0,1.0,0.0,0.0,0.0
LUN_06205,LUNCH,,0,,1.0,0.0,0.0,0.0,0.0
LUN_06206,LUNCH,,1,,0.0,1.0,1.0,1.0,0.0
LUN_06207,LUNCH,,0,,1.0,0.0,0.0,0.0,0.0
LUN_06208,LUNCH,,1,,0.0,1.0,1.0,1.0,1.0
LUN_06209,LUNCH,,0,,0.0,1.0,1.0,1.0,1.0
LUN_06210,LUNCH,,1,,0.0,1.0,1.0,0.0,1.0
LUN_06211,LUNCH,,0,,1.0,0.0,0.0,0.0,0.0
LUN_06212,LUNCH,,0,,1.0,0.0,0.0,0.0,0.0
LUN_06213,LUNCH,,0,,0.0,1.0,0.0,1.0,1.0
LUN_06214,LUNCH,,1,,0.0,1.0,0.0,0.0,0.0
LUN_06215,LUNCH,,0,,1.0,0.0,0.0,0.0,0.0
LUN_06216,LUNCH,,0,,0.0,0.0,1.0,1.0,0.0
LUN_06217,LUNCH,,1,,0.0,0.0,0.0,0.0,0.0
LUN_06218,LUNCH,,1,,0.0,1.0,0.0,0.0,0.0
LUN_06219,LUNCH,,0,,0.0,1.0,0.0,0.0,1.0
LUN_06220,LUNCH,,1,,0.0,1.0,1.0,1.0,0.0
LUN_06221,LUNCH,,1,,0.0,1.0,0.0,1.0,0.0
LUN_06222,LUNCH,,1,,0.0,1.0,1.0,1.0,0.0
LUN_06223,LUNCH,,0,,0.0,0.0,0.0,0.0,1.0
LUN_06224,LUNCH,,1,,0.0,1.0,1.0,0.0,1.0
LUN_06225,LUNCH,,1,,0.0,1.0,0.0,0.0,1.0
LUN_06226,LUNCH,,0,,0.0,1.0,0.0,1.0,0.0
LUN_06227,LUNCH,,1,,0.0,1.0,1.0,1.0,0.0
LUN_06228,LUNCH,,0,,0.0,1.0,1.0,1.0,1.0
LUN_06229,LUNCH,,0,,0.0,1.0,0.0,0.0,0.0
LUN_06230,LUNCH,,0,,0.0,1.0,1.0,1.0,0.0
LUN_06231,LUNCH,,1,,0.0,1.0,1.0,1.0,1.0
LUN_06232,LUNCH,,0,,0.0,1.0,0.0,0.0,1.0
LUN_06233,LUNCH,,1,,0.0,1.0,0.0,0.0,0.0
LUN_06234,LUNCH,,0,,0.0,1.0,0.0,0.0,0.0
LUN_06235,LUNCH,,0,,1.0,0.0,0.0,0.0,0.0
LUN_06236,LUNCH,,0,,1.0,0.0,0.0,0.0,0.0
LUN_06237,LUNCH,,1,,0.0,1.0,1.0,1.0,0.0
LUN_06238,LUNCH,,0,,0.0,1.0,0.0,0.0,1.0
LUN_06239,LUNCH,,0,,0.0,1.0,0.0,0.0,0.0
LUN_06240,LUNCH,,0,,0.0,1.0,1.0,0.0,0.0
LUN_06241,LUNCH,,1,,0.0,0.0,1.0,0.0,1.0
LUN_06242,LUNCH,,0,,0.0,1.0,0.0,0.0,1.0
LUN_06243,LUNCH,,1,,0.0,0.0,1.0,0.0,0.0
LUN_06244,LUNCH,,0,,0.0,1.0,1.0,1.0,0.0
LUN_06245,LUNCH,,0,,1.0,0.0,0.0,0.0,0.0
LUN_06246,LUNCH,,0,,1.0,0.0,0.0,0.0,0.0
LUN_06247,LUNCH,,1,,0.0,1.0,1.0,1.0,1.0
LUN_06248,LUNCH,,0,,1.0,0.0,0.0,0.0,0.0
LUN_06249,LUNCH,,1,,0.0,1.0,1.0,1.0,1.0
LUN_06250,LUNCH,,1,,0.0,1.0,1.0,1.0,0.0
LUN_06251,LUNCH,,1,,0.0,1.0,1.0,1.0,0.0
LUN_06252,LUNCH,,1,,0.0,1.0,1.0,1.0,1.0
LUN_06253,LUNCH,,1,,0.0,1.0,1.0,1.0,1.0
LUN_06254,LUNCH,,1,,0.0,1.0,0.0,0.0,0.0
LUN_06255,LUNCH,,0,,0.0,0.0,1.0,1.0,1.0
LUN_06256,LUNCH,,0,,1.0,0.0,0.0,0.0,0.0
LUN_06257,LUNCH,,0,,0.0,1.0,0.0,1.0,0.0
LUN_06258,LUNCH,,1,,0.0,1.0,1.0,0.0,0.0
LUN_06259,LUNCH,,1,,0.0,0.0,1.0,1.0,0.0
LUN_06260,LUNCH,,0,,0.0,0.0,1.0,0.0,1.0
LUN_06261,LUNCH,,1,,0.0,1.0,0.0,0.0,0.0
LUN_06262,LUNCH,,0,,1.0,0.0,0.0,0.0,0.0
LUN_06263,LUNCH,,1,,0.0,1.0,0.0,0.0,0.0
LUN_06264,LUNCH,,1,,0.0,1.0,0.0,0.0,0.0
LUN_06265,LUNCH,,0,,0.0,0.0,0.0,0.0,0.0
LUN_06266,LUNCH,,1,,0.0,1.0,0.0,0.0,1.0
LUN_06267,LUNCH,,1,,0.0,1.0,1.0,1.0,1.0
LUN_06268,LUNCH,,0,,0.0,0.0,1.0,0.0,0.0
LUN_06269,LUNCH,,1,,0.0,0.0,0.0,0.0,0.0
LUN_06270,LUNCH,,1,,0.0,1.0,0.0,0.0,0.0
LUN_06271,LUNCH,,0,,0.0,1.0,1.0,1.0,1.0
LUN_06272,LUNCH,,0,,1.0,0.0,0.0,0.0,0.0
LUN_06273,LUNCH,,0,,1.0,0.0,0.0,0.0,0.0
LUN_06274,LUNCH,,0,,1.0,0.0,0.0,0.0,0.0
LUN_06275,LUNCH,,0,,0.0,1.0,0.0,0.0,0.0
LUN_06276,LUNCH,,1,,0.0,1.0,1.0,0.0,0.0
LUN_06277,LUNCH,,1,,0.0,0.0,0.0,0.0,0.0
LUN_06278,LUNCH,,1,,0.0,1.0,0.0,0.0,0.0
LUN_06279,LUNCH,,0,,1.0,0.0,0.0,0.0,0.0
LUN_06280,LUNCH,,0,,1.0,0.0,0.0,0.0,0.0
LUN_06281,LUNCH,,1,,0.0,1.0,1.0,1.0,0.0
LUN_06282,LUNCH,,0,,1.0,0.0,0.0,0.0,0.0
LUN_06283,LUNCH,,1,,0.0,1.0,0.0,0.0,0.0
LUN_06284,LUNCH,,1,,0.0,1.0,1.0,0.0,0.0
LUN_06285,LUNCH,,1,,0.0,1.0,1.0,1.0,0.0
LUN_06286,LUNCH,,0,,0.0,1.0,1.0,0.0,1.0
LUN_06287,LUNCH,,1,,0.0,1.0,0.0,0.0,0.0
LUN_06288,LUNCH,,1,,0.0,1.0,0.0,0.0,0.0
LUN_06289,LUNCH,,0,,1.0,0.0,0.0,0.0,0.0
LUN_06290,LUNCH,,1,,0.0,0.0,1.0,0.0,0.0
LUN_06291,LUNCH,,1,,0.0,1.0,1.0,1.0,0.0
LUN_06292,LUNCH,,1,,0.0,0.0,1.0,1.0,0.0
LUN_06293,LUNCH,,1,,0.0,1.0,0.0,1.0,0.0
LUN_06294,LUNCH,,1,,0.0,1.0,1.0,1.0,0.0
LUN_06295,LUNCH,,0,,1.0,0.0,0.0,0.0,0.0
LUN_06296,LUNCH,,1,,0.0,1.0,0.0,0.0,0.0
LUN_06297,LUNCH,,1,,0.0,0.0,0.0,1.0,1.0
LUN_06298,LUNCH,,1,,0.0,1.0,0.0,0.0,0.0
LUN_06299,LUNCH,,1,,0.0,1.0,1.0,0.0,0.0
LUN_06300,LUNCH,,1,,0.0,1.0,0.0,0.0,0.0
LUN_06301,LUNCH,,0,,0.0,1.0,1.0,0.0,0.0
LUN_06302,LUNCH,,1,,0.0,1.0,0.0,1.0,1.0
LUN_06303,LUNCH,,0,,1.0,0.0,0.0,0.0,0.0
LUN_06304,LUNCH,,0,,0.0,1.0,1.0,1.0,1.0
LUN_06305,LUNCH,,1,,0.0,1.0,1.0,0.0,0.0
LUN_06306,LUNCH,,1,,0.0,1.0,0.0,0.0,0.0
LUN_06307,LUNCH,,0,,0.0,1.0,1.0,0.0,0.0
LUN_06308,LUNCH,,1,,0.0,0.0,0.0,1.0,0.0
LUN_06309,LUNCH,,0,,1.0,0.0,0.0,0.0,0.0
LUN_06310,LUNCH,,1,,0.0,1.0,0.0,1.0,0.0
LUN_06311,LUNCH,,1,,0.0,1.0,1.0,1.0,0.0
LUN_06312,LUNCH,,1,,0.0,1.0,0.0,0.0,1.0
LUN_06313,LUNCH,,1,,0.0,1.0,1.0,0.0,0.0
LUN_06314,LUNCH,,0,,0.0,1.0,0.0,0.0,0.0
LUN_06315,LUNCH,,0,,0.0,1.0,0.0,0.0,0.0
LUN_06316,LUNCH,,0,,1.0,0.0,0.0,0.0,0.0
LUN_06317,LUNCH,,1,,0.0,1.0,0.0,0.0,1.0
LUN_06318,LUNCH,,0,,1.0,0.0,0.0,0.0,0.0
LUN_06319,LUNCH,,0,,1.0,0.0,0.0,0.0,0.0
LUN_06320,LUNCH,,1,,0.0,1.0,1.0,1.0,1.0
LUN_06321,LUNCH,,0,,1.0,0.0,0.0,0.0,0.0
LUN_06322,LUNCH,,0,,1.0,0.0,0.0,0.0,0.0
LUN_06323,LUNCH,,0,,1.0,0.0,0.0,0.0,0.0
LUN_06324,LUNCH,,0,,0.0,1.0,1.0,0.0,1.0
LUN_06325,LUNCH,,0,,1.0,0.0,0.0,0.0,0.0
LUN_06326,LUNCH,,1,,0.0,1.0,1.0,0.0,0.0
LUN_06327,LUNCH,,0,,0.0,0.0,0.0,0.0,0.0
LUN_06328,LUNCH,,0,,0.0,0.0,1.0,1.0,0.0
LUN_06329,LUNCH,,1,,0.0,1.0,0.0,0.0,1.0
LUN_06330,LUNCH,,0,,0.0,1.0,1.0,0.0,0.0
LUN_06331,LUNCH,,1,,0.0,1.0,0.0,1.0,0.0
LUN_06332,LUNCH,,0,,0.0,1.0,0.0,0.0,0.0
LUN_06333,LUNCH,,0,,1.0,0.0,0.0,0.0,0.0
LUN_06334,LUNCH,,0,,1.0,0.0,0.0,0.0,0.0
LUN_06335,LUNCH,,1,,0.0,1.0,1.0,0.0,1.0
LUN_06336,LUNCH,,0,,1.0,0.0,0.0,0.0,0.0
LUN_06337,LUNCH,,0,,0.0,1.0,1.0,0.0,0.0
LUN_06338,LUNCH,,1,,0.0,1.0,0.0,1.0,1.0
LUN_06339,LUNCH,,0,,1.0,0.0,0.0,0.0,0.0
LUN_06340,LUNCH,,0,,1.0,0.0,0.0,0.0,0.0
LUN_06341,LUNCH,,1,,0.0,1.0,1.0,0.0,0.0
LUN_06342,LUNCH,,1,,0.0,1.0,1.0,0.0,1.0
LUN_06343,LUNCH,,0,,0.0,1.0,1.0,1.0,0.0
LUN_06344,LUNCH,,1,,0.0,1.0,1.0,0.0,1.0
LUN_06345,LUNCH,,0,,0.0,1.0,0.0,1.0,0.0
LUN_06346,LUNCH,,1,,0.0,1.0,1.0,1.0,1.0
LUN_06347,LUNCH,,1,,0.0,1.0,0.0,0.0,0.0
LUN_06348,LUNCH,,0,,0.0,1.0,1.0,0.0,0.0
LUN_06349,LUNCH,,0,,1.0,0.0,0.0,0.0,0.0
LUN_06350,LUNCH,,0,,0.0,1.0,1.0,1.0,1.0
LUN_06351,LUNCH,,1,,0.0,1.0,1.0,0.0,0.0
LUN_06352,LUNCH,,1,,0.0,0.0,1.0,0.0,1.0
LUN_06353,LUNCH,,0,,1.0,0.0,0.0,0.0,0.0
LUN_06354,LUNCH,,0,,0.0,1.0,0.0,0.0,0.0
LUN_06355,LUNCH,,1,,0.0,1.0,1.0,0.0,0.0
LUN_06356,LUNCH,,1,,0.0,1.0,1.0,1.0,0.0
LUN_06357,LUNCH,,0,,1.0,0.0,0.0,0.0,0.0
LUN_06358,LUNCH,,1,,0.0,0.0,0.0,1.0,1.0
LUN_06359,LUNCH,,1,,0.0,0.0,0.0,0.0,0.0
LUN_06360,LUNCH,,0,,1.0,0.0,0.0,0.0,0.0
LUN_06361,LUNCH,,1,,0.0,1.0,1.0,0.0,0.0
LUN_06362,LUNCH,,1,,0.0,1.0,0.0,0.0,0.0
LUN_06363,LUNCH,,1,,0.0,1.0,0.0,0.0,1.0
LUN_06364,LUNCH,,1,,0.0,1.0,1.0,1.0,0.0
LUN_06365,LUNCH,,0,,1.0,0.0,0.0,0.0,0.0
LUN_06366,LUNCH,,1,,0.0,1.0,1.0,0.0,1.0
LUN_06367,LUNCH,,1,,0.0,1.0,0.0,0.0,0.0
LUN_06368,LUNCH,,0,,1.0,0.0,0.0,0.0,0.0
LUN_06369,LUNCH,,0,,0.0,1.0,1.0,0.0,1.0
LUN_06370,LUNCH,,1,,0.0,1.0,1.0,1.0,0.0
LUN_06371,LUNCH,,1,,0.0,0.0,1.0,0.0,1.0
LUN_06372,LUNCH,,1,,0.0,0.0,1.0,1.0,0.0
LUN_06373,LUNCH,,0,,0.0,1.0,1.0,1.0,0.0
LUN_06374,LUNCH,,0,,0.0,0.0,1.0,0.0,1.0
LUN_06375,LUNCH,,0,,1.0,0.0,0.0,0.0,0.0
LUN_06376,LUNCH,,1,,0.0,1.0,1.0,1.0,1.0
LUN_06377,LUNCH,,1,,0.0,1.0,0.0,0.0,0.0
LUN_06378,LUNCH,,0,,0.0,0.0,1.0,1.0,1.0
LUN_06379,LUNCH,,1,,0.0,1.0,1.0,0.0,1.0
LUN_06380,LUNCH,,1,,0.0,1.0,1.0,1.0,0.0
LUN_06381,LUNCH,,1,,0.0,1.0,1.0,1.0,1.0
LUN_06382,LUNCH,,0,,0.0,0.0,0.0,1.0,0.0
LUN_06383,LUNCH,,1,,0.0,1.0,1.0,0.0,0.0
LUN_06384,LUNCH,,0,,0.0,1.0,1.0,0.0,1.0
LUN_06385,LUNCH,,0,,0.0,0.0,0.0,1.0,0.0
LUN_06386,LUNCH,,1,,0.0,1.0,1.0,1.0,1.0
LUN_06387,LUNCH,,1,,0.0,1.0,1.0,0.0,0.0
LUN_06388,LUNCH,,0,,0.0,1.0,0.0,1.0,1.0
LUN_06389,LUNCH,,1,,0.0,1.0,1.0,1.0,1.0
LUN_06390,LUNCH,,0,,1.0,0.0,0.0,0.0,0.0
LUN_06391,LUNCH,,1,,0.0,1.0,1.0,1.0,0.0
LUN_06392,LUNCH,,1,,0.0,0.0,1.0,1.0,0.0
LUN_06393,LUNCH,,0,,1.0,0.0,0.0,0.0,0.0
LUN_06394,LUNCH,,0,,0.0,1.0,1.0,0.0,1.0
LUN_06395,LUNCH,,0,,0.0,1.0,1.0,1.0,1.0
LUN_06396,LUNCH,,0,,1.0,0.0,0.0,0.0,0.0
LUN_06397,LUNCH,,0,,0.0,0.0,0.0,0.0,0.0
LUN_06398,LUNCH,,0,,0.0,1.0,1.0,1.0,1.0
LUN_06399,LUNCH,,1,,0.0,1.0,1.0,0.0,0.0
LUN_06400,LUNCH,,0,,0.0,0.0,1.0,0.0,0.0
LUN_06401,LUNCH,,1,,0.0,1.0,0.0,0.0,0.0
LUN_06402,LUNCH,,0,,0.0,1.0,0.0,0.0,1.0
LUN_06403,LUNCH,,0,,1.0,0.0,0.0,0.0,0.0
LUN_06404,LUNCH,,1,,0.0,1.0,1.0,1.0,0.0
LUN_06405,LUNCH,,1,,0.0,1.0,0.0,0.0,0.0
LUN_06406,LUNCH,,1,,0.0,1.0,1.0,1.0,1.0
LUN_06407,LUNCH,,1,,0.0,1.0,1.0,0.0,0.0
LUN_06408,LUNCH,,0,,0.0,1.0,1.0,1.0,1.0
LUN_06409,LUNCH,,0,,0.0,1.0,0.0,1.0,0.0
LUN_06410,LUNCH,,0,,1.0,0.0,0.0,0.0,0.0
LUN_06411,LUNCH,,0,,1.0,0.0,0.0,0.0,0.0
LUN_06412,LUNCH,,0,,0.0,1.0,1.0,0.0,1.0
LUN_06413,LUNCH,,1,,0.0,1.0,1.0,1.0,0.0
LUN_06414,LUNCH,,1,,0.0,1.0,1.0,1.0,1.0
LUN_06415,LUNCH,,0,,0.0,1.0,0.0,0.0,0.0
LUN_06416,LUNCH,,1,,0.0,1.0,1.0,1.0,0.0
LUN_06417,LUNCH,,0,,0.0,1.0,1.0,1.0,1.0
LUN_06418,LUNCH,,0,,0.0,1.0,1.0,1.0,0.0
LUN_06419,LUNCH,,0,,0.0,1.0,0.0,0.0,0.0
LUN_06420,LUNCH,,1,,0.0,1.0,1.0,1.0,0.0
LUN_06421,LUNCH,,0,,0.0,1.0,0.0,1.0,0.0
LUN_06422,LUNCH,,0,,0.0,1.0,1.0,1.0,0.0
LUN_06423,LUNCH,,0,,0.0,0.0,0.0,0.0,0.0
LUN_06424,LUNCH,,1,,0.0,1.0,0.0,0.0,1.0
LUN_06425,LUNCH,,1,,0.0,1.0,1.0,0.0,1.0
LUN_06426,LUNCH,,0,,1.0,0.0,0.0,0.0,0.0
LUN_06427,LUNCH,,0,,1.0,0.0,0.0,0.0,0.0
LUN_06428,LUNCH,,0,,1.0,0.0,0.0,0.0,0.0
LUN_06429,LUNCH,,1,,0.0,1.0,0.0,0.0,1.0
LUN_06430,LUNCH,,0,,0.0,1.0,0.0,0.0,0.0
LUN_06431,LUNCH,,0,,0.0,0.0,1.0,1.0,0.0
LUN_06432,LUNCH,,0,,0.0,1.0,1.0,1.0,0.0
LUN_06433,LUNCH,,1,,0.0,0.0,1.0,1.0,0.0
LUN_06434,LUNCH,,0,,0.0,1.0,0.0,0.0,0.0
LUN_06435,LUNCH,,1,,0.0,1.0,0.0,0.0,0.0
LUN_06436,LUNCH,,0,,0.0,1.0,0.0,0.0,0.0
LUN_06437,LUNCH,,1,,0.0,1.0,0.0,0.0,0.0
LUN_06438,LUNCH,,0,,0.0,1.0,1.0,1.0,1.0
LUN_06439,LUNCH,,0,,0.0,1.0,1.0,1.0,0.0
LUN_06440,LUNCH,,1,,0.0,1.0,1.0,0.0,1.0
LUN_06441,LUNCH,,0,,0.0,1.0,1.0,1.0,0.0
LUN_06442,LUNCH,,0,,1.0,0.0,0.0,0.0,0.0
LUN_06443,LUNCH,,0,,0.0,1.0,0.0,0.0,1.0
LUN_06444,LUNCH,,1,,0.0,1.0,1.0,0.0,0.0
LUN_06445,LUNCH,,0,,0.0,1.0,1.0,1.0,1.0
LUN_06446,LUNCH,,0,,0.0,1.0,1.0,0.0,1.0
LUN_06447,LUNCH,,1,,0.0,1.0,0.0,1.0,0.0
LUN_06448,LUNCH,,0,,1.0,0.0,0.0,0.0,0.0
LUN_06449,LUNCH,,1,,0.0,1.0,0.0,1.0,1.0
LUN_06450,LUNCH,,0,,0.0,1.0,0.0,1.0,0.0
LUN_06451,LUNCH,,1,,0.0,1.0,0.0,0.0,1.0
LUN_06452,LUNCH,,0,,0.0,1.0,1.0,0.0,0.0
LUN_06453,LUNCH,,1,,0.0,1.0,1.0,0.0,0.0
LUN_06454,LUNCH,,0,,1.0,0.0,0.0,0.0,0.0
LUN_06455,LUNCH,,0,,1.0,0.0,0.0,0.0,0.0
LUN_06456,LUNCH,,1,,0.0,1.0,1.0,0.0,1.0
LUN_06457,LUNCH,,1,,0.0,1.0,1.0,0.0,1.0
LUN_06458,LUNCH,,0,,1.0,0.0,0.0,0.0,0.0
LUN_06459,LUNCH,,1,,0.0,1.0,1.0,1.0,1.0
LUN_06460,LUNCH,,1,,0.0,1.0,1.0,0.0,1.0
LUN_06461,LUNCH,,1,,0.0,1.0,0.0,0.0,1.0
LUN_06462,LUNCH,,0,,0.0,1.0,0.0,1.0,0.0
LUN_06463,LUNCH,,1,,0.0,1.0,1.0,0.0,0.0
LUN_06464,LUNCH,,1,,0.0,1.0,1.0,0.0,0.0
LUN_06465,LUNCH,,1,,0.0,1.0,1.0,0.0,1.0
LUN_06466,LUNCH,,1,,0.0,1.0,1.0,1.0,0.0
LUN_06467,LUNCH,,0,,0.0,0.0,1.0,1.0,1.0
LUN_06468,LUNCH,,1,,0.0,1.0,0.0,0.0,0.0
LUN_06469,LUNCH,,1,,0.0,0.0,0.0,0.0,0.0
LUN_06470,LUNCH,,0,,0.0,1.0,1.0,0.0,0.0
LUN_06471,LUNCH,,0,,0.0,0.0,1.0,0.0,0.0
LUN_06472,LUNCH,,0,,0.0,1.0,1.0,0.0,0.0
LUN_06473,LUNCH,,1,,0.0,1.0,1.0,1.0,0.0
LUN_06474,LUNCH,,1,,0.0,1.0,1.0,0.0,0.0
LUN_06475,LUNCH,,1,,0.0,1.0,1.0,0.0,1.0
LUN_06476,LUNCH,,1,,0.0,1.0,1.0,0.0,0.0
LUN_06477,LUNCH,,0,,0.0,1.0,1.0,1.0,1.0
LUN_06478,LUNCH,,0,,0.0,0.0,1.0,0.0,0.0
LUN_06479,LUNCH,,1,,0.0,1.0,0.0,1.0,0.0
LUN_06480,LUNCH,,0,,0.0,1.0,0.0,1.0,0.0
LUN_06481,LUNCH,,0,,0.0,1.0,0.0,0.0,0.0
LUN_06482,LUNCH,,0,,0.0,1.0,1.0,0.0,0.0
LUN_06483,LUNCH,,0,,0.0,1.0,0.0,0.0,1.0
LUN_06484,LUNCH,,1,,0.0,1.0,1.0,0.0,1.0
LUN_06485,LUNCH,,0,,1.0,0.0,0.0,0.0,0.0
LUN_06486,LUNCH,,1,,0.0,1.0,1.0,0.0,0.0
LUN_06487,LUNCH,,1,,0.0,1.0,0.0,0.0,1.0
LUN_06488,LUNCH,,0,,0.0,1.0,1.0,0.0,0.0
LUN_06489,LUNCH,,0,,1.0,0.0,0.0,0.0,0.0
LUN_06490,LUNCH,,0,,0.0,1.0,1.0,1.0,1.0
LUN_06491,LUNCH,,0,,0.0,1.0,1.0,1.0,0.0
LUN_06492,LUNCH,,1,,0.0,1.0,1.0,0.0,0.0
LUN_06493,LUNCH,,0,,0.0,1.0,1.0,1.0,0.0
LUN_06494,LUNCH,,0,,0.0,1.0,1.0,0.0,0.0
LUN_06495,LUNCH,,0,,0.0,1.0,1.0,1.0,0.0
LUN_06496,LUNCH,,0,,1.0,0.0,0.0,0.0,0.0
LUN_06497,LUNCH,,0,,1.0,0.0,0.0,0.0,0.0
LUN_06498,LUNCH,,1,,0.0,0.0,1.0,1.0,1.0
LUN_06499,LUNCH,,1,,0.0,1.0,1.0,1.0,1.0
LUN_06500,LUNCH,,1,,0.0,1.0,1.0,0.0,1.0
LUN_06501,LUNCH,,0,,0.0,1.0,1.0,1.0,1.0
LUN_06502,LUNCH,,0,,1.0,0.0,0.0,0.0,0.0
LUN_06503,LUNCH,,1,,0.0,1.0,1.0,1.0,1.0
LUN_06504,LUNCH,,0,,0.0,1.0,1.0,0.0,0.0
LUN_06505,LUNCH,,1,,0.0,1.0,1.0,0.0,1.0
LUN_06506,LUNCH,,1,,0.0,1.0,1.0,1.0,1.0
LUN_06507,LUNCH,,1,,0.0,1.0,1.0,1.0,0.0
LUN_06508,LUNCH,,0,,0.0,1.0,0.0,0.0,1.0
LUN_06509,LUNCH,,0,,0.0,1.0,1.0,0.0,0.0
LUN_06510,LUNCH,,0,,1.0,0.0,0.0,0.0,0.0
LUN_06511,LUNCH,,0,,1.0,0.0,0.0,0.0,0.0
LUN_06512,LUNCH,,0,,1.0,0.0,0.0,0.0,0.0
LUN_06513,LUNCH,,0,,1.0,0.0,0.0,0.0,0.0
LUN_06514,LUNCH,,1,,0.0,0.0,0.0,1.0,0.0
LUN_06515,LUNCH,,0,,0.0,1.0,1.0,1.0,0.0
LUN_06516,LUNCH,,0,,0.0,1.0,0.0,0.0,0.0
LUN_06517,LUNCH,,0,,1.0,0.0,0.0,0.0,0.0
LUN_06518,LUNCH,,0,,0.0,1.0,1.0,0.0,0.0
LUN_06519,LUNCH,,0,,0.0,1.0,0.0,0.0,0.0
LUN_06520,LUNCH,,1,,0.0,1.0,1.0,0.0,0.0
LUN_06521,LUNCH,,1,,0.0,1.0,1.0,0.0,1.0
LUN_06522,LUNCH,,0,,1.0,0.0,0.0,0.0,0.0
LUN_06523,LUNCH,,1,,0.0,1.0,1.0,0.0,0.0
LUN_06524,LUNCH,,0,,1.0,0.0,0.0,0.0,0.0
LUN_06525,LUNCH,,0,,1.0,0.0,0.0,0.0,0.0
LUN_06526,LUNCH,,0,,0.0,1.0,1.0,1.0,0.0
LUN_06527,LUNCH,,0,,1.0,0.0,0.0,0.0,0.0
LUN_06528,LUNCH,,0,,0.0,1.0,1.0,1.0,0.0
LUN_06529,LUNCH,,0,,1.0,0.0,0.0,0.0,0.0
LUN_06530,LUNCH,,0,,0.0,1.0,0.0,0.0,0.0
LUN_06531,LUNCH,,1,,0.0,0.0,0.0,0.0,0.0
LUN_06532,LUNCH,,1,,0.0,1.0,1.0,0.0,0.0
LUN_06533,LUNCH,,0,,0.0,1.0,0.0,0.0,0.0
LUN_06534,LUNCH,,0,,0.0,0.0,1.0,0.0,0.0
LUN_06535,LUNCH,,0,,1.0,0.0,0.0,0.0,0.0
LUN_06536,LUNCH,,1,,0.0,1.0,0.0,0.0,0.0
LUN_06537,LUNCH,,0,,0.0,1.0,1.0,0.0,1.0
LUN_06538,LUNCH,,0,,0.0,1.0,1.0,0.0,0.0
LUN_06539,LUNCH,,1,,0.0,1.0,0.0,0.0,0.0
LUN_06540,LUNCH,,1,,0.0,0.0,1.0,1.0,0.0
LUN_06541,LUNCH,,0,,0.0,0.0,1.0,0.0,1.0
LUN_06542,LUNCH,,1,,0.0,1.0,1.0,0.0,0.0
LUN_06543,LUNCH,,0,,0.0,1.0,1.0,1.0,0.0
LUN_06544,LUNCH,,0,,1.0,0.0,0.0,0.0,0.0
LUN_06545,LUNCH,,0,,0.0,1.0,0.0,0.0,1.0
LUN_06546,LUNCH,,0,,0.0,1.0,0.0,0.0,1.0
LUN_06547,LUNCH,,1,,0.0,1.0,1.0,0.0,1.0
LUN_06548,LUNCH,,0,,0.0,0.0,0.0,1.0,0.0
LUN_06549,LUNCH,,1,,0.0,1.0,0.0,0.0,0.0
LUN_06550,LUNCH,,1,,0.0,1.0,1.0,1.0,1.0
LUN_06551,LUNCH,,0,,0.0,1.0,0.0,1.0,1.0
LUN_06552,LUNCH,,1,,0.0,1.0,0.0,0.0,0.0
LUN_06553,LUNCH,,0,,1.0,0.0,0.0,0.0,0.0
LUN_06554,LUNCH,,0,,0.0,1.0,1.0,1.0,1.0
LUN_06555,LUNCH,,0,,0.0,1.0,0.0,1.0,1.0
LUN_06556,LUNCH,,0,,1.0,0.0,0.0,0.0,0.0
LUN_06557,LUNCH,,0,,1.0,0.0,0.0,0.0,0.0
LUN_06558,LUNCH,,0,,1.0,0.0,0.0,0.0,0.0
LUN_06559,LUNCH,,1,,0.0,1.0,0.0,1.0,1.0
LUN_06560,LUNCH,,0,,1.0,0.0,0.0,0.0,0.0
LUN_06561,LUNCH,,0,,0.0,1.0,1.0,0.0,0.0
LUN_06562,LUNCH,,0,,0.0,1.0,0.0,0.0,0.0
LUN_06563,LUNCH,,1,,0.0,1.0,0.0,0.0,0.0
LUN_06564,LUNCH,,0,,1.0,0.0,0.0,0.0,0.0
LUN_06565,LUNCH,,1,,0.0,1.0,1.0,0.0,0.0
LUN_06566,LUNCH,,0,,0.0,1.0,1.0,1.0,0.0
LUN_06567,LUNCH,,0,,0.0,0.0,0.0,0.0,0.0
LUN_06568,LUNCH,,0,,0.0,1.0,1.0,1.0,1.0
LUN_06569,LUNCH,,0,,0.0,0.0,1.0,0.0,1.0
LUN_06570,LUNCH,,0,,1.0,0.0,0.0,0.0,0.0
LUN_06571,LUNCH,,0,,0.0,1.0,0.0,0.0,0.0
LUN_06572,LUNCH,,1,,0.0,1.0,1.0,0.0,0.0
LUN_06573,LUNCH,,0,,1.0,0.0,0.0,0.0,0.0
LUN_06574,LUNCH,,1,,0.0,1.0,1.0,0.0,0.0
LUN_06575,LUNCH,,0,,0.0,1.0,1.0,0.0,0.0
LUN_06576,LUNCH,,0,,1.0,0.0,0.0,0.0,0.0
LUN_06577,LUNCH,,1,,0.0,1.0,1.0,1.0,1.0
LUN_06578,LUNCH,,1,,0.0,1.0,0.0,0.0,0.0
LUN_06579,LUNCH,,0,,0.0,1.0,0.0,1.0,0.0
LUN_06580,LUNCH,,0,,1.0,0.0,0.0,0.0,0.0
LUN_06581,LUNCH,,1,,0.0,1.0,0.0,0.0,0.0
LUN_06582,LUNCH,,1,,0.0,1.0,0.0,0.0,0.0
LUN_06583,LUNCH,,0,,0.0,1.0,0.0,1.0,0.0
LUN_06584,LUNCH,,1,,0.0,1.0,0.0,0.0,0.0
LUN_06585,LUNCH,,0,,1.0,0.0,0.0,0.0,0.0
LUN_06586,LUNCH,,0,,0.0,1.0,1.0,1.0,1.0
LUN_06587,LUNCH,,0,,0.0,1.0,1.0,0.0,0.0
LUN_06588,LUNCH,,1,,0.0,1.0,1.0,0.0,1.0
LUN_06589,LUNCH,,0,,0.0,1.0,0.0,1.0,0.0
LUN_06590,LUNCH,,1,,0.0,1.0,1.0,1.0,1.0
LUN_06591,LUNCH,,1,,0.0,1.0,0.0,1.0,0.0
LUN_06592,LUNCH,,1,,0.0,1.0,0.0,1.0,0.0
LUN_06593,LUNCH,,1,,0.0,0.0,0.0,1.0,0.0
LUN_06594,LUNCH,,0,,1.0,0.0,0.0,0.0,0.0
LUN_06595,LUNCH,,0,,1.0,0.0,0.0,0.0,0.0
LUN_06596,LUNCH,,1,,0.0,1.0,1.0,1.0,0.0
LUN_06597,LUNCH,,1,,0.0,1.0,0.0,1.0,0.0
LUN_06598,LUNCH,,0,,0.0,1.0,1.0,1.0,0.0
LUN_06599,LUNCH,,1,,0.0,1.0,0.0,1.0,0.0
LUN_06600,LUNCH,,0,,1.0,0.0,0.0,0.0,0.0
LUN_06601,LUNCH,,1,,0.0,1.0,0.0,0.0,0.0
LUN_06602,LUNCH,,1,,0.0,1.0,0.0,0.0,0.0
LUN_06603,LUNCH,,0,,0.0,1.0,1.0,1.0,0.0
LUN_06604,LUNCH,,1,,0.0,1.0,0.0,0.0,1.0
LUN_06605,LUNCH,,0,,0.0,1.0,1.0,0.0,0.0
LUN_06606,LUNCH,,0,,1.0,0.0,0.0,0.0,0.0
LUN_06607,LUNCH,,1,,0.0,0.0,0.0,0.0,0.0
LUN_06608,LUNCH,,1,,0.0,1.0,1.0,0.0,0.0
LUN_06609,LUNCH,,1,,0.0,1.0,0.0,0.0,0.0
LUN_06610,LUNCH,,0,,0.0,1.0,0.0,1.0,0.0
LUN_06611,LUNCH,,0,,0.0,0.0,0.0,0.0,1.0
LUN_06612,LUNCH,,1,,0.0,1.0,0.0,1.0,0.0
LUN_06613,LUNCH,,0,,1.0,0.0,0.0,0.0,0.0
LUN_06614,LUNCH,,0,,0.0,0.0,1.0,0.0,0.0
LUN_06615,LUNCH,,1,,0.0,1.0,1.0,0.0,0.0
LUN_06616,LUNCH,,0,,0.0,1.0,1.0,0.0,0.0
LUN_06617,LUNCH,,1,,0.0,1.0,1.0,1.0,0.0
LUN_06618,LUNCH,,1,,0.0,1.0,1.0,1.0,0.0
LUN_06619,LUNCH,,1,,0.0,1.0,1.0,0.0,1.0
LUN_06620,LUNCH,,1,,0.0,1.0,0.0,1.0,1.0
LUN_06621,LUNCH,,1,,0.0,1.0,1.0,0.0,0.0
LUN_06622,LUNCH,,0,,0.0,0.0,0.0,0.0,0.0
LUN_06623,LUNCH,,0,,0.0,0.0,0.0,1.0,0.0
LUN_06624,LUNCH,,1,,0.0,1.0,1.0,1.0,1.0
LUN_06625,LUNCH,,0,,1.0,0.0,0.0,0.0,0.0
LUN_06626,LUNCH,,0,,0.0,1.0,0.0,0.0,1.0
LUN_06627,LUNCH,,1,,0.0,1.0,0.0,0.0,0.0
LUN_06628,LUNCH,,1,,0.0,1.0,0.0,0.0,0.0
LUN_06629,LUNCH,,1,,0.0,1.0,1.0,0.0,0.0
LUN_06630,LUNCH,,0,,1.0,0.0,0.0,0.0,0.0
LUN_06631,LUNCH,,1,,0.0,1.0,0.0,0.0,0.0
LUN_06632,LUNCH,,1,,0.0,0.0,0.0,1.0,0.0
LUN_06633,LUNCH,,0,,1.0,0.0,0.0,0.0,0.0
LUN_06634,LUNCH,,0,,0.0,1.0,0.0,1.0,0.0
LUN_06635,LUNCH,,1,,0.0,1.0,0.0,1.0,1.0
LUN_06636,LUNCH,,0,,0.0,0.0,0.0,0.0,1.0
LUN_06637,LUNCH,,1,,0.0,1.0,1.0,0.0,0.0
LUN_06638,LUNCH,,0,,1.0,0.0,0.0,0.0,0.0
LUN_06639,LUNCH,,0,,0.0,1.0,1.0,0.0,0.0
LUN_06640,LUNCH,,0,,1.0,0.0,0.0,0.0,0.0
LUN_06641,LUNCH,,1,,0.0,1.0,1.0,1.0,0.0
LUN_06642,LUNCH,,1,,0.0,1.0,0.0,0.0,0.0
LUN_06643,LUNCH,,1,,0.0,1.0,1.0,0.0,0.0
LUN_06644,LUNCH,,0,,0.0,0.0,1.0,0.0,0.0
LUN_06645,LUNCH,,0,,1.0,0.0,0.0,0.0,0.0
LUN_06646,LUNCH,,0,,1.0,0.0,0.0,0.0,0.0
LUN_06647,LUNCH,,1,,0.0,1.0,1.0,0.0,1.0
LUN_06648,LUNCH,,1,,0.0,0.0,0.0,0.0,0.0
LUN_06649,LUNCH,,0,,1.0,0.0,0.0,0.0,0.0
LUN_06650,LUNCH,,0,,1.0,0.0,0.0,0.0,0.0
LUN_06651,LUNCH,,1,,0.0,0.0,1.0,1.0,0.0
LUN_06652,LUNCH,,0,,0.0,1.0,1.0,1.0,0.0
LUN_06653,LUNCH,,1,,0.0,1.0,1.0,0.0,0.0
LUN_06654,LUNCH,,0,,1.0,0.0,0.0,0.0,0.0
LUN_06655,LUNCH,,1,,0.0,1.0,1.0,0.0,0.0
LUN_06656,LUNCH,,0,,0.0,0.0,0.0,0.0,0.0
LUN_06657,LUNCH,,1,,0.0,1.0,1.0,0.0,1.0
LUN_06658,LUNCH,,1,,0.0,0.0,0.0,1.0,1.0
LUN_06659,LUNCH,,1,,0.0,0.0,0.0,1.0,1.0
LUN_06660,LUNCH,,1,,0.0,1.0,0.0,0.0,0.0
LUN_06661,LUNCH,,0,,0.0,1.0,1.0,0.0,0.0
LUN_06662,LUNCH,,1,,0.0,1.0,1.0,0.0,0.0
LUN_06663,LUNCH,,1,,0.0,1.0,1.0,1.0,0.0
LUN_06664,LUNCH,,1,,0.0,1.0,1.0,0.0,0.0
LUN_06665,LUNCH,,1,,0.0,0.0,1.0,1.0,1.0
LUN_06666,LUNCH,,0,,0.0,1.0,1.0,0.0,0.0
LUN_06667,LUNCH,,1,,0.0,1.0,0.0,0.0,0.0
LUN_06668,LUNCH,,1,,0.0,1.0,0.0,1.0,0.0
LUN_06669,LUNCH,,0,,1.0,0.0,0.0,0.0,0.0
LUN_06670,LUNCH,,0,,0.0,0.0,1.0,1.0,0.0
LUN_06671,LUNCH,,1,,0.0,1.0,1.0,1.0,0.0
LUN_06672,LUNCH,,0,,1.0,0.0,0.0,0.0,0.0
LUN_06673,LUNCH,,1,,0.0,1.0,1.0,1.0,0.0
LUN_06674,LUNCH,,0,,1.0,0.0,0.0,0.0,0.0
LUN_06675,LUNCH,,1,,0.0,1.0,0.0,1.0,1.0
LUN_06676,LUNCH,,0,,1.0,0.0,0.0,0.0,0.0
LUN_06677,LUNCH,,1,,0.0,1.0,0.0,1.0,0.0
LUN_06678,LUNCH,,0,,1.0,0.0,0.0,0.0,0.0
LUN_06679,LUNCH,,1,,0.0,1.0,1.0,1.0,1.0
LUN_06680,LUNCH,,0,,1.0,0.0,0.0,0.0,0.0
LUN_06681,LUNCH,,0,,0.0,1.0,1.0,0.0,0.0
LUN_06682,LUNCH,,1,,0.0,1.0,1.0,1.0,0.0
LUN_06683,LUNCH,,0,,0.0,1.0,0.0,0.0,0.0
LUN_06684,LUNCH,,1,,0.0,1.0,0.0,1.0,1.0
LUN_06685,LUNCH,,1,,0.0,1.0,0.0,1.0,0.0
LUN_06686,LUNCH,,0,,1.0,0.0,0.0,0.0,0.0
LUN_06687,LUNCH,,0,,0.0,1.0,0.0,1.0,1.0
LUN_06688,LUNCH,,0,,0.0,1.0,1.0,0.0,0.0
LUN_06689,LUNCH,,0,,0.0,1.0,0.0,1.0,0.0
LUN_06690,LUNCH,,0,,1.0,0.0,0.0,0.0,0.0
LUN_06691,LUNCH,,1,,0.0,1.0,1.0,1.0,1.0
LUN_06692,LUNCH,,0,,0.0,1.0,0.0,1.0,0.0
LUN_06693,LUNCH,,0,,1.0,0.0,0.0,0.0,0.0
LUN_06694,LUNCH,,1,,0.0,1.0,1.0,1.0,0.0
LUN_06695,LUNCH,,1,,0.0,1.0,1.0,0.0,0.0
LUN_06696,LUNCH,,0,,0.0,0.0,1.0,1.0,1.0
LUN_06697,LUNCH,,0,,1.0,0.0,0.0,0.0,0.0
LUN_06698,LUNCH,,1,,0.0,1.0,1.0,0.0,0.0
LUN_06699,LUNCH,,0,,0.0,0.0,1.0,1.0,0.0
LUN_06700,LUNCH,,0,,1.0,0.0,0.0,0.0,0.0
LUN_06701,LUNCH,,1,,0.0,0.0,0.0,1.0,0.0
LUN_06702,LUNCH,,1,,0.0,1.0,0.0,1.0,1.0
LUN_06703,LUNCH,,0,,0.0,1.0,1.0,1.0,1.0
LUN_06704,LUNCH,,0,,1.0,0.0,0.0,0.0,0.0
LUN_06705,LUNCH,,0,,1.0,0.0,0.0,0.0,0.0
LUN_06706,LUNCH,,0,,0.0,1.0,1.0,0.0,0.0
LUN_06707,LUNCH,,0,,1.0,0.0,0.0,0.0,0.0
LUN_06708,LUNCH,,0,,0.0,1.0,1.0,1.0,1.0
LUN_06709,LUNCH,,1,,0.0,1.0,1.0,1.0,1.0
LUN_06710,LUNCH,,1,,0.0,1.0,0.0,0.0,0.0
LUN_06711,LUNCH,,1,,0.0,1.0,0.0,0.0,0.0
LUN_06712,LUNCH,,0,,0.0,1.0,1.0,1.0,0.0
LUN_06713,LUNCH,,1,,0.0,1.0,0.0,1.0,0.0
LUN_06714,LUNCH,,0,,0.0,0.0,1.0,1.0,0.0
LUN_06715,LUNCH,,1,,0.0,1.0,1.0,0.0,1.0
LUN_06716,LUNCH,,0,,0.0,1.0,0.0,0.0,0.0
LUN_06717,LUNCH,,1,,0.0,1.0,0.0,0.0,0.0
LUN_06718,LUNCH,,0,,1.0,0.0,0.0,0.0,0.0
LUN_06719,LUNCH,,1,,0.0,1.0,1.0,1.0,0.0
LUN_06720,LUNCH,,0,,1.0,0.0,0.0,0.0,0.0
LUN_06721,LUNCH,,0,,0.0,1.0,0.0,0.0,0.0
LUN_06722,LUNCH,,0,,0.0,1.0,1.0,0.0,0.0
LUN_06723,LUNCH,,1,,0.0,1.0,0.0,1.0,0.0
LUN_06724,LUNCH,,0,,0.0,1.0,0.0,0.0,0.0
LUN_06725,LUNCH,,1,,0.0,1.0,0.0,1.0,0.0
LUN_06726,LUNCH,,0,,0.0,1.0,0.0,0.0,0.0
LUN_06727,LUNCH,,1,,0.0,1.0,0.0,0.0,1.0
LUN_06728,LUNCH,,0,,0.0,0.0,1.0,1.0,0.0
LUN_06729,LUNCH,,0,,1.0,0.0,0.0,0.0,0.0
LUN_06730,LUNCH,,1,,0.0,1.0,1.0,0.0,0.0
LUN_06731,LUNCH,,1,,0.0,1.0,0.0,0.0,1.0
LUN_06732,LUNCH,,1,,0.0,1.0,1.0,0.0,1.0
LUN_06733,LUNCH,,0,,1.0,0.0,0.0,0.0,0.0
LUN_06734,LUNCH,,0,,0.0,0.0,0.0,0.0,0.0
LUN_06735,LUNCH,,0,,0.0,1.0,1.0,0.0,0.0
LUN_06736,LUNCH,,0,,1.0,0.0,0.0,0.0,0.0
LUN_06737,LUNCH,,0,,0.0,1.0,1.0,1.0,1.0
LUN_06738,LUNCH,,0,,0.0,1.0,1.0,0.0,1.0
LUN_06739,LUNCH,,1,,0.0,0.0,0.0,0.0,0.0
LUN_06740,LUNCH,,1,,0.0,1.0,1.0,1.0,0.0
LUN_06741,LUNCH,,0,,1.0,0.0,0.0,0.0,0.0
LUN_06742,LUNCH,,0,,0.0,1.0,0.0,1.0,1.0
LUN_06743,LUNCH,,1,,0.0,1.0,0.0,0.0,1.0
LUN_06744,LUNCH,,0,,0.0,1.0,0.0,0.0,1.0
LUN_06745,LUNCH,,0,,1.0,0.0,0.0,0.0,0.0
LUN_06746,LUNCH,,0,,0.0,1.0,0.0,0.0,1.0
LUN_06747,LUNCH,,0,,1.0,0.0,0.0,0.0,0.0
LUN_06748,LUNCH,,0,,0.0,1.0,1.0,0.0,0.0
LUN_06749,LUNCH,,1,,0.0,0.0,0.0,0.0,1.0
LUN_06750,LUNCH,,1,,0.0,1.0,1.0,1.0,0.0
LUN_06751,LUNCH,,0,,1.0,0.0,0.0,0.0,0.0
LUN_06752,LUNCH,,0,,1.0,0.0,0.0,0.0,0.0
LUN_06753,LUNCH,,1,,0.0,1.0,1.0,1.0,0.0
LUN_06754,LUNCH,,1,,0.0,1.0,1.0,0.0,1.0
LUN_06755,LUNCH,,0,,0.0,1.0,1.0,0.0,0.0
LUN_06756,LUNCH,,0,,1.0,0.0,0.0,0.0,0.0
LUN_06757,LUNCH,,0,,0.0,1.0,0.0,0.0,0.0
LUN_06758,LUNCH,,1,,0.0,0.0,0.0,0.0,1.0
LUN_06759,LUNCH,,0,,0.0,1.0,1.0,0.0,1.0
LUN_06760,LUNCH,,0,,0.0,1.0,0.0,1.0,0.0
LUN_06761,LUNCH,,0,,0.0,1.0,0.0,1.0,0.0
LUN_06762,LUNCH,,0,,0.0,1.0,0.0,0.0,0.0
LUN_06763,LUNCH,,0,,1.0,0.0,0.0,0.0,0.0
LUN_06764,LUNCH,,0,,0.0,0.0,1.0,1.0,0.0
LUN_06765,LUNCH,,0,,1.0,0.0,0.0,0.0,0.0
LUN_06766,LUNCH,,1,,0.0,1.0,0.0,1.0,0.0
LUN_06767,LUNCH,,1,,0.0,1.0,0.0,0.0,0.0
LUN_06768,LUNCH,,0,,0.0,1.0,0.0,1.0,1.0
LUN_06769,LUNCH,,0,,1.0,0.0,0.0,0.0,0.0
LUN_06770,LUNCH,,1,,0.0,1.0,0.0,1.0,1.0
LUN_06771,LUNCH,,0,,0.0,1.0,0.0,0.0,0.0
LUN_06772,LUNCH,,0,,0.0,1.0,1.0,1.0,0.0
LUN_06773,LUNCH,,0,,0.0,1.0,1.0,0.0,0.0
LUN_06774,LUNCH,,0,,1.0,0.0,0.0,0.0,0.0
LUN_06775,LUNCH,,1,,0.0,1.0,1.0,1.0,0.0
LUN_06776,LUNCH,,0,,0.0,1.0,1.0,1.0,0.0
LUN_06777,LUNCH,,0,,1.0,0.0,0.0,0.0,0.0
LUN_06778,LUNCH,,0,,1.0,0.0,0.0,0.0,0.0
LUN_06779,LUNCH,,0,,0.0,1.0,1.0,0.0,1.0
LUN_06780,LUNCH,,1,,0.0,1.0,1.0,0.0,0.0
LUN_06781,LUNCH,,1,,0.0,1.0,1.0,0.0,0.0
LUN_06782,LUNCH,,1,,0.0,1.0,0.0,0.0,1.0
LUN_06783,LUNCH,,1,,0.0,1.0,1.0,0.0,0.0
LUN_06784,LUNCH,,1,,0.0,1.0,0.0,1.0,0.0
LUN_06785,LUNCH,,0,,0.0,1.0,1.0,1.0,0.0
LUN_06786,LUNCH,,0,,0.0,0.0,0.0,0.0,0.0
LUN_06787,LUNCH,,0,,1.0,0.0,0.0,0.0,0.0
LUN_06788,LUNCH,,0,,0.0,1.0,0.0,1.0,0.0
LUN_06789,LUNCH,,0,,0.0,1.0,1.0,0.0,0.0
LUN_06790,LUNCH,,0,,1.0,0.0,0.0,0.0,0.0
LUN_06791,LUNCH,,1,,0.0,1.0,1.0,1.0,1.0
LUN_06792,LUNCH,,0,,1.0,0.0,0.0,0.0,0.0
LUN_06793,LUNCH,,0,,0.0,1.0,1.0,0.0,0.0
LUN_06794,LUNCH,,0,,0.0,1.0,1.0,0.0,1.0
LUN_06795,LUNCH,,1,,0.0,1.0,1.0,1.0,0.0
LUN_06796,LUNCH,,0,,1.0,0.0,0.0,0.0,0.0
LUN_06797,LUNCH,,0,,1.0,0.0,0.0,0.0,0.0
LUN_06798,LUNCH,,1,,0.0,0.0,0.0,0.0,0.0
LUN_06799,LUNCH,,1,,0.0,0.0,1.0,0.0,0.0
LUN_06800,LUNCH,,1,,0.0,1.0,0.0,0.0,0.0
LUN_06801,LUNCH,,1,,0.0,0.0,0.0,1.0,1.0
LUN_06802,LUNCH,,0,,0.0,1.0,0.0,0.0,0.0
LUN_06803,LUNCH,,1,,0.0,1.0,1.0,0.0,0.0
LUN_06804,LUNCH,,1,,0.0,1.0,1.0,1.0,1.0
LUN_06805,LUNCH,,0,,0.0,0.0,1.0,0.0,0.0
LUN_06806,LUNCH,,0,,1.0,0.0,0.0,0.0,0.0
LUN_06807,LUNCH,,0,,1.0,0.0,0.0,0.0,0.0
LUN_06808,LUNCH,,0,,1.0,0.0,0.0,0.0,0.0
LUN_06809,LUNCH,,1,,0.0,1.0,0.0,1.0,1.0
LUN_06810,LUNCH,,1,,0.0,1.0,1.0,0.0,0.0
LUN_06811,LUNCH,,1,,0.0,1.0,0.0,1.0,1.0
LUN_06812,LUNCH,,1,,0.0,1.0,0.0,0.0,0.0
LUN_06813,LUNCH,,1,,0.0,1.0,0.0,1.0,0.0
LUN_06814,LUNCH,,1,,0.0,1.0,0.0,1.0,1.0
LUN_06815,LUNCH,,1,,0.0,0.0,0.0,0.0,0.0
LUN_06816,LUNCH,,0,,1.0,0.0,0.0,0.0,0.0
LUN_06817,LUNCH,,1,,0.0,0.0,1.0,1.0,0.0
LUN_06818,LUNCH,,0,,0.0,1.0,1.0,1.0,0.0
LUN_06819,LUNCH,,0,,0.0,1.0,0.0,0.0,1.0
LUN_06820,LUNCH,,0,,0.0,1.0,0.0,1.0,0.0
LUN_06821,LUNCH,,0,,0.0,1.0,0.0,0.0,1.0
LUN_06822,LUNCH,,0,,0.0,0.0,1.0,1.0,0.0
LUN_06823,LUNCH,,0,,1.0,0.0,0.0,0.0,0.0
LUN_06824,LUNCH,,1,,0.0,1.0,0.0,0.0,0.0
LUN_06825,LUNCH,,0,,1.0,0.0,0.0,0.0,0.0
LUN_06826,LUNCH,,0,,0.0,0.0,0.0,0.0,1.0
LUN_06827,LUNCH,,0,,0.0,1.0,0.0,1.0,1.0
LUN_06828,LUNCH,,0,,1.0,0.0,0.0,0.0,0.0
LUN_06829,LUNCH,,0,,1.0,0.0,0.0,0.0,0.0
LUN_06830,LUNCH,,0,,1.0,0.0,0.0,0.0,0.0
LUN_06831,LUNCH,,1,,0.0,1.0,1.0,0.0,0.0
LUN_06832,LUNCH,,1,,0.0,1.0,0.0,1.0,0.0
LUN_06833,LUNCH,,1,,0.0,1.0,0.0,0.0,0.0
LUN_06834,LUNCH,,0,,0.0,0.0,0.0,0.0,0.0
LUN_06835,LUNCH,,1,,0.0,1.0,1.0,1.0,0.0
LUN_06836,LUNCH,,1,,0.0,1.0,0.0,0.0,0.0
LUN_06837,LUNCH,,1,,0.0,1.0,1.0,0.0,0.0
LUN_06838,LUNCH,,1,,0.0,1.0,1.0,1.0,1.0
LUN_06839,LUNCH,,1,,0.0,0.0,1.0,1.0,0.0
LUN_06840,LUNCH,,1,,0.0,1.0,0.0,1.0,0.0
LUN_06841,LUNCH,,1,,0.0,1.0,0.0,1.0,0.0
LUN_06842,LUNCH,,1,,0.0,1.0,1.0,0.0,0.0
LUN_06843,LUNCH,,1,,0.0,0.0,0.0,0.0,0.0
LUN_06844,LUNCH,,1,,0.0,1.0,0.0,0.0,0.0
LUN_06845,LUNCH,,0,,1.0,0.0,0.0,0.0,0.0
LUN_06846,LUNCH,,1,,0.0,1.0,0.0,1.0,0.0
LUN_06847,LUNCH,,1,,0.0,1.0,0.0,0.0,0.0
LUN_06848,LUNCH,,0,,0.0,1.0,1.0,1.0,1.0
LUN_06849,LUNCH,,0,,0.0,0.0,0.0,0.0,0.0
LUN_06850,LUNCH,,0,,0.0,1.0,0.0,1.0,1.0
LUN_06851,LUNCH,,1,,0.0,1.0,1.0,1.0,1.0
LUN_06852,LUNCH,,1,,0.0,1.0,0.0,0.0,1.0
LUN_06853,LUNCH,,0,,0.0,1.0,1.0,1.0,0.0
LUN_06854,LUNCH,,1,,0.0,1.0,1.0,0.0,0.0
LUN_06855,LUNCH,,0,,1.0,0.0,0.0,0.0,0.0
LUN_06856,LUNCH,,0,,0.0,1.0,0.0,0.0,0.0
LUN_06857,LUNCH,,1,,0.0,1.0,1.0,0.0,1.0
LUN_06858,LUNCH,,1,,0.0,1.0,0.0,0.0,0.0
LUN_06859,LUNCH,,0,,0.0,1.0,0.0,1.0,0.0
LUN_06860,LUNCH,,0,,0.0,1.0,1.0,0.0,0.0
LUN_06861,LUNCH,,0,,0.0,1.0,0.0,0.0,0.0
LUN_06862,LUNCH,,0,,0.0,1.0,1.0,1.0,0.0
LUN_06863,LUNCH,,0,,1.0,0.0,0.0,0.0,0.0
LUN_06864,LUNCH,,0,,1.0,0.0,0.0,0.0,0.0
LUN_06865,LUNCH,,1,,0.0,0.0,1.0,1.0,0.0
LUN_06866,LUNCH,,1,,0.0,1.0,1.0,0.0,0.0
LUN_06867,LUNCH,,0,,1.0,0.0,0.0,0.0,0.0
LUN_06868,LUNCH,,0,,1.0,0.0,0.0,0.0,0.0
LUN_06869,LUNCH,,1,,0.0,1.0,1.0,0.0,0.0
LUN_06870,LUNCH,,1,,0.0,1.0,0.0,0.0,0.0
LUN_06871,LUNCH,,0,,0.0,1.0,0.0,0.0,1.0
LUN_06872,LUNCH,,1,,0.0,1.0,1.0,1.0,0.0
LUN_06873,LUNCH,,1,,0.0,1.0,0.0,0.0,1.0
LUN_06874,LUNCH,,1,,0.0,1.0,1.0,1.0,0.0
LUN_06875,LUNCH,,1,,0.0,1.0,1.0,0.0,0.0
LUN_06876,LUNCH,,1,,0.0,1.0,1.0,1.0,0.0
LUN_06877,LUNCH,,1,,0.0,0.0,0.0,0.0,0.0
LUN_06878,LUNCH,,0,,0.0,1.0,1.0,0.0,1.0
LUN_06879,LUNCH,,0,,1.0,0.0,0.0,0.0,0.0
LUN_06880,LUNCH,,1,,0.0,1.0,0.0,1.0,1.0
LUN_06881,LUNCH,,0,,0.0,0.0,1.0,0.0,0.0
LUN_06882,LUNCH,,1,,0.0,1.0,0.0,0.0,0.0
LUN_06883,LUNCH,,0,,0.0,1.0,0.0,1.0,0.0
LUN_06884,LUNCH,,0,,0.0,1.0,1.0,1.0,0.0
LUN_06885,LUNCH,,0,,1.0,0.0,0.0,0.0,0.0
LUN_06886,LUNCH,,1,,0.0,1.0,0.0,1.0,1.0
LUN_06887,LUNCH,,1,,0.0,1.0,0.0,1.0,1.0
LUN_06888,LUNCH,,1,,0.0,1.0,0.0,0.0,0.0
LUN_06889,LUNCH,,0,,0.0,1.0,0.0,0.0,1.0
LUN_06890,LUNCH,,0,,0.0,0.0,1.0,0.0,0.0
LUN_06891,LUNCH,,0,,1.0,0.0,0.0,0.0,0.0
LUN_06892,LUNCH,,1,,0.0,1.0,1.0,1.0,0.0
LUN_06893,LUNCH,,1,,0.0,1.0,1.0,0.0,0.0
LUN_06894,LUNCH,,1,,0.0,1.0,0.0,1.0,0.0
LUN_06895,LUNCH,,0,,0.0,0.0,1.0,0.0,0.0
LUN_06896,LUNCH,,1,,0.0,1.0,0.0,1.0,0.0
LUN_06897,LUNCH,,1,,0.0,1.0,0.0,0.0,0.0
LUN_06898,LUNCH,,0,,0.0,0.0,0.0,0.0,0.0
LUN_06899,LUNCH,,1,,0.0,1.0,0.0,0.0,0.0
LUN_06900,LUNCH,,1,,0.0,1.0,1.0,0.0,0.0
LUN_06901,LUNCH,,1,,0.0,1.0,1.0,0.0,1.0
LUN_06902,LUNCH,,0,,0.0,1.0,1.0,1.0,1.0
LUN_06903,LUNCH,,0,,0.0,1.0,0.0,0.0,0.0
LUN_06904,LUNCH,,0,,1.0,0.0,0.0,0.0,0.0
LUN_06905,LUNCH,,0,,0.0,1.0,0.0,1.0,0.0
LUN_06906,LUNCH,,0,,0.0,1.0,0.0,0.0,0.0
LUN_06907,LUNCH,,0,,1.0,0.0,0.0,0.0,0.0
LUN_06908,LUNCH,,0,,0.0,0.0,0.0,0.0,1.0
LUN_06909,LUNCH,,0,,1.0,0.0,0.0,0.0,0.0
LUN_06910,LUNCH,,1,,0.0,1.0,1.0,1.0,1.0
LUN_06911,LUNCH,,1,,0.0,1.0,0.0,0.0,0.0
LUN_06912,LUNCH,,0,,1.0,0.0,0.0,0.0,0.0
LUN_06913,LUNCH,,1,,0.0,1.0,1.0,0.0,1.0
LUN_06914,LUNCH,,1,,0.0,1.0,1.0,1.0,1.0
LUN_06915,LUNCH,,1,,0.0,1.0,1.0,0.0,0.0
LUN_06916,LUNCH,,1,,0.0,1.0,1.0,0.0,1.0
LUN_06917,LUNCH,,0,,1.0,0.0,0.0,0.0,0.0
LUN_06918,LUNCH,,1,,0.0,0.0,1.0,1.0,1.0
LUN_06919,LUNCH,,1,,0.0,1.0,0.0,0.0,1.0
LUN_06920,LUNCH,,0,,0.0,0.0,1.0,0.0,0.0
LUN_06921,LUNCH,,1,,0.0,1.0,0.0,0.0,0.0
LUN_06922,LUNCH,,0,,0.0,1.0,1.0,0.0,1.0
LUN_06923,LUNCH,,1,,0.0,1.0,1.0,0.0,0.0
LUN_06924,LUNCH,,1,,0.0,1.0,0.0,0.0,0.0
LUN_06925,LUNCH,,0,,1.0,0.0,0.0,0.0,0.0
LUN_06926,LUNCH,,1,,0.0,1.0,1.0,0.0,0.0
LUN_06927,LUNCH,,0,,0.0,1.0,0.0,1.0,0.0
LUN_06928,LUNCH,,1,,0.0,1.0,0.0,0.0,1.0
LUN_06929,LUNCH,,1,,0.0,1.0,1.0,0.0,0.0
LUN_06930,LUNCH,,0,,0.0,0.0,0.0,0.0,0.0
LUN_06931,LUNCH,,0,,1.0,0.0,0.0,0.0,0.0
LUN_06932,LUNCH,,1,,0.0,1.0,1.0,1.0,1.0
LUN_06933,LUNCH,,0,,0.0,1.0,1.0,0.0,0.0
LUN_06934,LUNCH,,0,,1.0,0.0,0.0,0.0,0.0
LUN_06935,LUNCH,,1,,0.0,1.0,1.0,0.0,0.0
LUN_06936,LUNCH,,1,,0.0,1.0,0.0,0.0,1.0
LUN_06937,LUNCH,,1,,0.0,1.0,0.0,0.0,0.0
LUN_06938,LUNCH,,1,,0.0,1.0,0.0,1.0,0.0
LUN_06939,LUNCH,,0,,1.0,0.0,0.0,0.0,0.0
LUN_06940,LUNCH,,0,,0.0,1.0,1.0,1.0,0.0
LUN_06941,LUNCH,,0,,0.0,0.0,1.0,0.0,0.0
LUN_06942,LUNCH,,1,,0.0,1.0,1.0,0.0,0.0
LUN_06943,LUNCH,,1,,0.0,1.0,1.0,0.0,1.0
LUN_06944,LUNCH,,0,,1.0,0.0,0.0,0.0,0.0
LUN_06945,LUNCH,,0,,1.0,0.0,0.0,0.0,0.0
LUN_06946,LUNCH,,1,,0.0,1.0,0.0,1.0,1.0
LUN_06947,LUNCH,,0,,1.0,0.0,0.0,0.0,0.0
LUN_06948,LUNCH,,0,,0.0,1.0,1.0,1.0,1.0
LUN_06949,LUNCH,,0,,1.0,0.0,0.0,0.0,0.0
LUN_06950,LUNCH,,0,,0.0,1.0,1.0,1.0,0.0
LUN_06951,LUNCH,,0,,0.0,1.0,1.0,1.0,0.0
LUN_06952,LUNCH,,0,,0.0,1.0,0.0,0.0,0.0
LUN_06953,LUNCH,,0,,0.0,1.0,0.0,1.0,0.0
LUN_06954,LUNCH,,0,,0.0,1.0,0.0,0.0,0.0
LUN_06955,LUNCH,,0,,0.0,1.0,0.0,0.0,0.0
LUN_06956,LUNCH,,0,,1.0,0.0,0.0,0.0,0.0
LUN_06957,LUNCH,,0,,1.0,0.0,0.0,0.0,0.0
LUN_06958,LUNCH,,0,,0.0,1.0,0.0,1.0,0.0
LUN_06959,LUNCH,,1,,0.0,1.0,1.0,0.0,1.0
LUN_06960,LUNCH,,1,,0.0,1.0,1.0,0.0,0.0
LUN_06961,LUNCH,,0,,1.0,0.0,0.0,0.0,0.0
LUN_06962,LUNCH,,0,,0.0,1.0,1.0,0.0,1.0
LUN_06963,LUNCH,,1,,0.0,1.0,0.0,0.0,0.0
LUN_06964,LUNCH,,1,,0.0,1.0,1.0,1.0,0.0
LUN_06965,LUNCH,,1,,0.0,1.0,0.0,1.0,0.0
LUN_06966,LUNCH,,1,,0.0,1.0,0.0,0.0,0.0
LUN_06967,LUNCH,,1,,0.0,1.0,1.0,1.0,1.0
LUN_06968,LUNCH,,1,,0.0,1.0,1.0,1.0,0.0
LUN_06969,LUNCH,,0,,1.0,0.0,0.0,0.0,0.0
LUN_06970,LUNCH,,0,,0.0,0.0,0.0,0.0,0.0
LUN_06971,LUNCH,,0,,0.0,1.0,0.0,0.0,0.0
LUN_06972,LUNCH,,0,,1.0,0.0,0.0,0.0,0.0
LUN_06973,LUNCH,,0,,0.0,1.0,1.0,0.0,0.0
LUN_06974,LUNCH,,1,,0.0,1.0,1.0,1.0,1.0
LUN_06975,LUNCH,,0,,0.0,1.0,1.0,1.0,1.0
LUN_06976,LUNCH,,1,,0.0,1.0,1.0,1.0,0.0
LUN_06977,LUNCH,,0,,1.0,0.0,0.0,0.0,0.0
LUN_06978,LUNCH,,1,,0.0,1.0,1.0,0.0,1.0
LUN_06979,LUNCH,,1,,0.0,1.0,0.0,0.0,0.0
LUN_06980,LUNCH,,0,,0.0,1.0,1.0,1.0,0.0
LUN_06981,LUNCH,,1,,0.0,0.0,1.0,0.0,1.0
LUN_06982,LUNCH,,0,,1.0,0.0,0.0,0.0,0.0
LUN_06983,LUNCH,,0,,0.0,1.0,0.0,0.0,0.0
LUN_06984,LUNCH,,0,,0.0,0.0,1.0,1.0,0.0
LUN_06985,LUNCH,,1,,0.0,1.0,1.0,0.0,1.0
LUN_06986,LUNCH,,1,,0.0,1.0,0.0,0.0,1.0
LUN_06987,LUNCH,,0,,0.0,1.0,1.0,0.0,0.0
LUN_06988,LUNCH,,0,,0.0,1.0,1.0,0.0,0.0
LUN_06989,LUNCH,,1,,0.0,1.0,0.0,1.0,0.0
LUN_06990,LUNCH,,0,,0.0,1.0,1.0,0.0,0.0
LUN_06991,LUNCH,,0,,1.0,0.0,0.0,0.0,0.0
LUN_06992,LUNCH,,0,,0.0,1.0,1.0,0.0,0.0
LUN_06993,LUNCH,,0,,0.0,1.0,0.0,0.0,0.0
LUN_06994,LUNCH,,0,,0.0,1.0,0.0,0.0,0.0
LUN_06995,LUNCH,,0,,1.0,0.0,0.0,0.0,0.0
LUN_06996,LUNCH,,1,,0.0,1.0,1.0,0.0,0.0
LUN_06997,LUNCH,,0,,1.0,0.0,0.0,0.0,0.0
LUN_06998,LUNCH,,0,,1.0,0.0,0.0,0.0,0.0
LUN_06999,LUNCH,,0,,0.0,0.0,0.0,0.0,1.0
LUN_07000,LUNCH,,0,,1.0,0.0,0.0,0.0,0.0
DIN_00001,DINNER,,1,,0.0,1.0,1.0,0.0,0.0
DIN_00002,DINNER,,0,,0.0,0.0,1.0,0.0,0.0
DIN_00003,DINNER,,0,,0.0,1.0,1.0,0.0,0.0
DIN_00004,DINNER,,0,,0.0,1.0,1.0,0.0,0.0
DIN_00005,DINNER,,0,,0.0,0.0,0.0,0.0,0.0
DIN_00006,DINNER,,0,,0.0,1.0,1.0,0.0,1.0
DIN_00007,DINNER,,1,,0.0,0.0,1.0,0.0,1.0
DIN_00008,DINNER,,0,,0.0,0.0,0.0,0.0,0.0
DIN_00009,DINNER,,1,,0.0,0.0,0.0,0.0,0.0
DIN_00010,DINNER,,1,,0.0,1.0,0.0,1.0,0.0
DIN_00011,DINNER,,1,,0.0,1.0,0.0,0.0,0.0
DIN_00012,DINNER,,1,,0.0,0.0,0.0,0.0,0.0
DIN_00013,DINNER,,0,,0.0,0.0,0.0,0.0,0.0
DIN_00014,DINNER,,1,,0.0,0.0,1.0,1.0,0.0
DIN_00015,DINNER,,1,,0.0,1.0,1.0,0.0,0.0
DIN_00016,DINNER,,1,,0.0,1.0,1.0,0.0,0.0
DIN_00017,DINNER,,1,,0.0,1.0,0.0,1.0,0.0
DIN_00018,DINNER,,1,,0.0,1.0,1.0,0.0,1.0
DIN_00019,DINNER,,0,,1.0,0.0,0.0,0.0,0.0
DIN_00020,DINNER,,1,,0.0,0.0,1.0,1.0,0.0
DIN_00021,DINNER,,1,,0.0,1.0,1.0,1.0,1.0
DIN_00022,DINNER,,1,,0.0,1.0,1.0,0.0,0.0
DIN_00023,DINNER,,1,,0.0,0.0,0.0,0.0,0.0
DIN_00024,DINNER,,0,,0.0,1.0,0.0,1.0,1.0
DIN_00025,DINNER,,1,,0.0,1.0,1.0,1.0,0.0
DIN_00026,DINNER,,1,,0.0,1.0,1.0,1.0,1.0
DIN_00027,DINNER,,0,,0.0,0.0,0.0,1.0,1.0
DIN_00028,DINNER,,1,,0.0,0.0,1.0,1.0,0.0
DIN_00029,DINNER,,1,,0.0,0.0,1.0,0.0,0.0
DIN_00030,DINNER,,1,,0.0,0.0,1.0,1.0,1.0
DIN_00031,DINNER,,1,,0.0,1.0,1.0,1.0,0.0
DIN_00032,DINNER,,1,,0.0,0.0,1.0,0.0,0.0
DIN_00033,DINNER,,0,,0.0,1.0,1.0,1.0,0.0
DIN_00034,DINNER,,1,,0.0,1.0,1.0,1.0,0.0
DIN_00035,DINNER,,1,,0.0,1.0,1.0,0.0,0.0
DIN_00036,DINNER,,1,,0.0,1.0,1.0,0.0,0.0
DIN_00037,DINNER,,1,,0.0,0.0,1.0,0.0,1.0
DIN_00038,DINNER,,1,,0.0,1.0,1.0,1.0,0.0
DIN_00039,DINNER,,0,,0.0,0.0,1.0,0.0,1.0
DIN_00040,DINNER,,0,,0.0,0.0,1.0,0.0,0.0
DIN_00041,DINNER,,1,,0.0,0.0,1.0,0.0,1.0
DIN_00042,DINNER,,0,,0.0,0.0,1.0,0.0,0.0
DIN_00043,DINNER,,0,,0.0,1.0,0.0,0.0,0.0
DIN_00044,DINNER,,0,,0.0,1.0,1.0,0.0,0.0
DIN_00045,DINNER,,1,,0.0,0.0,1.0,0.0,0.0
DIN_00046,DINNER,,0,,0.0,1.0,1.0,0.0,0.0
DIN_00047,DINNER,,1,,0.0,0.0,1.0,1.0,0.0
DIN_00048,DINNER,,0,,0.0,0.0,1.0,1.0,1.0
DIN_00049,DINNER,,1,,0.0,1.0,1.0,0.0,0.0
DIN_00050,DINNER,,1,,0.0,1.0,1.0,0.0,1.0
DIN_00051,DINNER,,1,,0.0,0.0,1.0,0.0,0.0
DIN_00052,DINNER,,1,,0.0,1.0,1.0,0.0,0.0
DIN_00053,DINNER,,1,,0.0,1.0,0.0,0.0,1.0
DIN_00054,DINNER,,1,,0.0,1.0,1.0,0.0,0.0
DIN_00055,DINNER,,1,,0.0,1.0,1.0,1.0,0.0
DIN_00056,DINNER,,0,,0.0,1.0,0.0,1.0,0.0
DIN_00057,DINNER,,1,,0.0,1.0,1.0,1.0,1.0
DIN_00058,DINNER,,0,,1.0,0.0,0.0,0.0,0.0
DIN_00059,DINNER,,1,,0.0,1.0,1.0,1.0,1.0
DIN_00060,DINNER,,0,,1.0,0.0,0.0,0.0,0.0
DIN_00061,DINNER,,1,,0.0,1.0,1.0,1.0,1.0
DIN_00062,DINNER,,0,,0.0,0.0,1.0,0.0,1.0
DIN_00063,DINNER,,0,,1.0,0.0,0.0,0.0,0.0
DIN_00064,DINNER,,0,,0.0,0.0,0.0,0.0,0.0
DIN_00065,DINNER,,1,,0.0,0.0,1.0,0.0,0.0
DIN_00066,DINNER,,1,,0.0,1.0,1.0,1.0,0.0
DIN_00067,DINNER,,1,,0.0,1.0,1.0,1.0,1.0
DIN_00068,DINNER,,1,,0.0,1.0,0.0,1.0,0.0
DIN_00069,DINNER,,0,,0.0,0.0,0.0,1.0,0.0
DIN_00070,DINNER,,1,,0.0,0.0,1.0,1.0,1.0
DIN_00071,DINNER,,1,,0.0,0.0,0.0,0.0,0.0
DIN_00072,DINNER,,1,,0.0,1.0,0.0,1.0,0.0
DIN_00073,DINNER,,0,,1.0,0.0,0.0,0.0,0.0
DIN_00074,DINNER,,0,,1.0,0.0,0.0,0.0,0.0
DIN_00075,DINNER,,1,,0.0,1.0,1.0,0.0,0.0
DIN_00076,DINNER,,0,,1.0,0.0,0.0,0.0,0.0
DIN_00077,DINNER,,1,,0.0,1.0,1.0,0.0,0.0
DIN_00078,DINNER,,1,,0.0,1.0,0.0,0.0,0.0
DIN_00079,DINNER,,0,,0.0,1.0,1.0,1.0,1.0
DIN_00080,DINNER,,1,,0.0,1.0,1.0,1.0,1.0
DIN_00081,DINNER,,0,,0.0,0.0,1.0,0.0,0.0
DIN_00082,DINNER,,1,,0.0,0.0,1.0,0.0,0.0
DIN_00083,DINNER,,1,,0.0,1.0,1.0,0.0,0.0
DIN_00084,DINNER,,0,,0.0,1.0,1.0,0.0,0.0
DIN_00085,DINNER,,0,,0.0,1.0,0.0,0.0,0.0
DIN_00086,DINNER,,0,,0.0,0.0,0.0,0.0,0.0
DIN_00087,DINNER,,0,,0.0,1.0,1.0,1.0,0.0
DIN_00088,DINNER,,0,,1.0,0.0,0.0,0.0,0.0
DIN_00089,DINNER,,0,,0.0,1.0,1.0,1.0,0.0
DIN_00090,DINNER,,1,,0.0,0.0,0.0,0.0,0.0
DIN_00091,DINNER,,1,,0.0,1.0,1.0,0.0,1.0
DIN_00092,DINNER,,1,,0.0,1.0,1.0,1.0,1.0
DIN_00093,DINNER,,0,,0.0,1.0,1.0,1.0,1.0
DIN_00094,DINNER,,1,,0.0,1.0,1.0,1.0,0.0
DIN_00095,DINNER,,1,,0.0,0.0,1.0,0.0,0.0
DIN_00096,DINNER,,1,,0.0,0.0,1.0,1.0,1.0
DIN_00097,DINNER,,1,,0.0,0.0,1.0,0.0,0.0
DIN_00098,DINNER,,0,,0.0,0.0,1.0,0.0,1.0
DIN_00099,DINNER,,0,,0.0,1.0,0.0,1.0,0.0
DIN_00100,DINNER,,0,,0.0,1.0,1.0,0.0,0.0
DIN_00101,DINNER,,0,,1.0,0.0,0.0,0.0,0.0
DIN_00102,DINNER,,1,,0.0,0.0,1.0,1.0,1.0
DIN_00103,DINNER,,0,,1.0,0.0,0.0,0.0,0.0
DIN_00104,DINNER,,1,,0.0,0.0,1.0,0.0,0.0
DIN_00105,DINNER,,0,,0.0,0.0,1.0,1.0,1.0
DIN_00106,DINNER,,0,,0.0,1.0,1.0,0.0,1.0
DIN_00107,DINNER,,0,,1.0,0.0,0.0,0.0,0.0
DIN_00108,DINNER,,1,,0.0,1.0,0.0,1.0,1.0
DIN_00109,DINNER,,1,,0.0,1.0,1.0,1.0,1.0
DIN_00110,DINNER,,1,,0.0,1.0,1.0,1.0,1.0
DIN_00111,DINNER,,0,,1.0,0.0,0.0,0.0,0.0
DIN_00112,DINNER,,0,,0.0,1.0,1.0,0.0,1.0
DIN_00113,DINNER,,0,,0.0,1.0,1.0,1.0,0.0
DIN_00114,DINNER,,1,,0.0,1.0,1.0,0.0,0.0
DIN_00115,DINNER,,0,,1.0,0.0,0.0,0.0,0.0
DIN_00116,DINNER,,1,,0.0,0.0,1.0,1.0,1.0
DIN_00117,DINNER,,0,,1.0,0.0,0.0,0.0,0.0
DIN_00118,DINNER,,0,,0.0,0.0,1.0,1.0,1.0
DIN_00119,DINNER,,1,,0.0,0.0,1.0,0.0,1.0
DIN_00120,DINNER,,0,,0.0,1.0,1.0,0.0,1.0
DIN_00121,DINNER,,0,,0.0,1.0,1.0,1.0,1.0
DIN_00122,DINNER,,1,,0.0,1.0,1.0,1.0,0.0
DIN_00123,DINNER,,1,,0.0,1.0,0.0,0.0,0.0
DIN_00124,DINNER,,1,,0.0,1.0,0.0,1.0,1.0
DIN_00125,DINNER,,0,,0.0,0.0,1.0,1.0,0.0
DIN_00126,DINNER,,1,,0.0,1.0,0.0,0.0,0.0
DIN_00127,DINNER,,1,,0.0,0.0,0.0,0.0,0.0
DIN_00128,DINNER,,1,,0.0,0.0,1.0,0.0,0.0
DIN_00129,DINNER,,1,,0.0,1.0,0.0,0.0,0.0
DIN_00130,DINNER,,0,,0.0,1.0,1.0,0.0,1.0
DIN_00131,DINNER,,1,,0.0,1.0,1.0,0.0,1.0
DIN_00132,DINNER,,1,,0.0,1.0,1.0,0.0,0.0
DIN_00133,DINNER,,0,,0.0,0.0,0.0,0.0,0.0
DIN_00134,DINNER,,1,,0.0,0.0,1.0,0.0,1.0
DIN_00135,DINNER,,1,,0.0,0.0,1.0,1.0,1.0
DIN_00136,DINNER,,1,,0.0,1.0,1.0,0.0,1.0
DIN_00137,DINNER,,1,,0.0,1.0,1.0,0.0,0.0
DIN_00138,DINNER,,0,,0.0,1.0,1.0,0.0,0.0
DIN_00139,DINNER,,0,,1.0,0.0,0.0,0.0,0.0
DIN_00140,DINNER,,0,,0.0,0.0,1.0,0.0,0.0
DIN_00141,DINNER,,0,,1.0,0.0,0.0,0.0,0.0
DIN_00142,DINNER,,0,,1.0,0.0,0.0,0.0,0.0
DIN_00143,DINNER,,1,,0.0,1.0,1.0,0.0,1.0
DIN_00144,DINNER,,1,,0.0,1.0,1.0,0.0,0.0
DIN_00145,DINNER,,1,,0.0,1.0,1.0,0.0,0.0
DIN_00146,DINNER,,0,,1.0,0.0,0.0,0.0,0.0
DIN_00147,DINNER,,1,,0.0,1.0,1.0,1.0,0.0
DIN_00148,DINNER,,0,,0.0,1.0,1.0,1.0,0.0
DIN_00149,DINNER,,0,,0.0,0.0,0.0,1.0,0.0
DIN_00150,DINNER,,1,,0.0,1.0,1.0,0.0,0.0
DIN_00151,DINNER,,1,,0.0,1.0,1.0,0.0,0.0
DIN_00152,DINNER,,0,,0.0,1.0,1.0,0.0,0.0
DIN_00153,DINNER,,1,,0.0,1.0,0.0,0.0,1.0
DIN_00154,DINNER,,0,,0.0,0.0,1.0,0.0,0.0
DIN_00155,DINNER,,0,,1.0,0.0,0.0,0.0,0.0
DIN_00156,DINNER,,0,,1.0,0.0,0.0,0.0,0.0
DIN_00157,DINNER,,0,,1.0,0.0,0.0,0.0,0.0
DIN_00158,DINNER,,1,,0.0,1.0,1.0,0.0,0.0
DIN_00159,DINNER,,0,,1.0,0.0,0.0,0.0,0.0
DIN_00160,DINNER,,0,,0.0,1.0,1.0,1.0,1.0
DIN_00161,DINNER,,1,,0.0,1.0,1.0,1.0,1.0
DIN_00162,DINNER,,0,,0.0,0.0,0.0,1.0,0.0
DIN_00163,DINNER,,1,,0.0,1.0,1.0,0.0,0.0
DIN_00164,DINNER,,1,,0.0,1.0,1.0,0.0,0.0
DIN_00165,DINNER,,1,,0.0,1.0,1.0,1.0,0.0
DIN_00166,DINNER,,1,,0.0,1.0,0.0,0.0,0.0
DIN_00167,DINNER,,1,,0.0,1.0,1.0,1.0,1.0
DIN_00168,DINNER,,0,,0.0,0.0,1.0,1.0,0.0
DIN_00169,DINNER,,1,,0.0,0.0,0.0,0.0,0.0
DIN_00170,DINNER,,1,,0.0,1.0,1.0,0.0,0.0
DIN_00171,DINNER,,0,,0.0,0.0,1.0,0.0,0.0
DIN_00172,DINNER,,0,,1.0,0.0,0.0,0.0,0.0
DIN_00173,DINNER,,0,,0.0,1.0,1.0,0.0,0.0
DIN_00174,DINNER,,1,,0.0,1.0,0.0,0.0,1.0
DIN_00175,DINNER,,1,,0.0,0.0,1.0,1.0,0.0
DIN_00176,DINNER,,1,,0.0,0.0,1.0,1.0,1.0
DIN_00177,DINNER,,0,,0.0,0.0,0.0,0.0,0.0
DIN_00178,DINNER,,1,,0.0,1.0,1.0,1.0,1.0
DIN_00179,DINNER,,0,,0.0,1.0,1.0,1.0,1.0
DIN_00180,DINNER,,0,,0.0,1.0,1.0,1.0,1.0
DIN_00181,DINNER,,1,,0.0,1.0,1.0,1.0,0.0
DIN_00182,DINNER,,0,,1.0,0.0,0.0,0.0,0.0
DIN_00183,DINNER,,1,,0.0,1.0,1.0,1.0,0.0
DIN_00184,DINNER,,1,,0.0,1.0,1.0,1.0,0.0
DIN_00185,DINNER,,0,,1.0,0.0,0.0,0.0,0.0
DIN_00186,DINNER,,0,,0.0,0.0,1.0,0.0,0.0
DIN_00187,DINNER,,0,,0.0,1.0,1.0,1.0,0.0
DIN_00188,DINNER,,1,,0.0,0.0,0.0,0.0,0.0
DIN_00189,DINNER,,0,,0.0,0.0,1.0,1.0,0.0
DIN_00190,DINNER,,0,,0.0,1.0,0.0,0.0,0.0
DIN_00191,DINNER,,1,,0.0,1.0,1.0,0.0,1.0
DIN_00192,DINNER,,0,,0.0,0.0,0.0,1.0,1.0
DIN_00193,DINNER,,0,,1.0,0.0,0.0,0.0,0.0
DIN_00194,DINNER,,1,,0.0,1.0,1.0,0.0,0.0
DIN_00195,DINNER,,1,,0.0,0.0,1.0,1.0,0.0
DIN_00196,DINNER,,0,,1.0,0.0,0.0,0.0,0.0
DIN_00197,DINNER,,1,,0.0,1.0,1.0,0.0,1.0
DIN_00198,DINNER,,1,,0.0,1.0,1.0,1.0,0.0
DIN_00199,DINNER,,0,,0.0,0.0,0.0,0.0,0.0
DIN_00200,DINNER,,1,,0.0,0.0,0.0,0.0,1.0
DIN_00201,DINNER,,1,,0.0,1.0,1.0,1.0,0.0
DIN_00202,DINNER,,0,,1.0,0.0,0.0,0.0,0.0
DIN_00203,DINNER,,0,,0.0,1.0,1.0,1.0,0.0
DIN_00204,DINNER,,1,,0.0,0.0,1.0,0.0,0.0
DIN_00205,DINNER,,1,,0.0,1.0,1.0,0.0,1.0
DIN_00206,DINNER,,0,,1.0,0.0,0.0,0.0,0.0
DIN_00207,DINNER,,0,,0.0,1.0,0.0,0.0,1.0
DIN_00208,DINNER,,1,,0.0,1.0,1.0,0.0,0.0
DIN_00209,DINNER,,0,,1.0,0.0,0.0,0.0,0.0
DIN_00210,DINNER,,0,,1.0,0.0,0.0,0.0,0.0
DIN_00211,DINNER,,0,,0.0,1.0,0.0,0.0,0.0
DIN_00212,DINNER,,0,,0.0,1.0,0.0,0.0,0.0
DIN_00213,DINNER,,0,,1.0,0.0,0.0,0.0,0.0
DIN_00214,DINNER,,1,,0.0,0.0,0.0,1.0,0.0
DIN_00215,DINNER,,1,,0.0,1.0,0.0,0.0,0.0
DIN_00216,DINNER,,0,,0.0,1.0,0.0,0.0,0.0
DIN_00217,DINNER,,1,,0.0,0.0,1.0,1.0,0.0
DIN_00218,DINNER,,1,,0.0,1.0,1.0,0.0,1.0
DIN_00219,DINNER,,1,,0.0,1.0,1.0,0.0,1.0
DIN_00220,DINNER,,1,,0.0,1.0,1.0,1.0,0.0
DIN_00221,DINNER,,0,,0.0,1.0,1.0,0.0,0.0
DIN_00222,DINNER,,1,,0.0,0.0,1.0,0.0,1.0
DIN_00223,DINNER,,1,,0.0,0.0,0.0,0.0,0.0
DIN_00224,DINNER,,1,,0.0,1.0,0.0,1.0,1.0
DIN_00225,DINNER,,1,,0.0,1.0,1.0,0.0,0.0
DIN_00226,DINNER,,1,,0.0,0.0,1.0,1.0,1.0
DIN_00227,DINNER,,0,,0.0,1.0,1.0,1.0,0.0
DIN_00228,DINNER,,1,,0.0,1.0,0.0,0.0,0.0
DIN_00229,DINNER,,1,,0.0,0.0,1.0,1.0,1.0
DIN_00230,DINNER,,1,,0.0,0.0,0.0,0.0,1.0
DIN_00231,DINNER,,1,,0.0,0.0,0.0,1.0,0.0
DIN_00232,DINNER,,0,,0.0,0.0,0.0,0.0,0.0
DIN_00233,DINNER,,1,,0.0,1.0,1.0,0.0,1.0
DIN_00234,DINNER,,1,,0.0,1.0,1.0,1.0,1.0
DIN_00235,DINNER,,1,,0.0,1.0,1.0,0.0,1.0
DIN_00236,DINNER,,0,,0.0,1.0,1.0,0.0,0.0
DIN_00237,DINNER,,1,,0.0,1.0,1.0,0.0,0.0
DIN_00238,DINNER,,0,,1.0,0.0,0.0,0.0,0.0
DIN_00239,DINNER,,1,,0.0,1.0,1.0,0.0,0.0
DIN_00240,DINNER,,1,,0.0,0.0,1.0,1.0,0.0
DIN_00241,DINNER,,1,,0.0,1.0,1.0,1.0,1.0
DIN_00242,DINNER,,1,,0.0,0.0,1.0,0.0,0.0
DIN_00243,DINNER,,0,,0.0,0.0,1.0,0.0,0.0
DIN_00244,DINNER,,1,,0.0,1.0,1.0,0.0,0.0
DIN_00245,DINNER,,0,,0.0,0.0,0.0,1.0,0.0
DIN_00246,DINNER,,1,,0.0,1.0,1.0,1.0,1.0
DIN_00247,DINNER,,1,,0.0,1.0,1.0,0.0,0.0
DIN_00248,DINNER,,1,,0.0,1.0,1.0,1.0,1.0
DIN_00249,DINNER,,0,,1.0,0.0,0.0,0.0,0.0
DIN_00250,DINNER,,1,,0.0,1.0,1.0,0.0,0.0
DIN_00251,DINNER,,0,,0.0,0.0,1.0,0.0,0.0
DIN_00252,DINNER,,0,,0.0,1.0,0.0,0.0,0.0
DIN_00253,DINNER,,1,,0.0,1.0,1.0,0.0,0.0
DIN_00254,DINNER,,1,,0.0,0.0,1.0,1.0,1.0
DIN_00255,DINNER,,1,,0.0,0.0,0.0,0.0,1.0
DIN_00256,DINNER,,1,,0.0,1.0,1.0,0.0,1.0
DIN_00257,DINNER,,1,,0.0,1.0,1.0,1.0,1.0
DIN_00258,DINNER,,1,,0.0,0.0,0.0,1.0,0.0
DIN_00259,DINNER,,1,,0.0,0.0,1.0,1.0,1.0
DIN_00260,DINNER,,0,,0.0,0.0,1.0,0.0,0.0
DIN_00261,DINNER,,0,,0.0,0.0,1.0,1.0,0.0
DIN_00262,DINNER,,0,,1.0,0.0,0.0,0.0,0.0
DIN_00263,DINNER,,1,,0.0,1.0,1.0,0.0,1.0
DIN_00264,DINNER,,1,,0.0,0.0,1.0,1.0,1.0
DIN_00265,DINNER,,1,,0.0,1.0,1.0,0.0,0.0
DIN_00266,DINNER,,1,,0.0,1.0,0.0,1.0,1.0
DIN_00267,DINNER,,0,,0.0,1.0,0.0,0.0,0.0
DIN_00268,DINNER,,1,,0.0,1.0,1.0,1.0,0.0
DIN_00269,DINNER,,1,,0.0,0.0,1.0,1.0,1.0
DIN_00270,DINNER,,1,,0.0,1.0,0.0,1.0,1.0
DIN_00271,DINNER,,1,,0.0,1.0,0.0,1.0,0.0
DIN_00272,DINNER,,0,,0.0,1.0,1.0,1.0,1.0
DIN_00273,DINNER,,1,,0.0,1.0,0.0,0.0,0.0
DIN_00274,DINNER,,0,,1.0,0.0,0.0,0.0,0.0
DIN_00275,DINNER,,0,,1.0,0.0,0.0,0.0,0.0
DIN_00276,DINNER,,1,,0.0,1.0,1.0,1.0,1.0
DIN_00277,DINNER,,1,,0.0,1.0,1.0,1.0,1.0
DIN_00278,DINNER,,0,,0.0,1.0,1.0,0.0,0.0
DIN_00279,DINNER,,1,,0.0,0.0,1.0,0.0,1.0
DIN_00280,DINNER,,1,,0.0,1.0,0.0,0.0,0.0
DIN_00281,DINNER,,1,,0.0,1.0,0.0,1.0,1.0
DIN_00282,DINNER,,0,,0.0,1.0,0.0,0.0,0.0
DIN_00283,DINNER,,0,,1.0,0.0,0.0,0.0,0.0
DIN_00284,DINNER,,1,,0.0,1.0,0.0,1.0,0.0
DIN_00285,DINNER,,1,,0.0,1.0,1.0,1.0,1.0
DIN_00286,DINNER,,1,,0.0,1.0,1.0,1.0,0.0
DIN_00287,DINNER,,1,,0.0,1.0,1.0,0.0,0.0
DIN_00288,DINNER,,0,,0.0,1.0,1.0,1.0,1.0
DIN_00289,DINNER,,1,,0.0,1.0,1.0,1.0,0.0
DIN_00290,DINNER,,0,,1.0,0.0,0.0,0.0,0.0
DIN_00291,DINNER,,0,,0.0,1.0,1.0,0.0,0.0
DIN_00292,DINNER,,1,,0.0,1.0,1.0,0.0,0.0
DIN_00293,DINNER,,1,,0.0,0.0,1.0,0.0,0.0
DIN_00294,DINNER,,1,,0.0,0.0,0.0,0.0,0.0
DIN_00295,DINNER,,1,,0.0,0.0,1.0,0.0,0.0
DIN_00296,DINNER,,0,,0.0,1.0,0.0,1.0,0.0
DIN_00297,DINNER,,1,,0.0,0.0,1.0,0.0,0.0
DIN_00298,DINNER,,1,,0.0,1.0,0.0,0.0,1.0
DIN_00299,DINNER,,0,,0.0,1.0,1.0,0.0,1.0
DIN_00300,DINNER,,0,,0.0,1.0,1.0,0.0,1.0
DIN_00301,DINNER,,1,,0.0,1.0,1.0,0.0,0.0
DIN_00302,DINNER,,0,,1.0,0.0,0.0,0.0,0.0
DIN_00303,DINNER,,1,,0.0,1.0,1.0,0.0,0.0
DIN_00304,DINNER,,0,,0.0,0.0,1.0,0.0,0.0
DIN_00305,DINNER,,1,,0.0,1.0,1.0,1.0,1.0
DIN_00306,DINNER,,0,,0.0,0.0,0.0,0.0,0.0
DIN_00307,DINNER,,1,,0.0,0.0,0.0,0.0,0.0
DIN_00308,DINNER,,0,,0.0,0.0,0.0,0.0,1.0
DIN_00309,DINNER,,1,,0.0,0.0,0.0,0.0,0.0
DIN_00310,DINNER,,0,,0.0,0.0,0.0,1.0,0.0
DIN_00311,DINNER,,1,,0.0,1.0,1.0,0.0,0.0
DIN_00312,DINNER,,1,,0.0,1.0,0.0,0.0,0.0
DIN_00313,DINNER,,1,,0.0,1.0,0.0,0.0,0.0
DIN_00314,DINNER,,1,,0.0,0.0,1.0,0.0,0.0
DIN_00315,DINNER,,1,,0.0,0.0,1.0,0.0,1.0
DIN_00316,DINNER,,1,,0.0,0.0,1.0,1.0,0.0
DIN_00317,DINNER,,0,,0.0,0.0,0.0,1.0,1.0
DIN_00318,DINNER,,1,,0.0,0.0,1.0,0.0,0.0
DIN_00319,DINNER,,1,,0.0,0.0,1.0,0.0,1.0
DIN_00320,DINNER,,1,,0.0,1.0,1.0,1.0,1.0
DIN_00321,DINNER,,0,,1.0,0.0,0.0,0.0,0.0
DIN_00322,DINNER,,0,,1.0,0.0,0.0,0.0,0.0
DIN_00323,DINNER,,1,,0.0,0.0,1.0,1.0,0.0
DIN_00324,DINNER,,1,,0.0,1.0,1.0,0.0,0.0
DIN_00325,DINNER,,0,,1.0,0.0,0.0,0.0,0.0
DIN_00326,DINNER,,1,,0.0,0.0,1.0,0.0,1.0
DIN_00327,DINNER,,1,,0.0,0.0,0.0,0.0,1.0
DIN_00328,DINNER,,0,,1.0,0.0,0.0,0.0,0.0
DIN_00329,DINNER,,1,,0.0,1.0,1.0,0.0,1.0
DIN_00330,DINNER,,1,,0.0,0.0,1.0,1.0,0.0
DIN_00331,DINNER,,1,,0.0,1.0,1.0,1.0,1.0
DIN_00332,DINNER,,1,,0.0,0.0,1.0,0.0,0.0
DIN_00333,DINNER,,1,,0.0,1.0,1.0,1.0,0.0
DIN_00334,DINNER,,1,,0.0,1.0,1.0,1.0,1.0
DIN_00335,DINNER,,0,,1.0,0.0,0.0,0.0,0.0
DIN_00336,DINNER,,1,,0.0,0.0,0.0,0.0,0.0
DIN_00337,DINNER,,1,,0.0,1.0,1.0,1.0,0.0
DIN_00338,DINNER,,0,,0.0,0.0,1.0,1.0,0.0
DIN_00339,DINNER,,0,,1.0,0.0,0.0,0.0,0.0
DIN_00340,DINNER,,1,,0.0,1.0,1.0,1.0,1.0
DIN_00341,DINNER,,1,,0.0,0.0,1.0,1.0,1.0
DIN_00342,DINNER,,0,,0.0,0.0,1.0,1.0,1.0
DIN_00343,DINNER,,1,,0.0,1.0,1.0,1.0,1.0
DIN_00344,DINNER,,1,,0.0,0.0,1.0,0.0,1.0
DIN_00345,DINNER,,1,,0.0,0.0,0.0,0.0,0.0
DIN_00346,DINNER,,0,,0.0,1.0,0.0,0.0,0.0
DIN_00347,DINNER,,0,,1.0,0.0,0.0,0.0,0.0
DIN_00348,DINNER,,1,,0.0,1.0,1.0,0.0,0.0
DIN_00349,DINNER,,1,,0.0,1.0,0.0,1.0,1.0
DIN_00350,DINNER,,1,,0.0,0.0,0.0,0.0,0.0
DIN_00351,DINNER,,1,,0.0,1.0,1.0,0.0,0.0
DIN_00352,DINNER,,0,,0.0,0.0,0.0,0.0,0.0
DIN_00353,DINNER,,0,,1.0,0.0,0.0,0.0,0.0
DIN_00354,DINNER,,0,,0.0,0.0,1.0,0.0,1.0
DIN_00355,DINNER,,0,,0.0,0.0,1.0,0.0,0.0
DIN_00356,DINNER,,1,,0.0,1.0,1.0,1.0,1.0
DIN_00357,DINNER,,1,,0.0,1.0,1.0,1.0,0.0
DIN_00358,DINNER,,0,,0.0,0.0,0.0,0.0,0.0
DIN_00359,DINNER,,0,,0.0,0.0,1.0,0.0,0.0
DIN_00360,DINNER,,1,,0.0,1.0,1.0,0.0,0.0
DIN_00361,DINNER,,1,,0.0,0.0,1.0,1.0,0.0
DIN_00362,DINNER,,1,,0.0,1.0,0.0,1.0,0.0
DIN_00363,DINNER,,1,,0.0,0.0,1.0,1.0,1.0
DIN_00364,DINNER,,0,,1.0,0.0,0.0,0.0,0.0
DIN_00365,DINNER,,1,,0.0,1.0,1.0,1.0,0.0
DIN_00366,DINNER,,1,,0.0,1.0,1.0,1.0,1.0
DIN_00367,DINNER,,0,,0.0,1.0,0.0,0.0,0.0
DIN_00368,DINNER,,1,,0.0,1.0,1.0,1.0,0.0
DIN_00369,DINNER,,1,,0.0,1.0,1.0,1.0,1.0
DIN_00370,DINNER,,0,,0.0,1.0,0.0,0.0,1.0
DIN_00371,DINNER,,1,,0.0,1.0,0.0,0.0,0.0
DIN_00372,DINNER,,0,,0.0,1.0,0.0,1.0,0.0
DIN_00373,DINNER,,0,,0.0,1.0,0.0,0.0,1.0
DIN_00374,DINNER,,1,,0.0,1.0,1.0,1.0,1.0
DIN_00375,DINNER,,1,,0.0,0.0,1.0,0.0,1.0
DIN_00376,DINNER,,1,,0.0,1.0,1.0,1.0,0.0
DIN_00377,DINNER,,1,,0.0,1.0,1.0,1.0,0.0
DIN_00378,DINNER,,1,,0.0,1.0,0.0,0.0,0.0
DIN_00379,DINNER,,0,,1.0,0.0,0.0,0.0,0.0
DIN_00380,DINNER,,1,,0.0,0.0,0.0,1.0,0.0
DIN_00381,DINNER,,1,,0.0,0.0,1.0,1.0,1.0
DIN_00382,DINNER,,0,,0.0,1.0,1.0,1.0,0.0
DIN_00383,DINNER,,0,,0.0,0.0,1.0,0.0,0.0
DIN_00384,DINNER,,1,,0.0,0.0,1.0,0.0,0.0
DIN_00385,DINNER,,0,,0.0,0.0,0.0,0.0,0.0
DIN_00386,DINNER,,1,,0.0,0.0,0.0,0.0,1.0
DIN_00387,DINNER,,1,,0.0,1.0,1.0,1.0,0.0
DIN_00388,DINNER,,0,,0.0,1.0,1.0,1.0,0.0
DIN_00389,DINNER,,0,,0.0,1.0,1.0,1.0,0.0
DIN_00390,DINNER,,1,,0.0,0.0,1.0,0.0,0.0
DIN_00391,DINNER,,0,,0.0,0.0,0.0,1.0,0.0
DIN_00392,DINNER,,1,,0.0,1.0,1.0,1.0,1.0
DIN_00393,DINNER,,0,,1.0,0.0,0.0,0.0,0.0
DIN_00394,DINNER,,0,,0.0,1.0,0.0,1.0,0.0
DIN_00395,DINNER,,0,,0.0,0.0,1.0,1.0,1.0
DIN_00396,DINNER,,1,,0.0,1.0,1.0,0.0,0.0
DIN_00397,DINNER,,0,,0.0,1.0,1.0,0.0,1.0
DIN_00398,DINNER,,1,,0.0,1.0,1.0,1.0,1.0
DIN_00399,DINNER,,0,,1.0,0.0,0.0,0.0,0.0
DIN_00400,DINNER,,0,,0.0,1.0,1.0,1.0,0.0
DIN_00401,DINNER,,1,,0.0,1.0,1.0,0.0,0.0
DIN_00402,DINNER,,0,,0.0,1.0,1.0,1.0,1.0
DIN_00403,DINNER,,1,,0.0,1.0,0.0,1.0,0.0
DIN_00404,DINNER,,1,,0.0,1.0,1.0,1.0,0.0
DIN_00405,DINNER,,1,,0.0,1.0,1.0,0.0,1.0
DIN_00406,DINNER,,0,,1.0,0.0,0.0,0.0,0.0
DIN_00407,DINNER,,1,,0.0,1.0,0.0,0.0,1.0
DIN_00408,DINNER,,1,,0.0,0.0,0.0,0.0,0.0
DIN_00409,DINNER,,1,,0.0,0.0,0.0,1.0,0.0
DIN_00410,DINNER,,0,,0.0,1.0,1.0,0.0,0.0
DIN_00411,DINNER,,1,,0.0,1.0,1.0,1.0,0.0
DIN_00412,DINNER,,1,,0.0,0.0,1.0,1.0,0.0
DIN_00413,DINNER,,1,,0.0,1.0,1.0,0.0,0.0
DIN_00414,DINNER,,0,,0.0,0.0,1.0,1.0,1.0
DIN_00415,DINNER,,1,,0.0,0.0,1.0,1.0,0.0
DIN_00416,DINNER,,0,,0.0,1.0,0.0,0.0,0.0
DIN_00417,DINNER,,0,,0.0,1.0,0.0,0.0,1.0
DIN_00418,DINNER,,1,,0.0,1.0,1.0,0.0,0.0
DIN_00419,DINNER,,1,,0.0,1.0,1.0,0.0,0.0
DIN_00420,DINNER,,0,,1.0,0.0,0.0,0.0,0.0
DIN_00421,DINNER,,0,,0.0,1.0,1.0,1.0,0.0
DIN_00422,DINNER,,0,,1.0,0.0,0.0,0.0,0.0
DIN_00423,DINNER,,0,,0.0,1.0,1.0,0.0,0.0
DIN_00424,DINNER,,1,,0.0,1.0,0.0,0.0,0.0
DIN_00425,DINNER,,0,,0.0,1.0,1.0,1.0,0.0
DIN_00426,DINNER,,1,,0.0,0.0,1.0,1.0,1.0
DIN_00427,DINNER,,0,,0.0,0.0,0.0,1.0,0.0
DIN_00428,DINNER,,1,,0.0,1.0,1.0,0.0,0.0
DIN_00429,DINNER,,1,,0.0,0.0,0.0,1.0,0.0
DIN_00430,DINNER,,1,,0.0,1.0,1.0,0.0,1.0
DIN_00431,DINNER,,1,,0.0,1.0,1.0,0.0,0.0
DIN_00432,DINNER,,1,,0.0,0.0,0.0,0.0,1.0
DIN_00433,DINNER,,1,,0.0,1.0,1.0,0.0,1.0
DIN_00434,DINNER,,1,,0.0,0.0,1.0,1.0,0.0
DIN_00435,DINNER,,1,,0.0,1.0,1.0,0.0,1.0
DIN_00436,DINNER,,0,,0.0,1.0,1.0,1.0,0.0
DIN_00437,DINNER,,0,,1.0,0.0,0.0,0.0,0.0
DIN_00438,DINNER,,1,,0.0,1.0,1.0,1.0,0.0
DIN_00439,DINNER,,0,,0.0,0.0,1.0,0.0,1.0
DIN_00440,DINNER,,1,,0.0,1.0,0.0,0.0,0.0
DIN_00441,DINNER,,1,,0.0,1.0,1.0,1.0,1.0
DIN_00442,DINNER,,0,,0.0,0.0,1.0,0.0,0.0
DIN_00443,DINNER,,1,,0.0,1.0,0.0,0.0,0.0
DIN_00444,DINNER,,1,,0.0,0.0,1.0,0.0,0.0
DIN_00445,DINNER,,1,,0.0,0.0,1.0,1.0,0.0
DIN_00446,DINNER,,0,,0.0,0.0,1.0,1.0,1.0
DIN_00447,DINNER,,1,,0.0,1.0,1.0,0.0,0.0
DIN_00448,DINNER,,1,,0.0,1.0,0.0,0.0,0.0
DIN_00449,DINNER,,1,,0.0,1.0,1.0,0.0,0.0
DIN_00450,DINNER,,1,,0.0,1.0,1.0,1.0,1.0
DIN_00451,DINNER,,1,,0.0,0.0,1.0,1.0,1.0
DIN_00452,DINNER,,1,,0.0,0.0,1.0,0.0,1.0
DIN_00453,DINNER,,1,,0.0,1.0,1.0,0.0,0.0
DIN_00454,DINNER,,1,,0.0,1.0,0.0,0.0,0.0
DIN_00455,DINNER,,1,,0.0,1.0,1.0,1.0,0.0
DIN_00456,DINNER,,0,,0.0,1.0,1.0,0.0,0.0
DIN_00457,DINNER,,1,,0.0,1.0,1.0,1.0,1.0
DIN_00458,DINNER,,0,,0.0,1.0,0.0,0.0,1.0
DIN_00459,DINNER,,1,,0.0,1.0,1.0,1.0,0.0
DIN_00460,DINNER,,1,,0.0,1.0,0.0,0.0,0.0
DIN_00461,DINNER,,1,,0.0,1.0,0.0,0.0,0.0
DIN_00462,DINNER,,1,,0.0,1.0,1.0,0.0,0.0
DIN_00463,DINNER,,1,,0.0,1.0,0.0,0.0,1.0
DIN_00464,DINNER,,0,,1.0,0.0,0.0,0.0,0.0
DIN_00465,DINNER,,0,,0.0,1.0,1.0,0.0,0.0
DIN_00466,DINNER,,0,,0.0,0.0,0.0,0.0,0.0
DIN_00467,DINNER,,1,,0.0,0.0,0.0,0.0,0.0
DIN_00468,DINNER,,1,,0.0,1.0,1.0,1.0,1.0
DIN_00469,DINNER,,0,,0.0,1.0,1.0,0.0,0.0
DIN_00470,DINNER,,1,,0.0,1.0,1.0,0.0,0.0
DIN_00471,DINNER,,1,,0.0,0.0,1.0,0.0,0.0
DIN_00472,DINNER,,1,,0.0,1.0,1.0,1.0,1.0
DIN_00473,DINNER,,0,,0.0,0.0,1.0,0.0,0.0
DIN_00474,DINNER,,0,,0.0,0.0,0.0,1.0,0.0
DIN_00475,DINNER,,0,,0.0,1.0,1.0,1.0,0.0
DIN_00476,DINNER,,1,,0.0,1.0,1.0,1.0,1.0
DIN_00477,DINNER,,1,,0.0,0.0,1.0,1.0,0.0
DIN_00478,DINNER,,1,,0.0,1.0,1.0,1.0,1.0
DIN_00479,DINNER,,1,,0.0,1.0,0.0,0.0,0.0
DIN_00480,DINNER,,0,,1.0,0.0,0.0,0.0,0.0
DIN_00481,DINNER,,0,,0.0,0.0,0.0,0.0,1.0
DIN_00482,DINNER,,1,,0.0,1.0,1.0,1.0,0.0
DIN_00483,DINNER,,0,,0.0,1.0,0.0,0.0,0.0
DIN_00484,DINNER,,0,,0.0,1.0,0.0,1.0,1.0
DIN_00485,DINNER,,0,,0.0,1.0,0.0,0.0,1.0
DIN_00486,DINNER,,1,,0.0,1.0,1.0,0.0,1.0
DIN_00487,DINNER,,1,,0.0,0.0,1.0,1.0,1.0
DIN_00488,DINNER,,0,,0.0,1.0,0.0,0.0,0.0
DIN_00489,DINNER,,1,,0.0,1.0,1.0,0.0,0.0
DIN_00490,DINNER,,0,,0.0,1.0,0.0,1.0,1.0
DIN_00491,DINNER,,0,,0.0,1.0,0.0,0.0,0.0
DIN_00492,DINNER,,1,,0.0,1.0,1.0,0.0,1.0
DIN_00493,DINNER,,0,,1.0,0.0,0.0,0.0,0.0
DIN_00494,DINNER,,0,,1.0,0.0,0.0,0.0,0.0
DIN_00495,DINNER,,1,,0.0,0.0,0.0,1.0,1.0
DIN_00496,DINNER,,0,,0.0,0.0,1.0,1.0,1.0
DIN_00497,DINNER,,1,,0.0,1.0,1.0,1.0,1.0
DIN_00498,DINNER,,0,,1.0,0.0,0.0,0.0,0.0
DIN_00499,DINNER,,0,,0.0,1.0,0.0,0.0,1.0
DIN_00500,DINNER,,0,,0.0,0.0,1.0,0.0,1.0
DIN_00501,DINNER,,0,,0.0,0.0,1.0,1.0,0.0
DIN_00502,DINNER,,0,,0.0,0.0,0.0,1.0,0.0
DIN_00503,DINNER,,1,,0.0,1.0,1.0,1.0,0.0
DIN_00504,DINNER,,0,,0.0,0.0,1.0,0.0,0.0
DIN_00505,DINNER,,1,,0.0,1.0,0.0,0.0,1.0
DIN_00506,DINNER,,1,,0.0,0.0,1.0,1.0,1.0
DIN_00507,DINNER,,1,,0.0,0.0,1.0,0.0,0.0
DIN_00508,DINNER,,1,,0.0,1.0,1.0,1.0,0.0
DIN_00509,DINNER,,1,,0.0,0.0,0.0,0.0,0.0
DIN_00510,DINNER,,1,,0.0,1.0,1.0,0.0,0.0
DIN_00511,DINNER,,1,,0.0,0.0,1.0,0.0,0.0
DIN_00512,DINNER,,0,,1.0,0.0,0.0,0.0,0.0
DIN_00513,DINNER,,0,,0.0,1.0,1.0,1.0,0.0
DIN_00514,DINNER,,0,,1.0,0.0,0.0,0.0,0.0
DIN_00515,DINNER,,1,,0.0,1.0,1.0,1.0,0.0
DIN_00516,DINNER,,0,,0.0,1.0,1.0,1.0,0.0
DIN_00517,DINNER,,0,,0.0,1.0,1.0,1.0,0.0
DIN_00518,DINNER,,1,,0.0,1.0,1.0,1.0,0.0
DIN_00519,DINNER,,0,,1.0,0.0,0.0,0.0,0.0
DIN_00520,DINNER,,1,,0.0,1.0,0.0,1.0,0.0
DIN_00521,DINNER,,1,,0.0,1.0,1.0,0.0,1.0
DIN_00522,DINNER,,0,,0.0,0.0,1.0,1.0,1.0
DIN_00523,DINNER,,1,,0.0,1.0,1.0,1.0,0.0
DIN_00524,DINNER,,1,,0.0,1.0,1.0,1.0,1.0
DIN_00525,DINNER,,0,,0.0,0.0,0.0,1.0,1.0
DIN_00526,DINNER,,0,,1.0,0.0,0.0,0.0,0.0
DIN_00527,DINNER,,1,,0.0,1.0,1.0,1.0,1.0
DIN_00528,DINNER,,1,,0.0,0.0,0.0,1.0,0.0
DIN_00529,DINNER,,0,,0.0,0.0,1.0,1.0,1.0
DIN_00530,DINNER,,0,,0.0,1.0,0.0,0.0,0.0
DIN_00531,DINNER,,1,,0.0,1.0,1.0,1.0,0.0
DIN_00532,DINNER,,0,,0.0,1.0,1.0,1.0,0.0
DIN_00533,DINNER,,1,,0.0,0.0,0.0,1.0,1.0
DIN_00534,DINNER,,0,,1.0,0.0,0.0,0.0,0.0
DIN_00535,DINNER,,0,,1.0,0.0,0.0,0.0,0.0
DIN_00536,DINNER,,0,,0.0,0.0,0.0,1.0,1.0
DIN_00537,DINNER,,1,,0.0,0.0,0.0,0.0,0.0
DIN_00538,DINNER,,1,,0.0,1.0,0.0,0.0,0.0
DIN_00539,DINNER,,1,,0.0,0.0,1.0,1.0,0.0
DIN_00540,DINNER,,0,,1.0,0.0,0.0,0.0,0.0
DIN_00541,DINNER,,1,,0.0,1.0,1.0,0.0,0.0
DIN_00542,DINNER,,0,,0.0,1.0,1.0,0.0,1.0
DIN_00543,DINNER,,0,,0.0,1.0,1.0,0.0,1.0
DIN_00544,DINNER,,1,,0.0,1.0,1.0,0.0,0.0
DIN_00545,DINNER,,1,,0.0,0.0,1.0,0.0,0.0
DIN_00546,DINNER,,0,,0.0,1.0,1.0,1.0,1.0
DIN_00547,DINNER,,1,,0.0,1.0,0.0,1.0,1.0
DIN_00548,DINNER,,1,,0.0,1.0,1.0,1.0,1.0
DIN_00549,DINNER,,1,,0.0,0.0,0.0,1.0,1.0
DIN_00550,DINNER,,1,,0.0,0.0,1.0,0.0,0.0
DIN_00551,DINNER,,1,,0.0,0.0,1.0,0.0,0.0
DIN_00552,DINNER,,1,,0.0,1.0,1.0,1.0,1.0
DIN_00553,DINNER,,0,,1.0,0.0,0.0,0.0,0.0
DIN_00554,DINNER,,1,,0.0,1.0,1.0,1.0,0.0
DIN_00555,DINNER,,0,,0.0,0.0,1.0,0.0,0.0
DIN_00556,DINNER,,0,,1.0,0.0,0.0,0.0,0.0
DIN_00557,DINNER,,0,,0.0,1.0,0.0,1.0,1.0
DIN_00558,DINNER,,1,,0.0,1.0,1.0,0.0,0.0
DIN_00559,DINNER,,1,,0.0,0.0,0.0,0.0,1.0
DIN_00560,DINNER,,1,,0.0,1.0,1.0,0.0,1.0
DIN_00561,DINNER,,1,,0.0,0.0,1.0,1.0,1.0
DIN_00562,DINNER,,0,,0.0,0.0,0.0,0.0,0.0
DIN_00563,DINNER,,1,,0.0,1.0,1.0,1.0,1.0
DIN_00564,DINNER,,1,,0.0,0.0,1.0,1.0,0.0
DIN_00565,DINNER,,1,,0.0,1.0,1.0,1.0,0.0
DIN_00566,DINNER,,1,,0.0,0.0,0.0,1.0,0.0
DIN_00567,DINNER,,0,,0.0,1.0,1.0,1.0,0.0
DIN_00568,DINNER,,1,,0.0,0.0,1.0,1.0,0.0
DIN_00569,DINNER,,1,,0.0,1.0,1.0,1.0,0.0
DIN_00570,DINNER,,1,,0.0,1.0,1.0,0.0,1.0
DIN_00571,DINNER,,0,,0.0,1.0,0.0,1.0,0.0
DIN_00572,DINNER,,1,,0.0,1.0,1.0,0.0,1.0
DIN_00573,DINNER,,1,,0.0,0.0,0.0,0.0,0.0
DIN_00574,DINNER,,0,,0.0,0.0,0.0,1.0,0.0
DIN_00575,DINNER,,1,,0.0,0.0,1.0,0.0,1.0
DIN_00576,DINNER,,0,,0.0,1.0,1.0,0.0,1.0
DIN_00577,DINNER,,0,,0.0,1.0,0.0,1.0,0.0
DIN_00578,DINNER,,0,,0.0,0.0,1.0,0.0,0.0
DIN_00579,DINNER,,0,,0.0,0.0,0.0,1.0,1.0
DIN_00580,DINNER,,1,,0.0,1.0,0.0,0.0,0.0
DIN_00581,DINNER,,0,,0.0,0.0,1.0,0.0,1.0
DIN_00582,DINNER,,0,,1.0,0.0,0.0,0.0,0.0
DIN_00583,DINNER,,1,,0.0,1.0,1.0,0.0,0.0
DIN_00584,DINNER,,1,,0.0,1.0,0.0,0.0,0.0
DIN_00585,DINNER,,1,,0.0,1.0,0.0,1.0,1.0
DIN_00586,DINNER,,1,,0.0,1.0,1.0,0.0,1.0
DIN_00587,DINNER,,0,,0.0,1.0,1.0,0.0,0.0
DIN_00588,DINNER,,1,,0.0,1.0,1.0,1.0,1.0
DIN_00589,DINNER,,1,,0.0,0.0,0.0,0.0,1.0
DIN_00590,DINNER,,0,,0.0,1.0,1.0,0.0,0.0
DIN_00591,DINNER,,1,,0.0,0.0,0.0,1.0,0.0
DIN_00592,DINNER,,1,,0.0,1.0,1.0,0.0,1.0
DIN_00593,DINNER,,1,,0.0,1.0,1.0,1.0,0.0
DIN_00594,DINNER,,0,,0.0,1.0,1.0,1.0,1.0
DIN_00595,DINNER,,0,,1.0,0.0,0.0,0.0,0.0
DIN_00596,DINNER,,1,,0.0,1.0,1.0,1.0,1.0
DIN_00597,DINNER,,1,,0.0,0.0,1.0,1.0,1.0
DIN_00598,DINNER,,0,,0.0,0.0,1.0,0.0,0.0
DIN_00599,DINNER,,0,,0.0,0.0,1.0,0.0,0.0
DIN_00600,DINNER,,0,,0.0,0.0,0.0,0.0,0.0
DIN_00601,DINNER,,0,,0.0,0.0,1.0,0.0,0.0
DIN_00602,DINNER,,0,,1.0,0.0,0.0,0.0,0.0
DIN_00603,DINNER,,1,,0.0,1.0,0.0,0.0,0.0
DIN_00604,DINNER,,0,,0.0,0.0,1.0,0.0,0.0
DIN_00605,DINNER,,0,,1.0,0.0,0.0,0.0,0.0
DIN_00606,DINNER,,1,,0.0,0.0,1.0,1.0,1.0
DIN_00607,DINNER,,1,,0.0,0.0,1.0,0.0,0.0
DIN_00608,DINNER,,0,,1.0,0.0,0.0,0.0,0.0
DIN_00609,DINNER,,0,,0.0,1.0,0.0,0.0,0.0
DIN_00610,DINNER,,0,,0.0,0.0,0.0,0.0,0.0
DIN_00611,DINNER,,0,,1.0,0.0,0.0,0.0,0.0
DIN_00612,DINNER,,0,,0.0,0.0,1.0,0.0,1.0
DIN_00613,DINNER,,1,,0.0,1.0,1.0,0.0,0.0
DIN_00614,DINNER,,1,,0.0,1.0,1.0,1.0,1.0
DIN_00615,DINNER,,1,,0.0,1.0,1.0,0.0,0.0
DIN_00616,DINNER,,0,,0.0,0.0,1.0,0.0,0.0
DIN_00617,DINNER,,1,,0.0,1.0,1.0,1.0,0.0
DIN_00618,DINNER,,1,,0.0,1.0,0.0,0.0,0.0
DIN_00619,DINNER,,0,,0.0,1.0,1.0,1.0,1.0
DIN_00620,DINNER,,0,,0.0,0.0,0.0,1.0,0.0
DIN_00621,DINNER,,1,,0.0,1.0,1.0,0.0,1.0
DIN_00622,DINNER,,1,,0.0,0.0,0.0,0.0,1.0
DIN_00623,DINNER,,0,,1.0,0.0,0.0,0.0,0.0
DIN_00624,DINNER,,1,,0.0,1.0,1.0,0.0,0.0
DIN_00625,DINNER,,1,,0.0,0.0,0.0,1.0,0.0
DIN_00626,DINNER,,1,,0.0,1.0,0.0,0.0,0.0
DIN_00627,DINNER,,0,,1.0,0.0,0.0,0.0,0.0
DIN_00628,DINNER,,1,,0.0,1.0,1.0,1.0,0.0
DIN_00629,DINNER,,1,,0.0,0.0,0.0,1.0,1.0
DIN_00630,DINNER,,1,,0.0,1.0,1.0,0.0,0.0
DIN_00631,DINNER,,1,,0.0,1.0,0.0,1.0,1.0
DIN_00632,DINNER,,1,,0.0,0.0,0.0,0.0,1.0
DIN_00633,DINNER,,1,,0.0,1.0,1.0,0.0,0.0
DIN_00634,DINNER,,0,,1.0,0.0,0.0,0.0,0.0
DIN_00635,DINNER,,1,,0.0,0.0,1.0,0.0,0.0
DIN_00636,DINNER,,0,,1.0,0.0,0.0,0.0,0.0
DIN_00637,DINNER,,0,,0.0,1.0,1.0,0.0,1.0
DIN_00638,DINNER,,0,,1.0,0.0,0.0,0.0,0.0
DIN_00639,DINNER,,1,,0.0,1.0,0.0,0.0,0.0
DIN_00640,DINNER,,0,,0.0,0.0,0.0,0.0,0.0
DIN_00641,DINNER,,0,,0.0,0.0,1.0,1.0,0.0
DIN_00642,DINNER,,1,,0.0,1.0,1.0,1.0,0.0
DIN_00643,DINNER,,0,,1.0,0.0,0.0,0.0,0.0
DIN_00644,DINNER,,0,,1.0,0.0,0.0,0.0,0.0
DIN_00645,DINNER,,0,,0.0,0.0,1.0,0.0,0.0
DIN_00646,DINNER,,1,,0.0,1.0,1.0,1.0,0.0
DIN_00647,DINNER,,0,,1.0,0.0,0.0,0.0,0.0
DIN_00648,DINNER,,1,,0.0,1.0,1.0,0.0,1.0
DIN_00649,DINNER,,0,,1.0,0.0,0.0,0.0,0.0
DIN_00650,DINNER,,0,,1.0,0.0,0.0,0.0,0.0
DIN_00651,DINNER,,0,,0.0,1.0,1.0,1.0,0.0
DIN_00652,DINNER,,1,,0.0,0.0,1.0,1.0,0.0
DIN_00653,DINNER,,0,,0.0,0.0,0.0,0.0,0.0
DIN_00654,DINNER,,0,,1.0,0.0,0.0,0.0,0.0
DIN_00655,DINNER,,1,,0.0,0.0,1.0,1.0,0.0
DIN_00656,DINNER,,1,,0.0,1.0,1.0,1.0,1.0
DIN_00657,DINNER,,0,,0.0,0.0,1.0,0.0,0.0
DIN_00658,DINNER,,0,,0.0,0.0,1.0,0.0,0.0
DIN_00659,DINNER,,1,,0.0,1.0,0.0,0.0,1.0
DIN_00660,DINNER,,0,,0.0,1.0,0.0,0.0,1.0
DIN_00661,DINNER,,1,,0.0,1.0,0.0,1.0,1.0
DIN_00662,DINNER,,0,,0.0,0.0,0.0,0.0,0.0
DIN_00663,DINNER,,1,,0.0,1.0,1.0,1.0,0.0
DIN_00664,DINNER,,1,,0.0,1.0,1.0,1.0,0.0
DIN_00665,DINNER,,1,,0.0,0.0,0.0,1.0,0.0
DIN_00666,DINNER,,1,,0.0,0.0,1.0,1.0,0.0
DIN_00667,DINNER,,0,,1.0,0.0,0.0,0.0,0.0
DIN_00668,DINNER,,1,,0.0,1.0,1.0,0.0,0.0
DIN_00669,DINNER,,1,,0.0,0.0,1.0,0.0,1.0
DIN_00670,DINNER,,0,,0.0,0.0,1.0,0.0,0.0
DIN_00671,DINNER,,0,,1.0,0.0,0.0,0.0,0.0
DIN_00672,DINNER,,0,,0.0,0.0,1.0,0.0,0.0
DIN_00673,DINNER,,0,,0.0,1.0,1.0,1.0,0.0
DIN_00674,DINNER,,0,,0.0,1.0,0.0,0.0,1.0
DIN_00675,DINNER,,0,,0.0,1.0,1.0,1.0,0.0
DIN_00676,DINNER,,1,,0.0,1.0,1.0,0.0,0.0
DIN_00677,DINNER,,0,,0.0,0.0,0.0,1.0,0.0
DIN_00678,DINNER,,1,,0.0,1.0,0.0,0.0,0.0
DIN_00679,DINNER,,1,,0.0,1.0,0.0,0.0,0.0
DIN_00680,DINNER,,0,,1.0,0.0,0.0,0.0,0.0
DIN_00681,DINNER,,0,,1.0,0.0,0.0,0.0,0.0
DIN_00682,DINNER,,0,,0.0,1.0,0.0,1.0,0.0
DIN_00683,DINNER,,1,,0.0,0.0,0.0,0.0,1.0
DIN_00684,DINNER,,1,,0.0,0.0,1.0,0.0,0.0
DIN_00685,DINNER,,1,,0.0,0.0,1.0,1.0,1.0
DIN_00686,DINNER,,0,,1.0,0.0,0.0,0.0,0.0
DIN_00687,DINNER,,1,,0.0,1.0,1.0,1.0,0.0
DIN_00688,DINNER,,1,,0.0,1.0,1.0,1.0,1.0
DIN_00689,DINNER,,1,,0.0,0.0,0.0,1.0,0.0
DIN_00690,DINNER,,0,,1.0,0.0,0.0,0.0,0.0
DIN_00691,DINNER,,0,,0.0,1.0,1.0,1.0,0.0
DIN_00692,DINNER,,1,,0.0,0.0,1.0,1.0,0.0
DIN_00693,DINNER,,1,,0.0,1.0,1.0,1.0,1.0
DIN_00694,DINNER,,0,,1.0,0.0,0.0,0.0,0.0
DIN_00695,DINNER,,1,,0.0,1.0,1.0,1.0,0.0
DIN_00696,DINNER,,1,,0.0,1.0,1.0,1.0,1.0
DIN_00697,DINNER,,1,,0.0,1.0,1.0,1.0,0.0
DIN_00698,DINNER,,1,,0.0,1.0,1.0,1.0,0.0
DIN_00699,DINNER,,0,,0.0,1.0,0.0,0.0,0.0
DIN_00700,DINNER,,1,,0.0,1.0,1.0,0.0,1.0
DIN_00701,DINNER,,1,,0.0,0.0,1.0,1.0,0.0
DIN_00702,DINNER,,1,,0.0,1.0,1.0,0.0,1.0
DIN_00703,DINNER,,1,,0.0,1.0,1.0,1.0,1.0
DIN_00704,DINNER,,1,,0.0,0.0,1.0,1.0,1.0
DIN_00705,DINNER,,1,,0.0,0.0,0.0,0.0,1.0
DIN_00706,DINNER,,1,,0.0,1.0,1.0,0.0,0.0
DIN_00707,DINNER,,1,,0.0,0.0,1.0,1.0,1.0
DIN_00708,DINNER,,0,,0.0,0.0,1.0,0.0,1.0
DIN_00709,DINNER,,1,,0.0,0.0,1.0,0.0,0.0
DIN_00710,DINNER,,1,,0.0,1.0,1.0,0.0,1.0
DIN_00711,DINNER,,1,,0.0,1.0,1.0,1.0,1.0
DIN_00712,DINNER,,1,,0.0,0.0,1.0,1.0,1.0
DIN_00713,DINNER,,1,,0.0,1.0,1.0,1.0,0.0
DIN_00714,DINNER,,1,,0.0,0.0,1.0,0.0,0.0
DIN_00715,DINNER,,1,,0.0,0.0,1.0,1.0,0.0
DIN_00716,DINNER,,0,,0.0,0.0,0.0,0.0,0.0
DIN_00717,DINNER,,0,,0.0,1.0,0.0,0.0,0.0
DIN_00718,DINNER,,0,,0.0,1.0,1.0,0.0,1.0
DIN_00719,DINNER,,0,,1.0,0.0,0.0,0.0,0.0
DIN_00720,DINNER,,0,,0.0,0.0,0.0,0.0,0.0
DIN_00721,DINNER,,1,,0.0,0.0,0.0,0.0,0.0
DIN_00722,DINNER,,1,,0.0,1.0,1.0,1.0,1.0
DIN_00723,DINNER,,0,,1.0,0.0,0.0,0.0,0.0
DIN_00724,DINNER,,1,,0.0,1.0,1.0,1.0,1.0
DIN_00725,DINNER,,0,,0.0,1.0,0.0,0.0,0.0
DIN_00726,DINNER,,1,,0.0,1.0,1.0,0.0,1.0
DIN_00727,DINNER,,1,,0.0,0.0,1.0,1.0,0.0
DIN_00728,DINNER,,1,,0.0,1.0,0.0,0.0,0.0
DIN_00729,DINNER,,1,,0.0,0.0,1.0,0.0,0.0
DIN_00730,DINNER,,1,,0.0,1.0,1.0,0.0,1.0
DIN_00731,DINNER,,1,,0.0,1.0,1.0,0.0,0.0
DIN_00732,DINNER,,0,,1.0,0.0,0.0,0.0,0.0
DIN_00733,DINNER,,0,,0.0,1.0,1.0,0.0,0.0
DIN_00734,DINNER,,1,,0.0,0.0,1.0,0.0,0.0
DIN_00735,DINNER,,1,,0.0,1.0,1.0,0.0,0.0
DIN_00736,DINNER,,0,,0.0,0.0,0.0,1.0,1.0
DIN_00737,DINNER,,0,,0.0,0.0,1.0,0.0,0.0
DIN_00738,DINNER,,0,,0.0,0.0,0.0,1.0,0.0
DIN_00739,DINNER,,1,,0.0,1.0,1.0,1.0,0.0
DIN_00740,DINNER,,1,,0.0,1.0,1.0,0.0,1.0
DIN_00741,DINNER,,1,,0.0,1.0,1.0,0.0,0.0
DIN_00742,DINNER,,1,,0.0,1.0,0.0,0.0,0.0
DIN_00743,DINNER,,1,,0.0,1.0,1.0,1.0,0.0
DIN_00744,DINNER,,1,,0.0,1.0,1.0,1.0,0.0
DIN_00745,DINNER,,1,,0.0,0.0,1.0,0.0,0.0
DIN_00746,DINNER,,0,,0.0,1.0,1.0,0.0,0.0
DIN_00747,DINNER,,0,,0.0,0.0,1.0,0.0,1.0
DIN_00748,DINNER,,0,,0.0,0.0,1.0,1.0,1.0
DIN_00749,DINNER,,1,,0.0,0.0,1.0,1.0,0.0
DIN_00750,DINNER,,1,,0.0,1.0,1.0,1.0,1.0
DIN_00751,DINNER,,1,,0.0,1.0,1.0,1.0,0.0
DIN_00752,DINNER,,1,,0.0,1.0,0.0,1.0,1.0
DIN_00753,DINNER,,1,,0.0,0.0,0.0,1.0,0.0
DIN_00754,DINNER,,0,,1.0,0.0,0.0,0.0,0.0
DIN_00755,DINNER,,1,,0.0,0.0,1.0,0.0,0.0
DIN_00756,DINNER,,0,,0.0,1.0,0.0,0.0,0.0
DIN_00757,DINNER,,0,,0.0,1.0,0.0,0.0,0.0
DIN_00758,DINNER,,0,,1.0,0.0,0.0,0.0,0.0
DIN_00759,DINNER,,0,,0.0,0.0,1.0,0.0,0.0
DIN_00760,DINNER,,1,,0.0,1.0,1.0,1.0,1.0
DIN_00761,DINNER,,1,,0.0,0.0,0.0,1.0,0.0
DIN_00762,DINNER,,0,,0.0,0.0,0.0,1.0,0.0
DIN_00763,DINNER,,0,,0.0,0.0,1.0,0.0,1.0
DIN_00764,DINNER,,1,,0.0,1.0,1.0,0.0,0.0
DIN_00765,DINNER,,1,,0.0,0.0,1.0,1.0,0.0
DIN_00766,DINNER,,0,,0.0,0.0,1.0,0.0,1.0
DIN_00767,DINNER,,1,,0.0,1.0,1.0,1.0,0.0
DIN_00768,DINNER,,0,,0.0,0.0,1.0,0.0,1.0
DIN_00769,DINNER,,0,,0.0,0.0,0.0,0.0,0.0
DIN_00770,DINNER,,1,,0.0,0.0,1.0,1.0,0.0
DIN_00771,DINNER,,0,,0.0,1.0,1.0,1.0,1.0
DIN_00772,DINNER,,0,,1.0,0.0,0.0,0.0,0.0
DIN_00773,DINNER,,0,,0.0,1.0,0.0,0.0,0.0
DIN_00774,DINNER,,1,,0.0,1.0,0.0,0.0,0.0
DIN_00775,DINNER,,1,,0.0,1.0,0.0,0.0,0.0
DIN_00776,DINNER,,0,,0.0,0.0,0.0,1.0,1.0
DIN_00777,DINNER,,0,,1.0,0.0,0.0,0.0,0.0
DIN_00778,DINNER,,1,,0.0,1.0,1.0,1.0,0.0
DIN_00779,DINNER,,0,,0.0,1.0,1.0,1.0,1.0
DIN_00780,DINNER,,1,,0.0,1.0,1.0,0.0,1.0
DIN_00781,DINNER,,1,,0.0,1.0,0.0,0.0,0.0
DIN_00782,DINNER,,0,,0.0,1.0,1.0,1.0,0.0
DIN_00783,DINNER,,1,,0.0,1.0,1.0,1.0,0.0
DIN_00784,DINNER,,1,,0.0,0.0,1.0,0.0,0.0
DIN_00785,DINNER,,1,,0.0,1.0,1.0,0.0,1.0
DIN_00786,DINNER,,1,,0.0,1.0,1.0,0.0,0.0
DIN_00787,DINNER,,1,,0.0,1.0,0.0,0.0,1.0
DIN_00788,DINNER,,0,,1.0,0.0,0.0,0.0,0.0
DIN_00789,DINNER,,1,,0.0,1.0,1.0,0.0,1.0
DIN_00790,DINNER,,0,,0.0,1.0,0.0,0.0,0.0
DIN_00791,DINNER,,0,,1.0,0.0,0.0,0.0,0.0
DIN_00792,DINNER,,1,,0.0,1.0,1.0,1.0,0.0
DIN_00793,DINNER,,0,,1.0,0.0,0.0,0.0,0.0
DIN_00794,DINNER,,1,,0.0,1.0,1.0,0.0,0.0
DIN_00795,DINNER,,1,,0.0,1.0,0.0,1.0,1.0
DIN_00796,DINNER,,0,,0.0,1.0,1.0,1.0,0.0
DIN_00797,DINNER,,1,,0.0,1.0,1.0,1.0,1.0
DIN_00798,DINNER,,0,,1.0,0.0,0.0,0.0,0.0
DIN_00799,DINNER,,0,,0.0,1.0,0.0,0.0,0.0
DIN_00800,DINNER,,0,,0.0,0.0,0.0,1.0,0.0
DIN_00801,DINNER,,1,,0.0,1.0,1.0,1.0,1.0
DIN_00802,DINNER,,0,,0.0,1.0,1.0,0.0,1.0
DIN_00803,DINNER,,1,,0.0,1.0,1.0,1.0,0.0
DIN_00804,DINNER,,0,,0.0,1.0,0.0,1.0,1.0
DIN_00805,DINNER,,0,,1.0,0.0,0.0,0.0,0.0
DIN_00806,DINNER,,0,,0.0,0.0,1.0,0.0,0.0
DIN_00807,DINNER,,1,,0.0,1.0,0.0,1.0,0.0
DIN_00808,DINNER,,1,,0.0,1.0,1.0,0.0,0.0
DIN_00809,DINNER,,1,,0.0,0.0,1.0,0.0,1.0
DIN_00810,DINNER,,1,,0.0,1.0,1.0,0.0,0.0
DIN_00811,DINNER,,0,,0.0,0.0,1.0,1.0,1.0
DIN_00812,DINNER,,1,,0.0,0.0,0.0,0.0,0.0
DIN_00813,DINNER,,0,,0.0,1.0,1.0,0.0,1.0
DIN_00814,DINNER,,1,,0.0,1.0,0.0,0.0,1.0
DIN_00815,DINNER,,0,,0.0,1.0,1.0,1.0,0.0
DIN_00816,DINNER,,1,,0.0,1.0,1.0,1.0,1.0
DIN_00817,DINNER,,0,,0.0,0.0,0.0,0.0,0.0
DIN_00818,DINNER,,0,,0.0,0.0,1.0,1.0,1.0
DIN_00819,DINNER,,0,,0.0,1.0,1.0,0.0,1.0
DIN_00820,DINNER,,0,,0.0,0.0,1.0,1.0,0.0
DIN_00821,DINNER,,1,,0.0,1.0,1.0,0.0,1.0
DIN_00822,DINNER,,1,,0.0,1.0,1.0,1.0,1.0
DIN_00823,DINNER,,0,,1.0,0.0,0.0,0.0,0.0
DIN_00824,DINNER,,0,,0.0,0.0,1.0,0.0,1.0
DIN_00825,DINNER,,0,,1.0,0.0,0.0,0.0,0.0
DIN_00826,DINNER,,1,,0.0,1.0,1.0,1.0,0.0
DIN_00827,DINNER,,1,,0.0,0.0,1.0,0.0,1.0
DIN_00828,DINNER,,1,,0.0,0.0,1.0,0.0,0.0
DIN_00829,DINNER,,0,,1.0,0.0,0.0,0.0,0.0
DIN_00830,DINNER,,1,,0.0,1.0,0.0,0.0,1.0
DIN_00831,DINNER,,1,,0.0,0.0,0.0,1.0,0.0
DIN_00832,DINNER,,1,,0.0,1.0,1.0,0.0,0.0
DIN_00833,DINNER,,0,,0.0,0.0,0.0,1.0,0.0
DIN_00834,DINNER,,1,,0.0,0.0,1.0,0.0,0.0
DIN_00835,DINNER,,1,,0.0,0.0,1.0,0.0,0.0
DIN_00836,DINNER,,1,,0.0,1.0,0.0,0.0,0.0
DIN_00837,DINNER,,1,,0.0,1.0,1.0,1.0,0.0
DIN_00838,DINNER,,1,,0.0,1.0,1.0,1.0,0.0
DIN_00839,DINNER,,0,,0.0,0.0,1.0,0.0,0.0
DIN_00840,DINNER,,1,,0.0,0.0,1.0,1.0,0.0
DIN_00841,DINNER,,0,,0.0,1.0,1.0,1.0,0.0
DIN_00842,DINNER,,0,,0.0,0.0,0.0,0.0,0.0
DIN_00843,DINNER,,1,,0.0,1.0,1.0,1.0,0.0
DIN_00844,DINNER,,0,,0.0,1.0,1.0,1.0,0.0
DIN_00845,DINNER,,0,,0.0,1.0,0.0,1.0,0.0
DIN_00846,DINNER,,0,,0.0,0.0,0.0,0.0,1.0
DIN_00847,DINNER,,1,,0.0,1.0,1.0,1.0,0.0
DIN_00848,DINNER,,1,,0.0,0.0,1.0,0.0,0.0
DIN_00849,DINNER,,0,,0.0,1.0,0.0,0.0,1.0
DIN_00850,DINNER,,1,,0.0,0.0,1.0,1.0,0.0
DIN_00851,DINNER,,0,,0.0,1.0,1.0,1.0,1.0
DIN_00852,DINNER,,0,,0.0,0.0,0.0,1.0,0.0
DIN_00853,DINNER,,1,,0.0,1.0,1.0,0.0,0.0
DIN_00854,DINNER,,0,,0.0,1.0,1.0,0.0,0.0
DIN_00855,DINNER,,0,,0.0,0.0,1.0,0.0,0.0
DIN_00856,DINNER,,1,,0.0,0.0,0.0,0.0,0.0
DIN_00857,DINNER,,1,,0.0,0.0,1.0,1.0,1.0
DIN_00858,DINNER,,0,,0.0,1.0,0.0,0.0,0.0
DIN_00859,DINNER,,0,,0.0,1.0,1.0,0.0,1.0
DIN_00860,DINNER,,1,,0.0,1.0,1.0,1.0,0.0
DIN_00861,DINNER,,0,,1.0,0.0,0.0,0.0,0.0
DIN_00862,DINNER,,1,,0.0,1.0,1.0,0.0,1.0
DIN_00863,DINNER,,0,,1.0,0.0,0.0,0.0,0.0
DIN_00864,DINNER,,1,,0.0,1.0,0.0,0.0,0.0
DIN_00865,DINNER,,1,,0.0,0.0,0.0,0.0,0.0
DIN_00866,DINNER,,1,,0.0,0.0,1.0,0.0,0.0
DIN_00867,DINNER,,0,,0.0,0.0,0.0,1.0,0.0
DIN_00868,DINNER,,0,,0.0,0.0,0.0,0.0,0.0
DIN_00869,DINNER,,0,,1.0,0.0,0.0,0.0,0.0
DIN_00870,DINNER,,1,,0.0,0.0,0.0,0.0,0.0
DIN_00871,DINNER,,1,,0.0,1.0,0.0,1.0,1.0
DIN_00872,DINNER,,1,,0.0,1.0,1.0,0.0,1.0
DIN_00873,DINNER,,1,,0.0,0.0,0.0,0.0,1.0
DIN_00874,DINNER,,1,,0.0,0.0,1.0,0.0,1.0
DIN_00875,DINNER,,1,,0.0,1.0,1.0,0.0,0.0
DIN_00876,DINNER,,1,,0.0,0.0,1.0,1.0,0.0
DIN_00877,DINNER,,0,,1.0,0.0,0.0,0.0,0.0
DIN_00878,DINNER,,1,,0.0,0.0,0.0,1.0,1.0
DIN_00879,DINNER,,1,,0.0,0.0,1.0,1.0,1.0
DIN_00880,DINNER,,0,,0.0,1.0,1.0,1.0,0.0
DIN_00881,DINNER,,0,,0.0,1.0,1.0,1.0,1.0
DIN_00882,DINNER,,0,,0.0,0.0,0.0,1.0,0.0
DIN_00883,DINNER,,1,,0.0,0.0,1.0,1.0,0.0
DIN_00884,DINNER,,1,,0.0,0.0,1.0,1.0,1.0
DIN_00885,DINNER,,0,,0.0,0.0,0.0,0.0,0.0
DIN_00886,DINNER,,0,,0.0,1.0,1.0,1.0,0.0
DIN_00887,DINNER,,1,,0.0,1.0,1.0,1.0,1.0
DIN_00888,DINNER,,0,,1.0,0.0,0.0,0.0,0.0
DIN_00889,DINNER,,1,,0.0,1.0,0.0,0.0,0.0
DIN_00890,DINNER,,1,,0.0,0.0,1.0,1.0,0.0
DIN_00891,DINNER,,1,,0.0,1.0,1.0,1.0,1.0
DIN_00892,DINNER,,1,,0.0,0.0,0.0,0.0,0.0
DIN_00893,DINNER,,1,,0.0,1.0,1.0,0.0,0.0
DIN_00894,DINNER,,0,,0.0,1.0,1.0,1.0,0.0
DIN_00895,DINNER,,0,,0.0,1.0,0.0,0.0,1.0
DIN_00896,DINNER,,1,,0.0,0.0,1.0,0.0,0.0
DIN_00897,DINNER,,0,,1.0,0.0,0.0,0.0,0.0
DIN_00898,DINNER,,1,,0.0,1.0,1.0,0.0,0.0
DIN_00899,DINNER,,1,,0.0,0.0,1.0,0.0,1.0
DIN_00900,DINNER,,0,,0.0,1.0,1.0,1.0,0.0
DIN_00901,DINNER,,0,,0.0,0.0,0.0,1.0,0.0
DIN_00902,DINNER,,0,,0.0,0.0,1.0,1.0,0.0
DIN_00903,DINNER,,0,,0.0,1.0,1.0,1.0,0.0
DIN_00904,DINNER,,1,,0.0,1.0,0.0,1.0,0.0
DIN_00905,DINNER,,1,,0.0,1.0,1.0,1.0,1.0
DIN_00906,DINNER,,1,,0.0,1.0,1.0,1.0,0.0
DIN_00907,DINNER,,0,,1.0,0.0,0.0,0.0,0.0
DIN_00908,DINNER,,0,,1.0,0.0,0.0,0.0,0.0
DIN_00909,DINNER,,1,,0.0,1.0,1.0,0.0,0.0
DIN_00910,DINNER,,1,,0.0,1.0,1.0,0.0,0.0
DIN_00911,DINNER,,0,,0.0,0.0,0.0,1.0,0.0
DIN_00912,DINNER,,0,,0.0,0.0,0.0,0.0,0.0
DIN_00913,DINNER,,0,,1.0,0.0,0.0,0.0,0.0
DIN_00914,DINNER,,1,,0.0,1.0,1.0,1.0,0.0
DIN_00915,DINNER,,1,,0.0,1.0,1.0,0.0,0.0
DIN_00916,DINNER,,0,,0.0,1.0,0.0,1.0,0.0
DIN_00917,DINNER,,1,,0.0,1.0,1.0,0.0,1.0
DIN_00918,DINNER,,0,,1.0,0.0,0.0,0.0,0.0
DIN_00919,DINNER,,1,,0.0,1.0,1.0,1.0,1.0
DIN_00920,DINNER,,0,,0.0,0.0,1.0,0.0,0.0
DIN_00921,DINNER,,0,,1.0,0.0,0.0,0.0,0.0
DIN_00922,DINNER,,0,,0.0,1.0,0.0,0.0,0.0
DIN_00923,DINNER,,1,,0.0,0.0,1.0,0.0,0.0
DIN_00924,DINNER,,1,,0.0,1.0,1.0,0.0,0.0
DIN_00925,DINNER,,1,,0.0,0.0,1.0,0.0,0.0
DIN_00926,DINNER,,1,,0.0,1.0,1.0,0.0,1.0
DIN_00927,DINNER,,1,,0.0,0.0,1.0,0.0,1.0
DIN_00928,DINNER,,0,,1.0,0.0,0.0,0.0,0.0
DIN_00929,DINNER,,0,,0.0,1.0,0.0,0.0,0.0
DIN_00930,DINNER,,0,,0.0,1.0,0.0,0.0,0.0
DIN_00931,DINNER,,1,,0.0,0.0,1.0,0.0,0.0
DIN_00932,DINNER,,0,,0.0,1.0,1.0,1.0,1.0
DIN_00933,DINNER,,1,,0.0,0.0,0.0,0.0,1.0
DIN_00934,DINNER,,1,,0.0,0.0,1.0,1.0,0.0
DIN_00935,DINNER,,1,,0.0,0.0,0.0,1.0,1.0
DIN_00936,DINNER,,0,,1.0,0.0,0.0,0.0,0.0
DIN_00937,DINNER,,1,,0.0,1.0,1.0,0.0,0.0
DIN_00938,DINNER,,0,,0.0,1.0,1.0,1.0,1.0
DIN_00939,DINNER,,1,,0.0,1.0,1.0,1.0,0.0
DIN_00940,DINNER,,1,,0.0,1.0,1.0,0.0,0.0
DIN_00941,DINNER,,1,,0.0,1.0,1.0,0.0,1.0
DIN_00942,DINNER,,0,,1.0,0.0,0.0,0.0,0.0
DIN_00943,DINNER,,0,,0.0,0.0,1.0,0.0,1.0
DIN_00944,DINNER,,0,,0.0,1.0,0.0,1.0,0.0
DIN_00945,DINNER,,0,,0.0,1.0,1.0,1.0,1.0
DIN_00946,DINNER,,0,,0.0,0.0,0.0,0.0,0.0
DIN_00947,DINNER,,1,,0.0,1.0,1.0,0.0,1.0
DIN_00948,DINNER,,1,,0.0,1.0,1.0,1.0,0.0
DIN_00949,DINNER,,0,,1.0,0.0,0.0,0.0,0.0
DIN_00950,DINNER,,1,,0.0,1.0,1.0,0.0,0.0
DIN_00951,DINNER,,0,,0.0,0.0,0.0,0.0,0.0
DIN_00952,DINNER,,0,,0.0,0.0,1.0,0.0,0.0
DIN_00953,DINNER,,0,,1.0,0.0,0.0,0.0,0.0
DIN_00954,DINNER,,0,,0.0,0.0,1.0,1.0,1.0
DIN_00955,DINNER,,0,,0.0,0.0,0.0,0.0,1.0
DIN_00956,DINNER,,0,,1.0,0.0,0.0,0.0,0.0
DIN_00957,DINNER,,0,,1.0,0.0,0.0,0.0,0.0
DIN_00958,DINNER,,1,,0.0,0.0,1.0,1.0,1.0
DIN_00959,DINNER,,1,,0.0,0.0,0.0,0.0,0.0
DIN_00960,DINNER,,1,,0.0,1.0,1.0,0.0,1.0
DIN_00961,DINNER,,1,,0.0,0.0,0.0,1.0,1.0
DIN_00962,DINNER,,1,,0.0,0.0,1.0,0.0,1.0
DIN_00963,DINNER,,0,,1.0,0.0,0.0,0.0,0.0
DIN_00964,DINNER,,1,,0.0,0.0,1.0,1.0,0.0
DIN_00965,DINNER,,1,,0.0,0.0,1.0,1.0,0.0
DIN_00966,DINNER,,1,,0.0,1.0,1.0,1.0,1.0
DIN_00967,DINNER,,0,,1.0,0.0,0.0,0.0,0.0
DIN_00968,DINNER,,1,,0.0,0.0,1.0,1.0,1.0
DIN_00969,DINNER,,0,,1.0,0.0,0.0,0.0,0.0
DIN_00970,DINNER,,0,,1.0,0.0,0.0,0.0,0.0
DIN_00971,DINNER,,0,,1.0,0.0,0.0,0.0,0.0
DIN_00972,DINNER,,0,,0.0,1.0,1.0,0.0,1.0
DIN_00973,DINNER,,1,,0.0,0.0,0.0,0.0,1.0
DIN_00974,DINNER,,1,,0.0,1.0,1.0,1.0,1.0
DIN_00975,DINNER,,1,,0.0,1.0,1.0,1.0,1.0
DIN_00976,DINNER,,0,,0.0,0.0,1.0,1.0,0.0
DIN_00977,DINNER,,1,,0.0,1.0,0.0,1.0,0.0
DIN_00978,DINNER,,0,,0.0,1.0,1.0,1.0,0.0
DIN_00979,DINNER,,0,,0.0,0.0,0.0,0.0,0.0
DIN_00980,DINNER,,0,,0.0,1.0,1.0,1.0,0.0
DIN_00981,DINNER,,0,,0.0,0.0,1.0,1.0,0.0
DIN_00982,DINNER,,0,,0.0,1.0,1.0,0.0,1.0
DIN_00983,DINNER,,1,,0.0,1.0,1.0,1.0,1.0
DIN_00984,DINNER,,0,,0.0,1.0,1.0,0.0,1.0
DIN_00985,DINNER,,1,,0.0,0.0,1.0,0.0,0.0
DIN_00986,DINNER,,0,,0.0,1.0,1.0,1.0,1.0
DIN_00987,DINNER,,1,,0.0,0.0,0.0,1.0,1.0
DIN_00988,DINNER,,1,,0.0,0.0,1.0,1.0,0.0
DIN_00989,DINNER,,0,,0.0,1.0,1.0,1.0,1.0
DIN_00990,DINNER,,0,,1.0,0.0,0.0,0.0,0.0
DIN_00991,DINNER,,0,,1.0,0.0,0.0,0.0,0.0
DIN_00992,DINNER,,0,,0.0,1.0,1.0,1.0,0.0
DIN_00993,DINNER,,0,,0.0,1.0,1.0,1.0,0.0
DIN_00994,DINNER,,1,,0.0,0.0,1.0,0.0,0.0
DIN_00995,DINNER,,1,,0.0,1.0,1.0,0.0,1.0
DIN_00996,DINNER,,0,,0.0,1.0,0.0,0.0,0.0
DIN_00997,DINNER,,1,,0.0,1.0,1.0,1.0,1.0
DIN_00998,DINNER,,0,,0.0,1.0,1.0,0.0,1.0
DIN_00999,DINNER,,1,,0.0,1.0,1.0,0.0,1.0
DIN_01000,DINNER,,0,,0.0,0.0,1.0,0.0,0.0
DIN_01001,DINNER,,0,,0.0,1.0,1.0,1.0,0.0
DIN_01002,DINNER,,1,,0.0,1.0,0.0,1.0,0.0
DIN_01003,DINNER,,1,,0.0,0.0,0.0,1.0,1.0
DIN_01004,DINNER,,1,,0.0,1.0,1.0,0.0,1.0
DIN_01005,DINNER,,0,,1.0,0.0,0.0,0.0,0.0
DIN_01006,DINNER,,0,,1.0,0.0,0.0,0.0,0.0
DIN_01007,DINNER,,0,,0.0,0.0,1.0,0.0,0.0
DIN_01008,DINNER,,1,,0.0,1.0,1.0,1.0,1.0
DIN_01009,DINNER,,1,,0.0,0.0,1.0,0.0,0.0
DIN_01010,DINNER,,1,,0.0,1.0,0.0,0.0,0.0
DIN_01011,DINNER,,0,,1.0,0.0,0.0,0.0,0.0
DIN_01012,DINNER,,1,,0.0,1.0,1.0,0.0,0.0
DIN_01013,DINNER,,1,,0.0,0.0,0.0,1.0,0.0
DIN_01014,DINNER,,0,,0.0,0.0,1.0,0.0,0.0
DIN_01015,DINNER,,0,,0.0,1.0,1.0,1.0,0.0
DIN_01016,DINNER,,0,,0.0,0.0,0.0,0.0,0.0
DIN_01017,DINNER,,1,,0.0,0.0,1.0,0.0,0.0
DIN_01018,DINNER,,0,,1.0,0.0,0.0,0.0,0.0
DIN_01019,DINNER,,1,,0.0,0.0,1.0,1.0,0.0
DIN_01020,DINNER,,0,,0.0,0.0,0.0,0.0,1.0
DIN_01021,DINNER,,1,,0.0,1.0,1.0,0.0,0.0
DIN_01022,DINNER,,0,,0.0,0.0,0.0,1.0,0.0
DIN_01023,DINNER,,1,,0.0,0.0,1.0,0.0,0.0
DIN_01024,DINNER,,0,,0.0,0.0,1.0,1.0,1.0
DIN_01025,DINNER,,0,,0.0,1.0,1.0,0.0,1.0
DIN_01026,DINNER,,1,,0.0,1.0,1.0,0.0,1.0
DIN_01027,DINNER,,1,,0.0,1.0,1.0,1.0,1.0
DIN_01028,DINNER,,1,,0.0,0.0,1.0,1.0,0.0
DIN_01029,DINNER,,1,,0.0,1.0,1.0,0.0,1.0
DIN_01030,DINNER,,0,,0.0,0.0,1.0,1.0,0.0
DIN_01031,DINNER,,0,,0.0,1.0,0.0,0.0,0.0
DIN_01032,DINNER,,0,,1.0,0.0,0.0,0.0,0.0
DIN_01033,DINNER,,0,,0.0,1.0,0.0,0.0,1.0
DIN_01034,DINNER,,1,,0.0,1.0,0.0,1.0,0.0
DIN_01035,DINNER,,0,,0.0,0.0,1.0,0.0,0.0
DIN_01036,DINNER,,1,,0.0,0.0,0.0,0.0,0.0
DIN_01037,DINNER,,0,,0.0,1.0,1.0,0.0,1.0
DIN_01038,DINNER,,1,,0.0,1.0,1.0,1.0,0.0
DIN_01039,DINNER,,1,,0.0,0.0,1.0,0.0,0.0
DIN_01040,DINNER,,0,,0.0,1.0,1.0,0.0,0.0
DIN_01041,DINNER,,0,,0.0,1.0,1.0,0.0,1.0
DIN_01042,DINNER,,1,,0.0,1.0,1.0,1.0,1.0
DIN_01043,DINNER,,1,,0.0,0.0,1.0,0.0,0.0
DIN_01044,DINNER,,0,,1.0,0.0,0.0,0.0,0.0
DIN_01045,DINNER,,1,,0.0,0.0,1.0,0.0,0.0
DIN_01046,DINNER,,1,,0.0,0.0,1.0,1.0,1.0
DIN_01047,DINNER,,0,,0.0,0.0,0.0,1.0,1.0
DIN_01048,DINNER,,0,,1.0,0.0,0.0,0.0,0.0
DIN_01049,DINNER,,1,,0.0,1.0,1.0,0.0,1.0
DIN_01050,DINNER,,1,,0.0,1.0,1.0,0.0,0.0
DIN_01051,DINNER,,1,,0.0,1.0,0.0,0.0,1.0
DIN_01052,DINNER,,1,,0.0,1.0,1.0,0.0,1.0
DIN_01053,DINNER,,0,,1.0,0.0,0.0,0.0,0.0
DIN_01054,DINNER,,0,,0.0,0.0,1.0,0.0,0.0
DIN_01055,DINNER,,1,,0.0,1.0,1.0,0.0,1.0
DIN_01056,DINNER,,1,,0.0,0.0,1.0,0.0,0.0
DIN_01057,DINNER,,1,,0.0,1.0,0.0,0.0,0.0
DIN_01058,DINNER,,0,,0.0,0.0,1.0,0.0,0.0
DIN_01059,DINNER,,1,,0.0,1.0,1.0,1.0,0.0
DIN_01060,DINNER,,0,,1.0,0.0,0.0,0.0,0.0
DIN_01061,DINNER,,1,,0.0,1.0,1.0,0.0,1.0
DIN_01062,DINNER,,1,,0.0,1.0,0.0,0.0,0.0
DIN_01063,DINNER,,1,,0.0,1.0,0.0,0.0,1.0
DIN_01064,DINNER,,0,,0.0,0.0,1.0,1.0,0.0
DIN_01065,DINNER,,0,,0.0,0.0,0.0,0.0,1.0
DIN_01066,DINNER,,0,,1.0,0.0,0.0,0.0,0.0
DIN_01067,DINNER,,1,,0.0,1.0,1.0,1.0,0.0
DIN_01068,DINNER,,0,,1.0,0.0,0.0,0.0,0.0
DIN_01069,DINNER,,0,,0.0,1.0,1.0,1.0,1.0
DIN_01070,DINNER,,1,,0.0,1.0,1.0,1.0,0.0
DIN_01071,DINNER,,1,,0.0,1.0,1.0,1.0,0.0
DIN_01072,DINNER,,1,,0.0,0.0,0.0,0.0,0.0
DIN_01073,DINNER,,1,,0.0,0.0,1.0,0.0,0.0
DIN_01074,DINNER,,0,,0.0,0.0,1.0,0.0,0.0
DIN_01075,DINNER,,0,,1.0,0.0,0.0,0.0,0.0
DIN_01076,DINNER,,0,,0.0,0.0,1.0,0.0,0.0
DIN_01077,DINNER,,1,,0.0,1.0,0.0,1.0,1.0
DIN_01078,DINNER,,0,,0.0,0.0,1.0,0.0,1.0
DIN_01079,DINNER,,0,,0.0,0.0,1.0,0.0,1.0
DIN_01080,DINNER,,1,,0.0,1.0,1.0,0.0,1.0
DIN_01081,DINNER,,1,,0.0,0.0,1.0,0.0,1.0
DIN_01082,DINNER,,0,,0.0,1.0,1.0,1.0,1.0
DIN_01083,DINNER,,1,,0.0,0.0,0.0,0.0,0.0
DIN_01084,DINNER,,0,,0.0,1.0,1.0,0.0,0.0
DIN_01085,DINNER,,1,,0.0,1.0,0.0,0.0,1.0
DIN_01086,DINNER,,0,,0.0,1.0,1.0,0.0,0.0
DIN_01087,DINNER,,1,,0.0,1.0,1.0,1.0,0.0
DIN_01088,DINNER,,1,,0.0,1.0,0.0,0.0,1.0
DIN_01089,DINNER,,1,,0.0,1.0,1.0,0.0,0.0
DIN_01090,DINNER,,0,,0.0,0.0,1.0,0.0,0.0
DIN_01091,DINNER,,1,,0.0,1.0,1.0,0.0,1.0
DIN_01092,DINNER,,1,,0.0,0.0,0.0,0.0,1.0
DIN_01093,DINNER,,0,,0.0,1.0,1.0,1.0,0.0
DIN_01094,DINNER,,1,,0.0,0.0,1.0,1.0,0.0
DIN_01095,DINNER,,1,,0.0,1.0,1.0,0.0,0.0
DIN_01096,DINNER,,1,,0.0,0.0,1.0,0.0,0.0
DIN_01097,DINNER,,1,,0.0,0.0,1.0,1.0,0.0
DIN_01098,DINNER,,1,,0.0,1.0,1.0,1.0,1.0
DIN_01099,DINNER,,1,,0.0,0.0,1.0,0.0,0.0
DIN_01100,DINNER,,0,,1.0,0.0,0.0,0.0,0.0
DIN_01101,DINNER,,0,,1.0,0.0,0.0,0.0,0.0
DIN_01102,DINNER,,1,,0.0,1.0,0.0,0.0,1.0
DIN_01103,DINNER,,1,,0.0,0.0,0.0,0.0,1.0
DIN_01104,DINNER,,0,,0.0,0.0,0.0,0.0,0.0
DIN_01105,DINNER,,1,,0.0,1.0,1.0,1.0,0.0
DIN_01106,DINNER,,0,,0.0,0.0,0.0,1.0,0.0
DIN_01107,DINNER,,0,,0.0,1.0,1.0,1.0,1.0
DIN_01108,DINNER,,1,,0.0,1.0,1.0,0.0,0.0
DIN_01109,DINNER,,1,,0.0,1.0,1.0,0.0,1.0
DIN_01110,DINNER,,1,,0.0,1.0,1.0,1.0,1.0
DIN_01111,DINNER,,1,,0.0,0.0,1.0,0.0,0.0
DIN_01112,DINNER,,1,,0.0,0.0,0.0,1.0,0.0
DIN_01113,DINNER,,0,,0.0,0.0,1.0,1.0,0.0
DIN_01114,DINNER,,1,,0.0,1.0,1.0,0.0,0.0
DIN_01115,DINNER,,1,,0.0,1.0,1.0,1.0,1.0
DIN_01116,DINNER,,0,,1.0,0.0,0.0,0.0,0.0
DIN_01117,DINNER,,0,,0.0,1.0,1.0,1.0,1.0
DIN_01118,DINNER,,1,,0.0,1.0,1.0,1.0,0.0
DIN_01119,DINNER,,1,,0.0,1.0,1.0,0.0,1.0
DIN_01120,DINNER,,0,,0.0,1.0,1.0,0.0,0.0
DIN_01121,DINNER,,1,,0.0,1.0,1.0,0.0,0.0
DIN_01122,DINNER,,1,,0.0,1.0,0.0,0.0,1.0
DIN_01123,DINNER,,0,,0.0,1.0,1.0,0.0,1.0
DIN_01124,DINNER,,1,,0.0,0.0,1.0,1.0,1.0
DIN_01125,DINNER,,0,,0.0,0.0,1.0,0.0,1.0
DIN_01126,DINNER,,0,,0.0,0.0,0.0,1.0,0.0
DIN_01127,DINNER,,1,,0.0,1.0,1.0,1.0,1.0
DIN_01128,DINNER,,0,,0.0,0.0,0.0,1.0,0.0
DIN_01129,DINNER,,1,,0.0,0.0,0.0,0.0,0.0
DIN_01130,DINNER,,0,,0.0,0.0,1.0,1.0,0.0
DIN_01131,DINNER,,0,,0.0,1.0,1.0,0.0,1.0
DIN_01132,DINNER,,0,,1.0,0.0,0.0,0.0,0.0
DIN_01133,DINNER,,0,,0.0,1.0,1.0,1.0,0.0
DIN_01134,DINNER,,1,,0.0,1.0,1.0,1.0,0.0
DIN_01135,DINNER,,1,,0.0,1.0,1.0,1.0,1.0
DIN_01136,DINNER,,1,,0.0,1.0,1.0,0.0,0.0
DIN_01137,DINNER,,0,,0.0,1.0,1.0,0.0,1.0
DIN_01138,DINNER,,1,,0.0,0.0,0.0,0.0,0.0
DIN_01139,DINNER,,1,,0.0,0.0,0.0,1.0,0.0
DIN_01140,DINNER,,1,,0.0,1.0,1.0,1.0,0.0
DIN_01141,DINNER,,0,,0.0,1.0,1.0,0.0,0.0
DIN_01142,DINNER,,0,,0.0,0.0,1.0,1.0,0.0
DIN_01143,DINNER,,1,,0.0,0.0,1.0,1.0,0.0
DIN_01144,DINNER,,1,,0.0,1.0,0.0,1.0,1.0
DIN_01145,DINNER,,0,,1.0,0.0,0.0,0.0,0.0
DIN_01146,DINNER,,1,,0.0,0.0,0.0,0.0,1.0
DIN_01147,DINNER,,1,,0.0,1.0,1.0,1.0,1.0
DIN_01148,DINNER,,0,,0.0,0.0,0.0,0.0,0.0
DIN_01149,DINNER,,0,,0.0,1.0,0.0,0.0,1.0
DIN_01150,DINNER,,1,,0.0,1.0,1.0,0.0,0.0
DIN_01151,DINNER,,1,,0.0,0.0,1.0,1.0,1.0
DIN_01152,DINNER,,1,,0.0,1.0,1.0,1.0,1.0
DIN_01153,DINNER,,1,,0.0,1.0,1.0,1.0,0.0
DIN_01154,DINNER,,1,,0.0,1.0,1.0,0.0,0.0
DIN_01155,DINNER,,0,,0.0,0.0,0.0,0.0,0.0
DIN_01156,DINNER,,1,,0.0,1.0,1.0,1.0,1.0
DIN_01157,DINNER,,1,,0.0,1.0,1.0,0.0,0.0
DIN_01158,DINNER,,1,,0.0,0.0,0.0,0.0,1.0
DIN_01159,DINNER,,1,,0.0,1.0,1.0,0.0,1.0
DIN_01160,DINNER,,1,,0.0,0.0,0.0,0.0,0.0
DIN_01161,DINNER,,0,,1.0,0.0,0.0,0.0,0.0
DIN_01162,DINNER,,1,,0.0,0.0,1.0,1.0,1.0
DIN_01163,DINNER,,0,,0.0,0.0,1.0,0.0,0.0
DIN_01164,DINNER,,0,,1.0,0.0,0.0,0.0,0.0
DIN_01165,DINNER,,0,,0.0,0.0,0.0,0.0,0.0
DIN_01166,DINNER,,1,,0.0,1.0,1.0,0.0,1.0
DIN_01167,DINNER,,0,,0.0,0.0,1.0,0.0,0.0
DIN_01168,DINNER,,1,,0.0,1.0,1.0,0.0,1.0
DIN_01169,DINNER,,1,,0.0,1.0,1.0,0.0,1.0
DIN_01170,DINNER,,0,,0.0,0.0,0.0,0.0,0.0
DIN_01171,DINNER,,1,,0.0,0.0,1.0,1.0,1.0
DIN_01172,DINNER,,0,,0.0,1.0,1.0,1.0,0.0
DIN_01173,DINNER,,1,,0.0,1.0,1.0,0.0,0.0
DIN_01174,DINNER,,1,,0.0,1.0,1.0,1.0,0.0
DIN_01175,DINNER,,1,,0.0,1.0,1.0,1.0,0.0
DIN_01176,DINNER,,1,,0.0,0.0,1.0,1.0,1.0
DIN_01177,DINNER,,1,,0.0,1.0,1.0,0.0,0.0
DIN_01178,DINNER,,0,,0.0,1.0,1.0,0.0,1.0
DIN_01179,DINNER,,0,,0.0,0.0,1.0,0.0,0.0
DIN_01180,DINNER,,0,,0.0,1.0,0.0,0.0,0.0
DIN_01181,DINNER,,1,,0.0,1.0,1.0,1.0,0.0
DIN_01182,DINNER,,0,,0.0,1.0,1.0,0.0,0.0
DIN_01183,DINNER,,0,,1.0,0.0,0.0,0.0,0.0
DIN_01184,DINNER,,1,,0.0,1.0,1.0,1.0,1.0
DIN_01185,DINNER,,1,,0.0,1.0,0.0,0.0,1.0
DIN_01186,DINNER,,0,,0.0,1.0,0.0,0.0,1.0
DIN_01187,DINNER,,0,,0.0,0.0,1.0,0.0,1.0
DIN_01188,DINNER,,0,,1.0,0.0,0.0,0.0,0.0
DIN_01189,DINNER,,0,,0.0,1.0,1.0,0.0,1.0
DIN_01190,DINNER,,0,,1.0,0.0,0.0,0.0,0.0
DIN_01191,DINNER,,1,,0.0,1.0,1.0,1.0,1.0
DIN_01192,DINNER,,1,,0.0,1.0,1.0,0.0,1.0
DIN_01193,DINNER,,0,,1.0,0.0,0.0,0.0,0.0
DIN_01194,DINNER,,0,,0.0,1.0,1.0,1.0,0.0
DIN_01195,DINNER,,1,,0.0,1.0,1.0,0.0,0.0
DIN_01196,DINNER,,1,,0.0,1.0,1.0,0.0,1.0
DIN_01197,DINNER,,1,,0.0,1.0,1.0,0.0,0.0
DIN_01198,DINNER,,0,,0.0,0.0,0.0,0.0,1.0
DIN_01199,DINNER,,0,,0.0,0.0,0.0,0.0,0.0
DIN_01200,DINNER,,1,,0.0,0.0,1.0,1.0,1.0
DIN_01201,DINNER,,1,,0.0,1.0,1.0,0.0,1.0
DIN_01202,DINNER,,1,,0.0,0.0,1.0,0.0,1.0
DIN_01203,DINNER,,0,,1.0,0.0,0.0,0.0,0.0
DIN_01204,DINNER,,0,,0.0,1.0,1.0,0.0,0.0
DIN_01205,DINNER,,0,,0.0,0.0,0.0,0.0,0.0
DIN_01206,DINNER,,1,,0.0,1.0,1.0,1.0,1.0
DIN_01207,DINNER,,0,,0.0,1.0,1.0,0.0,1.0
DIN_01208,DINNER,,0,,0.0,0.0,1.0,0.0,0.0
DIN_01209,DINNER,,0,,0.0,1.0,0.0,0.0,0.0
DIN_01210,DINNER,,0,,0.0,1.0,0.0,0.0,0.0
DIN_01211,DINNER,,1,,0.0,0.0,1.0,0.0,0.0
DIN_01212,DINNER,,0,,0.0,1.0,1.0,0.0,0.0
DIN_01213,DINNER,,0,,0.0,1.0,0.0,0.0,0.0
DIN_01214,DINNER,,1,,0.0,1.0,1.0,0.0,0.0
DIN_01215,DINNER,,1,,0.0,1.0,1.0,0.0,1.0
DIN_01216,DINNER,,0,,0.0,1.0,1.0,0.0,0.0
DIN_01217,DINNER,,1,,0.0,0.0,0.0,0.0,0.0
DIN_01218,DINNER,,1,,0.0,1.0,1.0,0.0,1.0
DIN_01219,DINNER,,1,,0.0,0.0,1.0,0.0,1.0
DIN_01220,DINNER,,1,,0.0,0.0,0.0,0.0,0.0
DIN_01221,DINNER,,0,,1.0,0.0,0.0,0.0,0.0
DIN_01222,DINNER,,0,,1.0,0.0,0.0,0.0,0.0
DIN_01223,DINNER,,1,,0.0,1.0,0.0,0.0,1.0
DIN_01224,DINNER,,0,,0.0,1.0,0.0,1.0,0.0
DIN_01225,DINNER,,1,,0.0,1.0,1.0,1.0,1.0
DIN_01226,DINNER,,1,,0.0,1.0,1.0,0.0,1.0
DIN_01227,DINNER,,0,,0.0,0.0,1.0,1.0,0.0
DIN_01228,DINNER,,0,,0.0,0.0,1.0,0.0,0.0
DIN_01229,DINNER,,1,,0.0,1.0,1.0,0.0,1.0
DIN_01230,DINNER,,1,,0.0,1.0,1.0,0.0,0.0
DIN_01231,DINNER,,0,,0.0,0.0,0.0,0.0,0.0
DIN_01232,DINNER,,1,,0.0,0.0,1.0,0.0,0.0
DIN_01233,DINNER,,1,,0.0,0.0,0.0,1.0,0.0
DIN_01234,DINNER,,1,,0.0,1.0,1.0,0.0,1.0
DIN_01235,DINNER,,1,,0.0,1.0,1.0,1.0,1.0
DIN_01236,DINNER,,1,,0.0,0.0,1.0,0.0,0.0
DIN_01237,DINNER,,1,,0.0,1.0,1.0,1.0,1.0
DIN_01238,DINNER,,1,,0.0,1.0,1.0,0.0,1.0
DIN_01239,DINNER,,1,,0.0,1.0,0.0,1.0,0.0
DIN_01240,DINNER,,1,,0.0,0.0,1.0,0.0,0.0
DIN_01241,DINNER,,0,,1.0,0.0,0.0,0.0,0.0
DIN_01242,DINNER,,0,,1.0,0.0,0.0,0.0,0.0
DIN_01243,DINNER,,1,,0.0,0.0,0.0,1.0,1.0
DIN_01244,DINNER,,0,,0.0,1.0,1.0,1.0,1.0
DIN_01245,DINNER,,1,,0.0,0.0,1.0,0.0,1.0
DIN_01246,DINNER,,0,,1.0,0.0,0.0,0.0,0.0
DIN_01247,DINNER,,1,,0.0,1.0,1.0,1.0,0.0
DIN_01248,DINNER,,1,,0.0,1.0,1.0,1.0,0.0
DIN_01249,DINNER,,1,,0.0,1.0,1.0,1.0,0.0
DIN_01250,DINNER,,1,,0.0,0.0,1.0,0.0,0.0
DIN_01251,DINNER,,1,,0.0,0.0,1.0,1.0,1.0
DIN_01252,DINNER,,1,,0.0,1.0,1.0,1.0,1.0
DIN_01253,DINNER,,1,,0.0,0.0,1.0,0.0,0.0
DIN_01254,DINNER,,1,,0.0,0.0,0.0,0.0,1.0
DIN_01255,DINNER,,0,,1.0,0.0,0.0,0.0,0.0
DIN_01256,DINNER,,1,,0.0,1.0,0.0,0.0,1.0
DIN_01257,DINNER,,0,,1.0,0.0,0.0,0.0,0.0
DIN_01258,DINNER,,0,,0.0,1.0,0.0,0.0,0.0
DIN_01259,DINNER,,0,,0.0,1.0,1.0,1.0,0.0
DIN_01260,DINNER,,0,,0.0,1.0,1.0,0.0,0.0
DIN_01261,DINNER,,1,,0.0,1.0,1.0,0.0,1.0
DIN_01262,DINNER,,1,,0.0,0.0,1.0,0.0,0.0
DIN_01263,DINNER,,0,,0.0,1.0,1.0,0.0,1.0
DIN_01264,DINNER,,0,,0.0,0.0,0.0,0.0,0.0
DIN_01265,DINNER,,1,,0.0,1.0,0.0,0.0,1.0
DIN_01266,DINNER,,1,,0.0,0.0,1.0,0.0,0.0
DIN_01267,DINNER,,1,,0.0,1.0,1.0,0.0,1.0
DIN_01268,DINNER,,1,,0.0,1.0,0.0,0.0,0.0
DIN_01269,DINNER,,1,,0.0,1.0,0.0,0.0,0.0
DIN_01270,DINNER,,0,,0.0,1.0,0.0,0.0,1.0
DIN_01271,DINNER,,0,,1.0,0.0,0.0,0.0,0.0
DIN_01272,DINNER,,1,,0.0,0.0,1.0,0.0,0.0
DIN_01273,DINNER,,1,,0.0,0.0,1.0,1.0,1.0
DIN_01274,DINNER,,0,,1.0,0.0,0.0,0.0,0.0
DIN_01275,DINNER,,1,,0.0,1.0,1.0,0.0,1.0
DIN_01276,DINNER,,1,,0.0,0.0,1.0,0.0,1.0
DIN_01277,DINNER,,0,,0.0,1.0,0.0,1.0,0.0
DIN_01278,DINNER,,0,,0.0,1.0,1.0,1.0,0.0
DIN_01279,DINNER,,0,,1.0,0.0,0.0,0.0,0.0
DIN_01280,DINNER,,0,,0.0,1.0,0.0,0.0,0.0
DIN_01281,DINNER,,1,,0.0,1.0,1.0,0.0,0.0
DIN_01282,DINNER,,0,,0.0,1.0,0.0,0.0,0.0
DIN_01283,DINNER,,1,,0.0,1.0,1.0,0.0,1.0
DIN_01284,DINNER,,0,,0.0,0.0,1.0,0.0,0.0
DIN_01285,DINNER,,1,,0.0,0.0,1.0,0.0,0.0
DIN_01286,DINNER,,1,,0.0,0.0,1.0,1.0,0.0
DIN_01287,DINNER,,0,,0.0,1.0,1.0,0.0,1.0
DIN_01288,DINNER,,1,,0.0,1.0,1.0,1.0,1.0
DIN_01289,DINNER,,1,,0.0,1.0,1.0,0.0,0.0
DIN_01290,DINNER,,1,,0.0,0.0,0.0,0.0,0.0
DIN_01291,DINNER,,0,,0.0,0.0,0.0,0.0,0.0
DIN_01292,DINNER,,1,,0.0,1.0,1.0,0.0,1.0
DIN_01293,DINNER,,1,,0.0,0.0,1.0,0.0,0.0
DIN_01294,DINNER,,1,,0.0,0.0,1.0,0.0,0.0
DIN_01295,DINNER,,1,,0.0,1.0,1.0,0.0,0.0
DIN_01296,DINNER,,1,,0.0,0.0,0.0,0.0,0.0
DIN_01297,DINNER,,1,,0.0,0.0,1.0,1.0,0.0
DIN_01298,DINNER,,0,,0.0,1.0,1.0,0.0,1.0
DIN_01299,DINNER,,1,,0.0,0.0,0.0,1.0,0.0
DIN_01300,DINNER,,1,,0.0,0.0,1.0,1.0,0.0
DIN_01301,DINNER,,0,,0.0,1.0,1.0,1.0,1.0
DIN_01302,DINNER,,0,,0.0,1.0,1.0,1.0,0.0
DIN_01303,DINNER,,1,,0.0,1.0,1.0,0.0,1.0
DIN_01304,DINNER,,1,,0.0,1.0,1.0,0.0,1.0
DIN_01305,DINNER,,1,,0.0,1.0,1.0,0.0,1.0
DIN_01306,DINNER,,0,,0.0,1.0,1.0,0.0,0.0
DIN_01307,DINNER,,0,,0.0,0.0,1.0,1.0,0.0
DIN_01308,DINNER,,0,,1.0,0.0,0.0,0.0,0.0
DIN_01309,DINNER,,0,,0.0,1.0,1.0,0.0,1.0
DIN_01310,DINNER,,0,,1.0,0.0,0.0,0.0,0.0
DIN_01311,DINNER,,0,,0.0,0.0,0.0,1.0,0.0
DIN_01312,DINNER,,1,,0.0,1.0,1.0,1.0,0.0
DIN_01313,DINNER,,1,,0.0,0.0,1.0,0.0,0.0
DIN_01314,DINNER,,1,,0.0,1.0,1.0,1.0,1.0
DIN_01315,DINNER,,1,,0.0,1.0,1.0,0.0,1.0
DIN_01316,DINNER,,0,,0.0,1.0,1.0,0.0,0.0
DIN_01317,DINNER,,0,,0.0,0.0,1.0,1.0,1.0
DIN_01318,DINNER,,1,,0.0,0.0,1.0,1.0,1.0
DIN_01319,DINNER,,1,,0.0,1.0,1.0,0.0,0.0
DIN_01320,DINNER,,0,,0.0,0.0,0.0,0.0,0.0
DIN_01321,DINNER,,1,,0.0,0.0,1.0,1.0,1.0
DIN_01322,DINNER,,0,,0.0,1.0,1.0,1.0,1.0
DIN_01323,DINNER,,0,,0.0,0.0,0.0,0.0,0.0
DIN_01324,DINNER,,1,,0.0,1.0,1.0,0.0,1.0
DIN_01325,DINNER,,0,,0.0,1.0,1.0,0.0,0.0
DIN_01326,DINNER,,0,,1.0,0.0,0.0,0.0,0.0
DIN_01327,DINNER,,0,,0.0,0.0,1.0,0.0,1.0
DIN_01328,DINNER,,1,,0.0,1.0,1.0,0.0,1.0
DIN_01329,DINNER,,0,,0.0,0.0,1.0,0.0,0.0
DIN_01330,DINNER,,0,,0.0,0.0,1.0,1.0,1.0
DIN_01331,DINNER,,0,,1.0,0.0,0.0,0.0,0.0
DIN_01332,DINNER,,0,,0.0,0.0,1.0,1.0,0.0
DIN_01333,DINNER,,0,,0.0,1.0,1.0,1.0,1.0
DIN_01334,DINNER,,0,,0.0,1.0,1.0,1.0,1.0
DIN_01335,DINNER,,1,,0.0,1.0,1.0,0.0,1.0
DIN_01336,DINNER,,1,,0.0,1.0,1.0,1.0,1.0
DIN_01337,DINNER,,1,,0.0,0.0,0.0,0.0,1.0
DIN_01338,DINNER,,0,,0.0,0.0,0.0,0.0,0.0
DIN_01339,DINNER,,1,,0.0,0.0,1.0,0.0,0.0
DIN_01340,DINNER,,0,,0.0,1.0,0.0,0.0,1.0
DIN_01341,DINNER,,1,,0.0,1.0,0.0,0.0,0.0
DIN_01342,DINNER,,1,,0.0,1.0,1.0,0.0,1.0
DIN_01343,DINNER,,1,,0.0,1.0,1.0,1.0,0.0
DIN_01344,DINNER,,0,,0.0,0.0,0.0,1.0,0.0
DIN_01345,DINNER,,1,,0.0,1.0,1.0,1.0,0.0
DIN_01346,DINNER,,1,,0.0,1.0,1.0,1.0,0.0
DIN_01347,DINNER,,1,,0.0,1.0,1.0,1.0,0.0
DIN_01348,DINNER,,1,,0.0,1.0,1.0,1.0,1.0
DIN_01349,DINNER,,1,,0.0,0.0,0.0,0.0,0.0
DIN_01350,DINNER,,1,,0.0,1.0,0.0,0.0,1.0
DIN_01351,DINNER,,0,,0.0,1.0,1.0,1.0,1.0
DIN_01352,DINNER,,1,,0.0,1.0,1.0,0.0,1.0
DIN_01353,DINNER,,1,,0.0,0.0,0.0,0.0,0.0
DIN_01354,DINNER,,0,,0.0,1.0,0.0,0.0,1.0
DIN_01355,DINNER,,0,,0.0,1.0,1.0,0.0,0.0
DIN_01356,DINNER,,1,,0.0,1.0,0.0,0.0,0.0
DIN_01357,DINNER,,1,,0.0,0.0,1.0,0.0,1.0
DIN_01358,DINNER,,0,,0.0,0.0,1.0,0.0,0.0
DIN_01359,DINNER,,1,,0.0,1.0,1.0,0.0,1.0
DIN_01360,DINNER,,0,,0.0,0.0,1.0,0.0,0.0
DIN_01361,DINNER,,1,,0.0,1.0,1.0,0.0,1.0
DIN_01362,DINNER,,0,,0.0,0.0,0.0,0.0,0.0
DIN_01363,DINNER,,1,,0.0,0.0,1.0,0.0,1.0
DIN_01364,DINNER,,0,,0.0,1.0,1.0,0.0,1.0
DIN_01365,DINNER,,0,,0.0,1.0,0.0,0.0,0.0
DIN_01366,DINNER,,0,,0.0,1.0,1.0,1.0,0.0
DIN_01367,DINNER,,0,,0.0,0.0,0.0,0.0,0.0
DIN_01368,DINNER,,1,,0.0,1.0,1.0,0.0,1.0
DIN_01369,DINNER,,0,,1.0,0.0,0.0,0.0,0.0
DIN_01370,DINNER,,1,,0.0,1.0,1.0,1.0,1.0
DIN_01371,DINNER,,0,,1.0,0.0,0.0,0.0,0.0
DIN_01372,DINNER,,0,,0.0,0.0,0.0,1.0,0.0
DIN_01373,DINNER,,0,,0.0,0.0,1.0,0.0,0.0
DIN_01374,DINNER,,0,,1.0,0.0,0.0,0.0,0.0
DIN_01375,DINNER,,0,,0.0,1.0,1.0,1.0,0.0
DIN_01376,DINNER,,1,,0.0,0.0,1.0,0.0,0.0
DIN_01377,DINNER,,0,,0.0,1.0,1.0,0.0,1.0
DIN_01378,DINNER,,0,,0.0,1.0,0.0,1.0,0.0
DIN_01379,DINNER,,0,,0.0,1.0,1.0,1.0,1.0
DIN_01380,DINNER,,0,,1.0,0.0,0.0,0.0,0.0
DIN_01381,DINNER,,0,,0.0,1.0,0.0,1.0,0.0
DIN_01382,DINNER,,0,,1.0,0.0,0.0,0.0,0.0
DIN_01383,DINNER,,1,,0.0,1.0,1.0,1.0,0.0
DIN_01384,DINNER,,0,,0.0,0.0,1.0,0.0,0.0
DIN_01385,DINNER,,0,,0.0,1.0,1.0,0.0,0.0
DIN_01386,DINNER,,1,,0.0,1.0,0.0,0.0,0.0
DIN_01387,DINNER,,0,,0.0,0.0,1.0,1.0,0.0
DIN_01388,DINNER,,1,,0.0,1.0,0.0,0.0,1.0
DIN_01389,DINNER,,0,,0.0,1.0,1.0,1.0,1.0
DIN_01390,DINNER,,1,,0.0,0.0,1.0,0.0,1.0
DIN_01391,DINNER,,1,,0.0,0.0,0.0,0.0,1.0
DIN_01392,DINNER,,1,,0.0,0.0,1.0,0.0,1.0
DIN_01393,DINNER,,1,,0.0,1.0,1.0,1.0,0.0
DIN_01394,DINNER,,1,,0.0,0.0,0.0,0.0,1.0
DIN_01395,DINNER,,0,,0.0,1.0,1.0,1.0,0.0
DIN_01396,DINNER,,0,,0.0,0.0,1.0,1.0,0.0
DIN_01397,DINNER,,1,,0.0,0.0,1.0,0.0,0.0
DIN_01398,DINNER,,1,,0.0,0.0,1.0,0.0,1.0
DIN_01399,DINNER,,1,,0.0,1.0,0.0,0.0,1.0
DIN_01400,DINNER,,1,,0.0,1.0,0.0,0.0,0.0
DIN_01401,DINNER,,1,,0.0,1.0,1.0,1.0,1.0
DIN_01402,DINNER,,0,,1.0,0.0,0.0,0.0,0.0
DIN_01403,DINNER,,0,,1.0,0.0,0.0,0.0,0.0
DIN_01404,DINNER,,0,,0.0,0.0,1.0,1.0,1.0
DIN_01405,DINNER,,1,,0.0,1.0,1.0,0.0,1.0
DIN_01406,DINNER,,1,,0.0,1.0,1.0,1.0,0.0
DIN_01407,DINNER,,0,,0.0,1.0,0.0,0.0,0.0
DIN_01408,DINNER,,1,,0.0,1.0,1.0,1.0,1.0
DIN_01409,DINNER,,1,,0.0,1.0,1.0,0.0,1.0
DIN_01410,DINNER,,0,,0.0,1.0,1.0,0.0,1.0
DIN_01411,DINNER,,0,,0.0,1.0,1.0,0.0,0.0
DIN_01412,DINNER,,0,,0.0,0.0,0.0,0.0,0.0
DIN_01413,DINNER,,0,,0.0,1.0,1.0,1.0,1.0
DIN_01414,DINNER,,0,,0.0,1.0,1.0,1.0,1.0
DIN_01415,DINNER,,1,,0.0,0.0,0.0,1.0,0.0
DIN_01416,DINNER,,1,,0.0,0.0,1.0,0.0,1.0
DIN_01417,DINNER,,1,,0.0,1.0,0.0,0.0,0.0
DIN_01418,DINNER,,1,,0.0,0.0,1.0,0.0,0.0
DIN_01419,DINNER,,0,,0.0,1.0,1.0,1.0,0.0
DIN_01420,DINNER,,1,,0.0,1.0,1.0,0.0,1.0
DIN_01421,DINNER,,1,,0.0,0.0,0.0,0.0,0.0
DIN_01422,DINNER,,0,,0.0,1.0,1.0,0.0,1.0
DIN_01423,DINNER,,0,,0.0,1.0,1.0,0.0,0.0
DIN_01424,DINNER,,0,,0.0,0.0,0.0,0.0,0.0
DIN_01425,DINNER,,0,,0.0,0.0,1.0,1.0,1.0
DIN_01426,DINNER,,1,,0.0,1.0,1.0,0.0,0.0
DIN_01427,DINNER,,1,,0.0,1.0,1.0,0.0,0.0
DIN_01428,DINNER,,1,,0.0,1.0,1.0,1.0,0.0
DIN_01429,DINNER,,0,,1.0,0.0,0.0,0.0,0.0
DIN_01430,DINNER,,0,,0.0,1.0,1.0,1.0,1.0
DIN_01431,DINNER,,0,,0.0,1.0,0.0,0.0,0.0
DIN_01432,DINNER,,1,,0.0,1.0,1.0,1.0,1.0
DIN_01433,DINNER,,0,,0.0,1.0,1.0,0.0,0.0
DIN_01434,DINNER,,0,,0.0,1.0,1.0,0.0,0.0
DIN_01435,DINNER,,0,,1.0,0.0,0.0,0.0,0.0
DIN_01436,DINNER,,1,,0.0,1.0,1.0,0.0,0.0
DIN_01437,DINNER,,0,,0.0,0.0,0.0,0.0,0.0
DIN_01438,DINNER,,0,,0.0,1.0,1.0,1.0,1.0
DIN_01439,DINNER,,1,,0.0,1.0,1.0,1.0,0.0
DIN_01440,DINNER,,0,,0.0,1.0,1.0,0.0,0.0
DIN_01441,DINNER,,1,,0.0,0.0,1.0,1.0,0.0
DIN_01442,DINNER,,0,,1.0,0.0,0.0,0.0,0.0
DIN_01443,DINNER,,0,,0.0,0.0,1.0,1.0,0.0
DIN_01444,DINNER,,1,,0.0,0.0,1.0,1.0,0.0
DIN_01445,DINNER,,0,,0.0,1.0,1.0,0.0,0.0
DIN_01446,DINNER,,0,,0.0,0.0,0.0,1.0,1.0
DIN_01447,DINNER,,1,,0.0,1.0,1.0,1.0,1.0
DIN_01448,DINNER,,0,,0.0,0.0,0.0,0.0,0.0
DIN_01449,DINNER,,0,,0.0,0.0,1.0,0.0,1.0
DIN_01450,DINNER,,1,,0.0,1.0,1.0,0.0,0.0
DIN_01451,DINNER,,1,,0.0,0.0,1.0,1.0,1.0
DIN_01452,DINNER,,1,,0.0,1.0,1.0,0.0,1.0
DIN_01453,DINNER,,0,,0.0,0.0,0.0,0.0,1.0
DIN_01454,DINNER,,1,,0.0,1.0,1.0,0.0,1.0
DIN_01455,DINNER,,1,,0.0,0.0,0.0,0.0,1.0
DIN_01456,DINNER,,0,,0.0,1.0,1.0,1.0,1.0
DIN_01457,DINNER,,0,,1.0,0.0,0.0,0.0,0.0
DIN_01458,DINNER,,1,,0.0,0.0,0.0,1.0,1.0
DIN_01459,DINNER,,1,,0.0,1.0,1.0,1.0,0.0
DIN_01460,DINNER,,1,,0.0,1.0,1.0,0.0,0.0
DIN_01461,DINNER,,1,,0.0,1.0,1.0,1.0,1.0
DIN_01462,DINNER,,0,,0.0,1.0,0.0,1.0,0.0
DIN_01463,DINNER,,0,,1.0,0.0,0.0,0.0,0.0
DIN_01464,DINNER,,0,,0.0,0.0,0.0,1.0,0.0
DIN_01465,DINNER,,0,,1.0,0.0,0.0,0.0,0.0
DIN_01466,DINNER,,0,,0.0,1.0,1.0,0.0,1.0
DIN_01467,DINNER,,1,,0.0,0.0,1.0,1.0,0.0
DIN_01468,DINNER,,0,,0.0,1.0,0.0,1.0,1.0
DIN_01469,DINNER,,1,,0.0,0.0,1.0,0.0,0.0
DIN_01470,DINNER,,0,,0.0,1.0,0.0,1.0,1.0
DIN_01471,DINNER,,1,,0.0,1.0,1.0,1.0,1.0
DIN_01472,DINNER,,1,,0.0,1.0,1.0,1.0,0.0
DIN_01473,DINNER,,0,,0.0,0.0,1.0,1.0,0.0
DIN_01474,DINNER,,1,,0.0,1.0,1.0,0.0,1.0
DIN_01475,DINNER,,0,,0.0,1.0,1.0,0.0,0.0
DIN_01476,DINNER,,1,,0.0,0.0,0.0,1.0,0.0
DIN_01477,DINNER,,1,,0.0,1.0,1.0,1.0,1.0
DIN_01478,DINNER,,1,,0.0,0.0,1.0,1.0,0.0
DIN_01479,DINNER,,0,,0.0,0.0,0.0,0.0,0.0
DIN_01480,DINNER,,1,,0.0,0.0,1.0,0.0,0.0
DIN_01481,DINNER,,1,,0.0,1.0,1.0,0.0,1.0
DIN_01482,DINNER,,0,,0.0,1.0,1.0,0.0,1.0
DIN_01483,DINNER,,0,,0.0,1.0,0.0,0.0,0.0
DIN_01484,DINNER,,1,,0.0,0.0,0.0,0.0,1.0
DIN_01485,DINNER,,0,,0.0,1.0,1.0,1.0,1.0
DIN_01486,DINNER,,0,,1.0,0.0,0.0,0.0,0.0
DIN_01487,DINNER,,1,,0.0,0.0,1.0,1.0,1.0
DIN_01488,DINNER,,0,,0.0,1.0,1.0,1.0,0.0
DIN_01489,DINNER,,0,,0.0,1.0,1.0,1.0,1.0
DIN_01490,DINNER,,0,,1.0,0.0,0.0,0.0,0.0
DIN_01491,DINNER,,1,,0.0,0.0,1.0,0.0,1.0
DIN_01492,DINNER,,1,,0.0,1.0,0.0,0.0,1.0
DIN_01493,DINNER,,1,,0.0,1.0,1.0,1.0,0.0
DIN_01494,DINNER,,1,,0.0,1.0,0.0,0.0,0.0
DIN_01495,DINNER,,0,,0.0,1.0,0.0,1.0,0.0
DIN_01496,DINNER,,0,,0.0,0.0,0.0,0.0,0.0
DIN_01497,DINNER,,1,,0.0,1.0,1.0,1.0,0.0
DIN_01498,DINNER,,1,,0.0,0.0,0.0,1.0,0.0
DIN_01499,DINNER,,0,,1.0,0.0,0.0,0.0,0.0
DIN_01500,DINNER,,1,,0.0,1.0,1.0,1.0,0.0
DIN_01501,DINNER,,0,,1.0,0.0,0.0,0.0,0.0
DIN_01502,DINNER,,1,,0.0,1.0,1.0,1.0,0.0
DIN_01503,DINNER,,0,,0.0,0.0,1.0,0.0,0.0
DIN_01504,DINNER,,0,,1.0,0.0,0.0,0.0,0.0
DIN_01505,DINNER,,0,,0.0,1.0,1.0,0.0,0.0
DIN_01506,DINNER,,0,,0.0,0.0,1.0,1.0,0.0
DIN_01507,DINNER,,1,,0.0,1.0,1.0,0.0,0.0
DIN_01508,DINNER,,0,,0.0,0.0,1.0,1.0,0.0
DIN_01509,DINNER,,1,,0.0,0.0,1.0,0.0,0.0
DIN_01510,DINNER,,1,,0.0,0.0,1.0,1.0,0.0
DIN_01511,DINNER,,1,,0.0,1.0,1.0,0.0,1.0
DIN_01512,DINNER,,1,,0.0,1.0,1.0,0.0,1.0
DIN_01513,DINNER,,1,,0.0,1.0,1.0,0.0,0.0
DIN_01514,DINNER,,0,,0.0,1.0,1.0,1.0,0.0
DIN_01515,DINNER,,1,,0.0,1.0,1.0,1.0,0.0
DIN_01516,DINNER,,0,,0.0,0.0,1.0,0.0,0.0
DIN_01517,DINNER,,1,,0.0,1.0,1.0,0.0,1.0
DIN_01518,DINNER,,1,,0.0,0.0,1.0,1.0,0.0
DIN_01519,DINNER,,1,,0.0,1.0,1.0,1.0,1.0
DIN_01520,DINNER,,1,,0.0,1.0,1.0,1.0,1.0
DIN_01521,DINNER,,0,,0.0,0.0,1.0,1.0,1.0
DIN_01522,DINNER,,1,,0.0,1.0,1.0,0.0,0.0
DIN_01523,DINNER,,1,,0.0,1.0,1.0,1.0,1.0
DIN_01524,DINNER,,0,,1.0,0.0,0.0,0.0,0.0
DIN_01525,DINNER,,0,,0.0,1.0,1.0,1.0,0.0
DIN_01526,DINNER,,0,,0.0,1.0,1.0,1.0,0.0
DIN_01527,DINNER,,1,,0.0,1.0,0.0,0.0,0.0
DIN_01528,DINNER,,0,,0.0,0.0,0.0,0.0,1.0
DIN_01529,DINNER,,1,,0.0,1.0,0.0,0.0,1.0
DIN_01530,DINNER,,1,,0.0,1.0,1.0,0.0,1.0
DIN_01531,DINNER,,1,,0.0,1.0,1.0,0.0,0.0
DIN_01532,DINNER,,1,,0.0,1.0,1.0,0.0,0.0
DIN_01533,DINNER,,0,,0.0,0.0,1.0,1.0,0.0
DIN_01534,DINNER,,1,,0.0,1.0,1.0,0.0,1.0
DIN_01535,DINNER,,1,,0.0,1.0,0.0,0.0,1.0
DIN_01536,DINNER,,0,,0.0,1.0,1.0,1.0,1.0
DIN_01537,DINNER,,0,,1.0,0.0,0.0,0.0,0.0
DIN_01538,DINNER,,1,,0.0,1.0,1.0,1.0,1.0
DIN_01539,DINNER,,0,,0.0,1.0,1.0,0.0,0.0
DIN_01540,DINNER,,0,,1.0,0.0,0.0,0.0,0.0
DIN_01541,DINNER,,1,,0.0,1.0,1.0,0.0,0.0
DIN_01542,DINNER,,1,,0.0,1.0,1.0,1.0,1.0
DIN_01543,DINNER,,1,,0.0,0.0,1.0,1.0,0.0
DIN_01544,DINNER,,0,,0.0,0.0,0.0,0.0,0.0
DIN_01545,DINNER,,1,,0.0,0.0,1.0,0.0,1.0
DIN_01546,DINNER,,1,,0.0,0.0,1.0,1.0,1.0
DIN_01547,DINNER,,0,,1.0,0.0,0.0,0.0,0.0
DIN_01548,DINNER,,0,,0.0,1.0,1.0,1.0,0.0
DIN_01549,DINNER,,1,,0.0,0.0,1.0,0.0,0.0
DIN_01550,DINNER,,0,,0.0,1.0,1.0,1.0,1.0
DIN_01551,DINNER,,1,,0.0,1.0,0.0,0.0,0.0
DIN_01552,DINNER,,0,,0.0,0.0,1.0,0.0,1.0
DIN_01553,DINNER,,0,,0.0,0.0,0.0,0.0,1.0
DIN_01554,DINNER,,1,,0.0,1.0,1.0,1.0,1.0
DIN_01555,DINNER,,1,,0.0,0.0,1.0,0.0,1.0
DIN_01556,DINNER,,0,,1.0,0.0,0.0,0.0,0.0
DIN_01557,DINNER,,1,,0.0,1.0,1.0,0.0,1.0
DIN_01558,DINNER,,1,,0.0,1.0,0.0,0.0,0.0
DIN_01559,DINNER,,0,,1.0,0.0,0.0,0.0,0.0
DIN_01560,DINNER,,1,,0.0,1.0,1.0,1.0,1.0
DIN_01561,DINNER,,0,,0.0,1.0,1.0,1.0,0.0
DIN_01562,DINNER,,1,,0.0,1.0,1.0,0.0,1.0
DIN_01563,DINNER,,1,,0.0,0.0,0.0,0.0,1.0
DIN_01564,DINNER,,0,,0.0,1.0,0.0,1.0,0.0
DIN_01565,DINNER,,1,,0.0,0.0,1.0,1.0,1.0
DIN_01566,DINNER,,1,,0.0,1.0,1.0,1.0,0.0
DIN_01567,DINNER,,0,,0.0,1.0,0.0,0.0,0.0
DIN_01568,DINNER,,0,,0.0,1.0,1.0,1.0,0.0
DIN_01569,DINNER,,1,,0.0,1.0,0.0,1.0,1.0
DIN_01570,DINNER,,0,,1.0,0.0,0.0,0.0,0.0
DIN_01571,DINNER,,1,,0.0,0.0,1.0,0.0,0.0
DIN_01572,DINNER,,0,,0.0,1.0,0.0,0.0,1.0
DIN_01573,DINNER,,1,,0.0,1.0,0.0,0.0,1.0
DIN_01574,DINNER,,1,,0.0,1.0,1.0,1.0,1.0
DIN_01575,DINNER,,0,,0.0,0.0,1.0,1.0,1.0
DIN_01576,DINNER,,1,,0.0,1.0,0.0,1.0,0.0
DIN_01577,DINNER,,1,,0.0,1.0,1.0,1.0,0.0
DIN_01578,DINNER,,1,,0.0,1.0,1.0,0.0,1.0
DIN_01579,DINNER,,0,,1.0,0.0,0.0,0.0,0.0
DIN_01580,DINNER,,1,,0.0,1.0,1.0,0.0,1.0
DIN_01581,DINNER,,0,,1.0,0.0,0.0,0.0,0.0
DIN_01582,DINNER,,0,,0.0,1.0,0.0,0.0,1.0
DIN_01583,DINNER,,1,,0.0,1.0,1.0,0.0,0.0
DIN_01584,DINNER,,0,,0.0,1.0,1.0,0.0,0.0
DIN_01585,DINNER,,0,,0.0,0.0,1.0,0.0,0.0
DIN_01586,DINNER,,0,,1.0,0.0,0.0,0.0,0.0
DIN_01587,DINNER,,1,,0.0,1.0,1.0,0.0,1.0
DIN_01588,DINNER,,1,,0.0,0.0,0.0,0.0,0.0
DIN_01589,DINNER,,0,,0.0,1.0,0.0,1.0,0.0
DIN_01590,DINNER,,1,,0.0,1.0,1.0,1.0,0.0
DIN_01591,DINNER,,1,,0.0,0.0,1.0,0.0,1.0
DIN_01592,DINNER,,1,,0.0,1.0,1.0,0.0,1.0
DIN_01593,DINNER,,1,,0.0,1.0,1.0,0.0,0.0
DIN_01594,DINNER,,0,,0.0,1.0,1.0,0.0,1.0
DIN_01595,DINNER,,1,,0.0,1.0,1.0,0.0,1.0
DIN_01596,DINNER,,0,,1.0,0.0,0.0,0.0,0.0
DIN_01597,DINNER,,0,,0.0,0.0,1.0,0.0,0.0
DIN_01598,DINNER,,0,,0.0,1.0,1.0,1.0,1.0
DIN_01599,DINNER,,1,,0.0,0.0,1.0,1.0,1.0
DIN_01600,DINNER,,0,,0.0,1.0,0.0,1.0,1.0
DIN_01601,DINNER,,1,,0.0,1.0,1.0,1.0,0.0
DIN_01602,DINNER,,0,,0.0,0.0,1.0,1.0,0.0
DIN_01603,DINNER,,1,,0.0,0.0,1.0,1.0,0.0
DIN_01604,DINNER,,1,,0.0,1.0,0.0,1.0,1.0
DIN_01605,DINNER,,1,,0.0,0.0,1.0,0.0,0.0
DIN_01606,DINNER,,0,,0.0,0.0,1.0,0.0,1.0
DIN_01607,DINNER,,0,,0.0,0.0,1.0,0.0,0.0
DIN_01608,DINNER,,0,,0.0,1.0,1.0,1.0,1.0
DIN_01609,DINNER,,0,,0.0,1.0,0.0,0.0,1.0
DIN_01610,DINNER,,0,,0.0,1.0,1.0,1.0,1.0
DIN_01611,DINNER,,0,,1.0,0.0,0.0,0.0,0.0
DIN_01612,DINNER,,0,,0.0,0.0,0.0,1.0,0.0
DIN_01613,DINNER,,0,,0.0,1.0,1.0,0.0,1.0
DIN_01614,DINNER,,0,,0.0,1.0,1.0,0.0,1.0
DIN_01615,DINNER,,1,,0.0,1.0,1.0,0.0,1.0
DIN_01616,DINNER,,1,,0.0,0.0,1.0,1.0,0.0
DIN_01617,DINNER,,1,,0.0,1.0,1.0,0.0,0.0
DIN_01618,DINNER,,1,,0.0,1.0,1.0,1.0,1.0
DIN_01619,DINNER,,1,,0.0,1.0,1.0,1.0,0.0
DIN_01620,DINNER,,1,,0.0,0.0,1.0,1.0,0.0
DIN_01621,DINNER,,1,,0.0,1.0,1.0,1.0,0.0
DIN_01622,DINNER,,0,,0.0,1.0,1.0,0.0,0.0
DIN_01623,DINNER,,0,,1.0,0.0,0.0,0.0,0.0
DIN_01624,DINNER,,1,,0.0,1.0,1.0,0.0,1.0
DIN_01625,DINNER,,0,,0.0,1.0,1.0,0.0,1.0
DIN_01626,DINNER,,1,,0.0,0.0,1.0,0.0,0.0
DIN_01627,DINNER,,1,,0.0,1.0,0.0,0.0,0.0
DIN_01628,DINNER,,1,,0.0,1.0,1.0,1.0,1.0
DIN_01629,DINNER,,1,,0.0,1.0,1.0,1.0,0.0
DIN_01630,DINNER,,0,,0.0,0.0,1.0,0.0,1.0
DIN_01631,DINNER,,0,,0.0,0.0,0.0,0.0,0.0
DIN_01632,DINNER,,1,,0.0,1.0,1.0,0.0,1.0
DIN_01633,DINNER,,0,,0.0,1.0,1.0,0.0,0.0
DIN_01634,DINNER,,1,,0.0,1.0,1.0,1.0,1.0
DIN_01635,DINNER,,1,,0.0,1.0,1.0,1.0,1.0
DIN_01636,DINNER,,0,,0.0,0.0,1.0,1.0,0.0
DIN_01637,DINNER,,0,,0.0,0.0,0.0,0.0,0.0
DIN_01638,DINNER,,1,,0.0,1.0,0.0,0.0,1.0
DIN_01639,DINNER,,1,,0.0,1.0,1.0,1.0,1.0
DIN_01640,DINNER,,1,,0.0,1.0,1.0,1.0,1.0
DIN_01641,DINNER,,1,,0.0,0.0,0.0,1.0,1.0
DIN_01642,DINNER,,1,,0.0,1.0,0.0,0.0,1.0
DIN_01643,DINNER,,1,,0.0,0.0,1.0,1.0,0.0
DIN_01644,DINNER,,1,,0.0,0.0,1.0,1.0,0.0
DIN_01645,DINNER,,0,,1.0,0.0,0.0,0.0,0.0
DIN_01646,DINNER,,1,,0.0,1.0,1.0,1.0,0.0
DIN_01647,DINNER,,1,,0.0,0.0,1.0,1.0,1.0
DIN_01648,DINNER,,1,,0.0,1.0,1.0,1.0,1.0
DIN_01649,DINNER,,1,,0.0,0.0,1.0,1.0,1.0
DIN_01650,DINNER,,1,,0.0,0.0,0.0,0.0,1.0
DIN_01651,DINNER,,1,,0.0,1.0,1.0,1.0,0.0
DIN_01652,DINNER,,1,,0.0,0.0,1.0,1.0,1.0
DIN_01653,DINNER,,0,,0.0,1.0,1.0,1.0,0.0
DIN_01654,DINNER,,1,,0.0,1.0,1.0,0.0,0.0
DIN_01655,DINNER,,1,,0.0,1.0,0.0,0.0,1.0
DIN_01656,DINNER,,1,,0.0,1.0,1.0,0.0,0.0
DIN_01657,DINNER,,0,,0.0,0.0,1.0,0.0,0.0
DIN_01658,DINNER,,1,,0.0,1.0,1.0,1.0,0.0
DIN_01659,DINNER,,0,,0.0,0.0,1.0,1.0,1.0
DIN_01660,DINNER,,1,,0.0,0.0,1.0,1.0,1.0
DIN_01661,DINNER,,0,,0.0,0.0,0.0,1.0,1.0
DIN_01662,DINNER,,1,,0.0,1.0,0.0,0.0,0.0
DIN_01663,DINNER,,1,,0.0,1.0,1.0,0.0,1.0
DIN_01664,DINNER,,0,,0.0,1.0,1.0,0.0,0.0
DIN_01665,DINNER,,1,,0.0,0.0,0.0,1.0,0.0
DIN_01666,DINNER,,1,,0.0,0.0,1.0,1.0,1.0
DIN_01667,DINNER,,1,,0.0,0.0,1.0,1.0,0.0
DIN_01668,DINNER,,0,,1.0,0.0,0.0,0.0,0.0
DIN_01669,DINNER,,1,,0.0,1.0,1.0,0.0,0.0
DIN_01670,DINNER,,1,,0.0,1.0,0.0,0.0,0.0
DIN_01671,DINNER,,0,,1.0,0.0,0.0,0.0,0.0
DIN_01672,DINNER,,1,,0.0,1.0,1.0,0.0,0.0
DIN_01673,DINNER,,0,,0.0,0.0,1.0,0.0,0.0
DIN_01674,DINNER,,1,,0.0,1.0,1.0,1.0,1.0
DIN_01675,DINNER,,0,,0.0,0.0,0.0,0.0,0.0
DIN_01676,DINNER,,1,,0.0,0.0,0.0,0.0,0.0
DIN_01677,DINNER,,0,,0.0,0.0,1.0,0.0,1.0
DIN_01678,DINNER,,0,,0.0,0.0,1.0,0.0,0.0
DIN_01679,DINNER,,0,,1.0,0.0,0.0,0.0,0.0
DIN_01680,DINNER,,1,,0.0,1.0,0.0,1.0,0.0
DIN_01681,DINNER,,1,,0.0,1.0,1.0,0.0,0.0
DIN_01682,DINNER,,0,,1.0,0.0,0.0,0.0,0.0
DIN_01683,DINNER,,0,,1.0,0.0,0.0,0.0,0.0
DIN_01684,DINNER,,1,,0.0,1.0,0.0,0.0,0.0
DIN_01685,DINNER,,0,,1.0,0.0,0.0,0.0,0.0
DIN_01686,DINNER,,0,,0.0,0.0,0.0,0.0,1.0
DIN_01687,DINNER,,1,,0.0,1.0,0.0,1.0,0.0
DIN_01688,DINNER,,0,,0.0,1.0,1.0,1.0,0.0
DIN_01689,DINNER,,0,,0.0,1.0,1.0,1.0,0.0
DIN_01690,DINNER,,0,,0.0,1.0,1.0,0.0,0.0
DIN_01691,DINNER,,0,,0.0,1.0,1.0,1.0,0.0
DIN_01692,DINNER,,1,,0.0,0.0,0.0,0.0,0.0
DIN_01693,DINNER,,1,,0.0,1.0,0.0,0.0,0.0
DIN_01694,DINNER,,1,,0.0,1.0,0.0,0.0,0.0
DIN_01695,DINNER,,1,,0.0,0.0,1.0,1.0,1.0
DIN_01696,DINNER,,1,,0.0,1.0,1.0,0.0,0.0
DIN_01697,DINNER,,1,,0.0,1.0,1.0,0.0,1.0
DIN_01698,DINNER,,1,,0.0,1.0,1.0,1.0,1.0
DIN_01699,DINNER,,0,,0.0,0.0,0.0,1.0,1.0
DIN_01700,DINNER,,1,,0.0,1.0,1.0,1.0,0.0
DIN_01701,DINNER,,1,,0.0,0.0,0.0,1.0,0.0
DIN_01702,DINNER,,1,,0.0,1.0,1.0,0.0,0.0
DIN_01703,DINNER,,1,,0.0,0.0,1.0,0.0,1.0
DIN_01704,DINNER,,1,,0.0,1.0,0.0,0.0,1.0
DIN_01705,DINNER,,1,,0.0,1.0,1.0,0.0,0.0
DIN_01706,DINNER,,1,,0.0,0.0,1.0,1.0,0.0
DIN_01707,DINNER,,1,,0.0,0.0,1.0,1.0,1.0
DIN_01708,DINNER,,1,,0.0,1.0,0.0,0.0,0.0
DIN_01709,DINNER,,1,,0.0,1.0,1.0,1.0,0.0
DIN_01710,DINNER,,0,,0.0,0.0,1.0,1.0,0.0
DIN_01711,DINNER,,0,,0.0,1.0,1.0,0.0,1.0
DIN_01712,DINNER,,1,,0.0,1.0,0.0,1.0,0.0
DIN_01713,DINNER,,0,,0.0,1.0,0.0,1.0,0.0
DIN_01714,DINNER,,0,,0.0,0.0,1.0,1.0,1.0
DIN_01715,DINNER,,1,,0.0,1.0,0.0,1.0,0.0
DIN_01716,DINNER,,0,,1.0,0.0,0.0,0.0,0.0
DIN_01717,DINNER,,1,,0.0,1.0,0.0,0.0,0.0
DIN_01718,DINNER,,0,,1.0,0.0,0.0,0.0,0.0
DIN_01719,DINNER,,0,,0.0,0.0,0.0,0.0,0.0
DIN_01720,DINNER,,0,,1.0,0.0,0.0,0.0,0.0
DIN_01721,DINNER,,0,,0.0,0.0,1.0,0.0,0.0
DIN_01722,DINNER,,1,,0.0,0.0,0.0,0.0,0.0
DIN_01723,DINNER,,0,,0.0,0.0,1.0,1.0,1.0
DIN_01724,DINNER,,0,,0.0,1.0,1.0,0.0,0.0
DIN_01725,DINNER,,1,,0.0,1.0,1.0,1.0,1.0
DIN_01726,DINNER,,1,,0.0,0.0,1.0,0.0,1.0
DIN_01727,DINNER,,0,,0.0,1.0,1.0,1.0,0.0
DIN_01728,DINNER,,0,,0.0,1.0,1.0,1.0,0.0
DIN_01729,DINNER,,1,,0.0,1.0,0.0,1.0,1.0
DIN_01730,DINNER,,0,,0.0,1.0,0.0,1.0,1.0
DIN_01731,DINNER,,1,,0.0,1.0,1.0,0.0,1.0
DIN_01732,DINNER,,1,,0.0,1.0,1.0,0.0,1.0
DIN_01733,DINNER,,0,,0.0,1.0,0.0,0.0,0.0
DIN_01734,DINNER,,1,,0.0,1.0,1.0,1.0,0.0
DIN_01735,DINNER,,0,,0.0,1.0,1.0,0.0,0.0
DIN_01736,DINNER,,1,,0.0,1.0,1.0,1.0,1.0
DIN_01737,DINNER,,1,,0.0,1.0,0.0,0.0,0.0
DIN_01738,DINNER,,1,,0.0,0.0,1.0,1.0,0.0
DIN_01739,DINNER,,0,,0.0,1.0,1.0,0.0,0.0
DIN_01740,DINNER,,1,,0.0,0.0,1.0,0.0,1.0
DIN_01741,DINNER,,0,,0.0,1.0,1.0,0.0,1.0
DIN_01742,DINNER,,1,,0.0,1.0,1.0,1.0,0.0
DIN_01743,DINNER,,0,,0.0,1.0,1.0,0.0,1.0
DIN_01744,DINNER,,1,,0.0,1.0,1.0,1.0,1.0
DIN_01745,DINNER,,1,,0.0,1.0,1.0,0.0,0.0
DIN_01746,DINNER,,1,,0.0,0.0,0.0,0.0,0.0
DIN_01747,DINNER,,0,,0.0,1.0,1.0,0.0,0.0
DIN_01748,DINNER,,0,,0.0,1.0,1.0,0.0,0.0
DIN_01749,DINNER,,0,,0.0,0.0,0.0,0.0,0.0
DIN_01750,DINNER,,0,,0.0,1.0,1.0,0.0,1.0
DIN_01751,DINNER,,1,,0.0,1.0,1.0,0.0,0.0
DIN_01752,DINNER,,0,,0.0,1.0,0.0,0.0,0.0
DIN_01753,DINNER,,1,,0.0,1.0,1.0,0.0,1.0
DIN_01754,DINNER,,1,,0.0,1.0,1.0,0.0,0.0
DIN_01755,DINNER,,1,,0.0,1.0,1.0,1.0,0.0
DIN_01756,DINNER,,0,,0.0,1.0,0.0,0.0,0.0
DIN_01757,DINNER,,0,,0.0,0.0,1.0,0.0,0.0
DIN_01758,DINNER,,0,,0.0,0.0,1.0,1.0,0.0
DIN_01759,DINNER,,1,,0.0,0.0,0.0,1.0,0.0
DIN_01760,DINNER,,0,,1.0,0.0,0.0,0.0,0.0
DIN_01761,DINNER,,0,,0.0,1.0,1.0,0.0,1.0
DIN_01762,DINNER,,1,,0.0,1.0,1.0,0.0,0.0
DIN_01763,DINNER,,1,,0.0,0.0,1.0,1.0,0.0
DIN_01764,DINNER,,0,,0.0,0.0,0.0,1.0,1.0
DIN_01765,DINNER,,0,,0.0,1.0,0.0,0.0,0.0
DIN_01766,DINNER,,0,,0.0,1.0,1.0,1.0,0.0
DIN_01767,DINNER,,0,,0.0,0.0,1.0,1.0,1.0
DIN_01768,DINNER,,1,,0.0,0.0,0.0,1.0,0.0
DIN_01769,DINNER,,1,,0.0,0.0,1.0,1.0,0.0
DIN_01770,DINNER,,1,,0.0,1.0,1.0,1.0,0.0
DIN_01771,DINNER,,0,,0.0,1.0,1.0,0.0,1.0
DIN_01772,DINNER,,0,,0.0,1.0,1.0,1.0,1.0
DIN_01773,DINNER,,0,,0.0,0.0,1.0,1.0,1.0
DIN_01774,DINNER,,1,,0.0,1.0,1.0,0.0,1.0
DIN_01775,DINNER,,0,,0.0,0.0,0.0,1.0,0.0
DIN_01776,DINNER,,1,,0.0,0.0,0.0,0.0,0.0
DIN_01777,DINNER,,0,,0.0,0.0,1.0,0.0,0.0
DIN_01778,DINNER,,1,,0.0,1.0,1.0,0.0,0.0
DIN_01779,DINNER,,1,,0.0,1.0,1.0,1.0,1.0
DIN_01780,DINNER,,1,,0.0,1.0,1.0,1.0,0.0
DIN_01781,DINNER,,1,,0.0,1.0,1.0,1.0,0.0
DIN_01782,DINNER,,1,,0.0,0.0,0.0,1.0,1.0
DIN_01783,DINNER,,0,,0.0,0.0,0.0,0.0,1.0
DIN_01784,DINNER,,1,,0.0,1.0,0.0,0.0,0.0
DIN_01785,DINNER,,0,,1.0,0.0,0.0,0.0,0.0
DIN_01786,DINNER,,1,,0.0,0.0,0.0,1.0,1.0
DIN_01787,DINNER,,0,,0.0,1.0,0.0,0.0,1.0
DIN_01788,DINNER,,1,,0.0,0.0,1.0,1.0,0.0
DIN_01789,DINNER,,1,,0.0,1.0,1.0,0.0,0.0
DIN_01790,DINNER,,0,,0.0,0.0,1.0,0.0,0.0
DIN_01791,DINNER,,1,,0.0,1.0,0.0,0.0,0.0
DIN_01792,DINNER,,0,,0.0,1.0,0.0,1.0,1.0
DIN_01793,DINNER,,1,,0.0,1.0,1.0,1.0,1.0
DIN_01794,DINNER,,1,,0.0,1.0,1.0,1.0,1.0
DIN_01795,DINNER,,0,,0.0,0.0,0.0,1.0,1.0
DIN_01796,DINNER,,0,,0.0,0.0,0.0,1.0,1.0
DIN_01797,DINNER,,0,,1.0,0.0,0.0,0.0,0.0
DIN_01798,DINNER,,0,,1.0,0.0,0.0,0.0,0.0
DIN_01799,DINNER,,1,,0.0,1.0,1.0,0.0,0.0
DIN_01800,DINNER,,1,,0.0,1.0,1.0,1.0,0.0
DIN_01801,DINNER,,0,,0.0,0.0,1.0,0.0,0.0
DIN_01802,DINNER,,0,,0.0,1.0,1.0,1.0,1.0
DIN_01803,DINNER,,0,,0.0,1.0,0.0,0.0,1.0
DIN_01804,DINNER,,0,,0.0,1.0,0.0,1.0,0.0
DIN_01805,DINNER,,0,,0.0,0.0,1.0,0.0,0.0
DIN_01806,DINNER,,1,,0.0,1.0,1.0,0.0,0.0
DIN_01807,DINNER,,1,,0.0,1.0,1.0,0.0,0.0
DIN_01808,DINNER,,0,,1.0,0.0,0.0,0.0,0.0
DIN_01809,DINNER,,0,,1.0,0.0,0.0,0.0,0.0
DIN_01810,DINNER,,1,,0.0,0.0,1.0,1.0,0.0
DIN_01811,DINNER,,1,,0.0,0.0,1.0,0.0,1.0
DIN_01812,DINNER,,1,,0.0,1.0,1.0,1.0,1.0
DIN_01813,DINNER,,0,,0.0,1.0,1.0,0.0,1.0
DIN_01814,DINNER,,0,,0.0,0.0,1.0,1.0,0.0
DIN_01815,DINNER,,1,,0.0,0.0,1.0,0.0,1.0
DIN_01816,DINNER,,0,,1.0,0.0,0.0,0.0,0.0
DIN_01817,DINNER,,1,,0.0,1.0,1.0,0.0,1.0
DIN_01818,DINNER,,1,,0.0,1.0,0.0,0.0,0.0
DIN_01819,DINNER,,1,,0.0,1.0,1.0,1.0,0.0
DIN_01820,DINNER,,1,,0.0,1.0,1.0,0.0,1.0
DIN_01821,DINNER,,0,,1.0,0.0,0.0,0.0,0.0
DIN_01822,DINNER,,0,,0.0,0.0,1.0,1.0,0.0
DIN_01823,DINNER,,1,,0.0,0.0,1.0,1.0,1.0
DIN_01824,DINNER,,1,,0.0,1.0,0.0,0.0,1.0
DIN_01825,DINNER,,0,,0.0,0.0,0.0,0.0,1.0
DIN_01826,DINNER,,0,,0.0,0.0,1.0,0.0,0.0
DIN_01827,DINNER,,1,,0.0,0.0,1.0,1.0,1.0
DIN_01828,DINNER,,1,,0.0,1.0,1.0,1.0,0.0
DIN_01829,DINNER,,0,,0.0,1.0,1.0,1.0,1.0
DIN_01830,DINNER,,0,,0.0,1.0,0.0,0.0,0.0
DIN_01831,DINNER,,0,,0.0,0.0,1.0,0.0,0.0
DIN_01832,DINNER,,1,,0.0,0.0,1.0,0.0,0.0
DIN_01833,DINNER,,1,,0.0,1.0,1.0,1.0,0.0
DIN_01834,DINNER,,1,,0.0,1.0,1.0,0.0,0.0
DIN_01835,DINNER,,0,,0.0,0.0,0.0,0.0,0.0
DIN_01836,DINNER,,1,,0.0,1.0,1.0,0.0,1.0
DIN_01837,DINNER,,0,,0.0,0.0,1.0,0.0,1.0
DIN_01838,DINNER,,0,,1.0,0.0,0.0,0.0,0.0
DIN_01839,DINNER,,1,,0.0,1.0,1.0,0.0,0.0
DIN_01840,DINNER,,1,,0.0,1.0,1.0,0.0,1.0
DIN_01841,DINNER,,0,,0.0,0.0,0.0,0.0,0.0
DIN_01842,DINNER,,1,,0.0,1.0,1.0,1.0,1.0
DIN_01843,DINNER,,1,,0.0,1.0,0.0,0.0,0.0
DIN_01844,DINNER,,0,,0.0,1.0,0.0,1.0,0.0
DIN_01845,DINNER,,0,,1.0,0.0,0.0,0.0,0.0
DIN_01846,DINNER,,1,,0.0,1.0,1.0,1.0,0.0
DIN_01847,DINNER,,0,,0.0,1.0,1.0,0.0,0.0
DIN_01848,DINNER,,0,,0.0,0.0,1.0,1.0,0.0
DIN_01849,DINNER,,1,,0.0,1.0,0.0,0.0,1.0
DIN_01850,DINNER,,1,,0.0,1.0,1.0,1.0,1.0
DIN_01851,DINNER,,0,,0.0,0.0,1.0,0.0,0.0
DIN_01852,DINNER,,0,,0.0,1.0,1.0,1.0,1.0
DIN_01853,DINNER,,0,,1.0,0.0,0.0,0.0,0.0
DIN_01854,DINNER,,0,,0.0,0.0,0.0,0.0,0.0
DIN_01855,DINNER,,0,,0.0,1.0,1.0,0.0,1.0
DIN_01856,DINNER,,1,,0.0,1.0,1.0,0.0,1.0
DIN_01857,DINNER,,0,,0.0,1.0,1.0,0.0,0.0
DIN_01858,DINNER,,1,,0.0,1.0,1.0,1.0,1.0
DIN_01859,DINNER,,1,,0.0,0.0,1.0,1.0,1.0
DIN_01860,DINNER,,0,,0.0,1.0,1.0,0.0,0.0
DIN_01861,DINNER,,1,,0.0,1.0,1.0,1.0,0.0
DIN_01862,DINNER,,0,,1.0,0.0,0.0,0.0,0.0
DIN_01863,DINNER,,0,,1.0,0.0,0.0,0.0,0.0
DIN_01864,DINNER,,1,,0.0,1.0,0.0,0.0,1.0
DIN_01865,DINNER,,0,,0.0,0.0,0.0,0.0,0.0
DIN_01866,DINNER,,0,,0.0,0.0,1.0,1.0,0.0
DIN_01867,DINNER,,1,,0.0,1.0,1.0,0.0,1.0
DIN_01868,DINNER,,1,,0.0,0.0,1.0,1.0,0.0
DIN_01869,DINNER,,0,,0.0,0.0,0.0,0.0,0.0
DIN_01870,DINNER,,0,,0.0,1.0,1.0,0.0,1.0
DIN_01871,DINNER,,1,,0.0,1.0,0.0,1.0,0.0
DIN_01872,DINNER,,0,,0.0,0.0,1.0,1.0,1.0
DIN_01873,DINNER,,0,,0.0,0.0,0.0,0.0,1.0
DIN_01874,DINNER,,1,,0.0,0.0,1.0,0.0,1.0
DIN_01875,DINNER,,0,,0.0,0.0,1.0,0.0,1.0
DIN_01876,DINNER,,1,,0.0,0.0,1.0,0.0,0.0
DIN_01877,DINNER,,1,,0.0,1.0,1.0,1.0,0.0
DIN_01878,DINNER,,1,,0.0,1.0,1.0,0.0,0.0
DIN_01879,DINNER,,0,,1.0,0.0,0.0,0.0,0.0
DIN_01880,DINNER,,0,,0.0,1.0,1.0,0.0,1.0
DIN_01881,DINNER,,1,,0.0,1.0,1.0,0.0,0.0
DIN_01882,DINNER,,1,,0.0,1.0,1.0,1.0,0.0
DIN_01883,DINNER,,0,,1.0,0.0,0.0,0.0,0.0
DIN_01884,DINNER,,0,,1.0,0.0,0.0,0.0,0.0
DIN_01885,DINNER,,1,,0.0,1.0,0.0,0.0,0.0
DIN_01886,DINNER,,0,,1.0,0.0,0.0,0.0,0.0
DIN_01887,DINNER,,1,,0.0,1.0,1.0,0.0,0.0
DIN_01888,DINNER,,0,,1.0,0.0,0.0,0.0,0.0
DIN_01889,DINNER,,1,,0.0,1.0,1.0,1.0,1.0
DIN_01890,DINNER,,1,,0.0,1.0,1.0,1.0,1.0
DIN_01891,DINNER,,0,,0.0,1.0,1.0,1.0,0.0
DIN_01892,DINNER,,1,,0.0,1.0,1.0,1.0,1.0
DIN_01893,DINNER,,1,,0.0,0.0,0.0,1.0,1.0
DIN_01894,DINNER,,1,,0.0,1.0,0.0,0.0,0.0
DIN_01895,DINNER,,1,,0.0,1.0,1.0,0.0,0.0
DIN_01896,DINNER,,1,,0.0,0.0,0.0,0.0,0.0
DIN_01897,DINNER,,0,,0.0,0.0,1.0,0.0,0.0
DIN_01898,DINNER,,1,,0.0,1.0,0.0,0.0,0.0
DIN_01899,DINNER,,0,,1.0,0.0,0.0,0.0,0.0
DIN_01900,DINNER,,1,,0.0,1.0,1.0,1.0,0.0
DIN_01901,DINNER,,0,,1.0,0.0,0.0,0.0,0.0
DIN_01902,DINNER,,0,,1.0,0.0,0.0,0.0,0.0
DIN_01903,DINNER,,1,,0.0,1.0,1.0,1.0,1.0
DIN_01904,DINNER,,0,,0.0,1.0,1.0,1.0,1.0
DIN_01905,DINNER,,1,,0.0,1.0,1.0,0.0,1.0
DIN_01906,DINNER,,1,,0.0,1.0,1.0,1.0,0.0
DIN_01907,DINNER,,1,,0.0,0.0,1.0,0.0,0.0
DIN_01908,DINNER,,0,,1.0,0.0,0.0,0.0,0.0
DIN_01909,DINNER,,0,,0.0,0.0,1.0,0.0,0.0
DIN_01910,DINNER,,0,,1.0,0.0,0.0,0.0,0.0
DIN_01911,DINNER,,0,,1.0,0.0,0.0,0.0,0.0
DIN_01912,DINNER,,0,,0.0,1.0,0.0,0.0,1.0
DIN_01913,DINNER,,1,,0.0,0.0,1.0,0.0,0.0
DIN_01914,DINNER,,1,,0.0,1.0,1.0,1.0,1.0
DIN_01915,DINNER,,0,,0.0,0.0,0.0,0.0,0.0
DIN_01916,DINNER,,0,,0.0,0.0,0.0,0.0,0.0
DIN_01917,DINNER,,1,,0.0,0.0,1.0,1.0,1.0
DIN_01918,DINNER,,0,,1.0,0.0,0.0,0.0,0.0
DIN_01919,DINNER,,1,,0.0,0.0,1.0,1.0,0.0
DIN_01920,DINNER,,1,,0.0,1.0,1.0,0.0,1.0
DIN_01921,DINNER,,1,,0.0,0.0,1.0,1.0,0.0
DIN_01922,DINNER,,1,,0.0,1.0,1.0,1.0,0.0
DIN_01923,DINNER,,1,,0.0,1.0,1.0,1.0,0.0
DIN_01924,DINNER,,0,,0.0,1.0,1.0,0.0,1.0
DIN_01925,DINNER,,1,,0.0,1.0,1.0,1.0,1.0
DIN_01926,DINNER,,0,,0.0,1.0,1.0,1.0,0.0
DIN_01927,DINNER,,0,,1.0,0.0,0.0,0.0,0.0
DIN_01928,DINNER,,1,,0.0,0.0,1.0,0.0,0.0
DIN_01929,DINNER,,1,,0.0,0.0,1.0,0.0,0.0
DIN_01930,DINNER,,1,,0.0,0.0,0.0,0.0,0.0
DIN_01931,DINNER,,1,,0.0,1.0,1.0,1.0,1.0
DIN_01932,DINNER,,0,,0.0,1.0,1.0,0.0,0.0
DIN_01933,DINNER,,0,,1.0,0.0,0.0,0.0,0.0
DIN_01934,DINNER,,0,,0.0,1.0,0.0,0.0,0.0
DIN_01935,DINNER,,1,,0.0,1.0,1.0,1.0,1.0
DIN_01936,DINNER,,1,,0.0,1.0,1.0,1.0,0.0
DIN_01937,DINNER,,1,,0.0,1.0,1.0,1.0,1.0
DIN_01938,DINNER,,0,,0.0,0.0,1.0,1.0,0.0
DIN_01939,DINNER,,1,,0.0,1.0,1.0,1.0,0.0
DIN_01940,DINNER,,1,,0.0,0.0,1.0,0.0,0.0
DIN_01941,DINNER,,1,,0.0,1.0,1.0,1.0,1.0
DIN_01942,DINNER,,0,,0.0,1.0,1.0,0.0,1.0
DIN_01943,DINNER,,1,,0.0,0.0,0.0,0.0,0.0
DIN_01944,DINNER,,1,,0.0,0.0,1.0,1.0,0.0
DIN_01945,DINNER,,1,,0.0,1.0,0.0,0.0,0.0
DIN_01946,DINNER,,1,,0.0,1.0,1.0,0.0,1.0
DIN_01947,DINNER,,0,,0.0,0.0,1.0,0.0,0.0
DIN_01948,DINNER,,1,,0.0,1.0,1.0,1.0,0.0
DIN_01949,DINNER,,1,,0.0,1.0,1.0,1.0,0.0
DIN_01950,DINNER,,1,,0.0,0.0,1.0,0.0,1.0
DIN_01951,DINNER,,1,,0.0,1.0,1.0,1.0,0.0
DIN_01952,DINNER,,0,,0.0,0.0,1.0,0.0,0.0
DIN_01953,DINNER,,1,,0.0,0.0,1.0,1.0,1.0
DIN_01954,DINNER,,0,,0.0,0.0,1.0,1.0,0.0
DIN_01955,DINNER,,0,,0.0,1.0,1.0,1.0,1.0
DIN_01956,DINNER,,1,,0.0,1.0,1.0,0.0,1.0
DIN_01957,DINNER,,0,,1.0,0.0,0.0,0.0,0.0
DIN_01958,DINNER,,0,,1.0,0.0,0.0,0.0,0.0
DIN_01959,DINNER,,1,,0.0,1.0,1.0,0.0,1.0
DIN_01960,DINNER,,1,,0.0,0.0,0.0,0.0,0.0
DIN_01961,DINNER,,1,,0.0,1.0,1.0,1.0,0.0
DIN_01962,DINNER,,1,,0.0,0.0,1.0,1.0,1.0
DIN_01963,DINNER,,1,,0.0,1.0,0.0,0.0,0.0
DIN_01964,DINNER,,0,,0.0,0.0,1.0,0.0,1.0
DIN_01965,DINNER,,0,,1.0,0.0,0.0,0.0,0.0
DIN_01966,DINNER,,0,,0.0,1.0,1.0,1.0,1.0
DIN_01967,DINNER,,1,,0.0,1.0,0.0,0.0,1.0
DIN_01968,DINNER,,1,,0.0,1.0,1.0,1.0,0.0
DIN_01969,DINNER,,0,,0.0,0.0,0.0,0.0,0.0
DIN_01970,DINNER,,1,,0.0,1.0,1.0,0.0,1.0
DIN_01971,DINNER,,0,,0.0,1.0,1.0,0.0,0.0
DIN_01972,DINNER,,1,,0.0,1.0,0.0,0.0,0.0
DIN_01973,DINNER,,0,,0.0,1.0,1.0,0.0,1.0
DIN_01974,DINNER,,0,,0.0,0.0,1.0,1.0,1.0
DIN_01975,DINNER,,1,,0.0,1.0,1.0,1.0,0.0
DIN_01976,DINNER,,1,,0.0,1.0,1.0,1.0,1.0
DIN_01977,DINNER,,1,,0.0,1.0,1.0,0.0,0.0
DIN_01978,DINNER,,0,,0.0,1.0,1.0,0.0,0.0
DIN_01979,DINNER,,1,,0.0,0.0,1.0,0.0,0.0
DIN_01980,DINNER,,0,,0.0,1.0,1.0,1.0,1.0
DIN_01981,DINNER,,1,,0.0,0.0,1.0,0.0,0.0
DIN_01982,DINNER,,0,,1.0,0.0,0.0,0.0,0.0
DIN_01983,DINNER,,1,,0.0,1.0,1.0,0.0,0.0
DIN_01984,DINNER,,1,,0.0,0.0,1.0,0.0,0.0
DIN_01985,DINNER,,1,,0.0,1.0,1.0,0.0,0.0
DIN_01986,DINNER,,0,,1.0,0.0,0.0,0.0,0.0
DIN_01987,DINNER,,1,,0.0,1.0,1.0,0.0,1.0
DIN_01988,DINNER,,0,,0.0,1.0,1.0,1.0,1.0
DIN_01989,DINNER,,0,,1.0,0.0,0.0,0.0,0.0
DIN_01990,DINNER,,0,,0.0,0.0,1.0,1.0,0.0
DIN_01991,DINNER,,1,,0.0,1.0,1.0,1.0,1.0
DIN_01992,DINNER,,1,,0.0,1.0,1.0,1.0,0.0
DIN_01993,DINNER,,1,,0.0,0.0,1.0,1.0,1.0
DIN_01994,DINNER,,1,,0.0,0.0,1.0,0.0,0.0
DIN_01995,DINNER,,1,,0.0,1.0,1.0,1.0,1.0
DIN_01996,DINNER,,0,,0.0,0.0,1.0,0.0,0.0
DIN_01997,DINNER,,1,,0.0,1.0,1.0,1.0,0.0
DIN_01998,DINNER,,0,,0.0,1.0,0.0,1.0,1.0
DIN_01999,DINNER,,1,,0.0,1.0,0.0,1.0,0.0
DIN_02000,DINNER,,0,,0.0,1.0,1.0,1.0,1.0
DIN_02001,DINNER,,1,,0.0,1.0,1.0,1.0,1.0
DIN_02002,DINNER,,0,,1.0,0.0,0.0,0.0,0.0
DIN_02003,DINNER,,1,,0.0,0.0,0.0,0.0,0.0
DIN_02004,DINNER,,0,,1.0,0.0,0.0,0.0,0.0
DIN_02005,DINNER,,1,,0.0,0.0,0.0,1.0,0.0
DIN_02006,DINNER,,1,,0.0,0.0,1.0,0.0,0.0
DIN_02007,DINNER,,1,,0.0,1.0,1.0,0.0,0.0
DIN_02008,DINNER,,1,,0.0,1.0,1.0,1.0,1.0
DIN_02009,DINNER,,0,,1.0,0.0,0.0,0.0,0.0
DIN_02010,DINNER,,1,,0.0,1.0,1.0,0.0,1.0
DIN_02011,DINNER,,1,,0.0,1.0,1.0,0.0,1.0
DIN_02012,DINNER,,1,,0.0,1.0,1.0,1.0,1.0
DIN_02013,DINNER,,1,,0.0,1.0,1.0,0.0,0.0
DIN_02014,DINNER,,1,,0.0,1.0,1.0,1.0,1.0
DIN_02015,DINNER,,0,,0.0,1.0,1.0,0.0,0.0
DIN_02016,DINNER,,1,,0.0,0.0,0.0,0.0,0.0
DIN_02017,DINNER,,0,,0.0,1.0,0.0,1.0,0.0
DIN_02018,DINNER,,0,,1.0,0.0,0.0,0.0,0.0
DIN_02019,DINNER,,1,,0.0,1.0,1.0,0.0,1.0
DIN_02020,DINNER,,0,,1.0,0.0,0.0,0.0,0.0
DIN_02021,DINNER,,0,,0.0,1.0,1.0,1.0,0.0
DIN_02022,DINNER,,0,,0.0,1.0,1.0,0.0,0.0
DIN_02023,DINNER,,0,,0.0,0.0,0.0,0.0,0.0
DIN_02024,DINNER,,0,,0.0,0.0,1.0,1.0,1.0
DIN_02025,DINNER,,1,,0.0,0.0,1.0,1.0,0.0
DIN_02026,DINNER,,0,,0.0,0.0,1.0,1.0,1.0
DIN_02027,DINNER,,1,,0.0,1.0,0.0,0.0,0.0
DIN_02028,DINNER,,0,,0.0,1.0,1.0,1.0,1.0
DIN_02029,DINNER,,0,,0.0,1.0,1.0,0.0,0.0
DIN_02030,DINNER,,0,,0.0,0.0,0.0,1.0,0.0
DIN_02031,DINNER,,0,,0.0,1.0,1.0,1.0,1.0
DIN_02032,DINNER,,1,,0.0,1.0,1.0,0.0,0.0
DIN_02033,DINNER,,0,,1.0,0.0,0.0,0.0,0.0
DIN_02034,DINNER,,1,,0.0,0.0,1.0,1.0,0.0
DIN_02035,DINNER,,0,,0.0,0.0,1.0,0.0,0.0
DIN_02036,DINNER,,0,,1.0,0.0,0.0,0.0,0.0
DIN_02037,DINNER,,1,,0.0,0.0,1.0,1.0,1.0
DIN_02038,DINNER,,0,,0.0,0.0,0.0,1.0,1.0
DIN_02039,DINNER,,1,,0.0,1.0,1.0,1.0,0.0
DIN_02040,DINNER,,1,,0.0,1.0,1.0,1.0,0.0
DIN_02041,DINNER,,1,,0.0,0.0,1.0,0.0,0.0
DIN_02042,DINNER,,1,,0.0,0.0,1.0,0.0,1.0
DIN_02043,DINNER,,0,,0.0,1.0,1.0,0.0,0.0
DIN_02044,DINNER,,0,,1.0,0.0,0.0,0.0,0.0
DIN_02045,DINNER,,0,,0.0,0.0,0.0,0.0,0.0
DIN_02046,DINNER,,1,,0.0,0.0,1.0,0.0,1.0
DIN_02047,DINNER,,1,,0.0,0.0,1.0,0.0,0.0
DIN_02048,DINNER,,0,,0.0,1.0,1.0,1.0,0.0
DIN_02049,DINNER,,0,,0.0,0.0,0.0,1.0,1.0
DIN_02050,DINNER,,1,,0.0,0.0,0.0,0.0,0.0
DIN_02051,DINNER,,1,,0.0,1.0,0.0,0.0,0.0
DIN_02052,DINNER,,0,,0.0,0.0,1.0,0.0,0.0
DIN_02053,DINNER,,1,,0.0,1.0,1.0,1.0,0.0
DIN_02054,DINNER,,1,,0.0,0.0,1.0,0.0,1.0
DIN_02055,DINNER,,1,,0.0,0.0,0.0,0.0,0.0
DIN_02056,DINNER,,0,,1.0,0.0,0.0,0.0,0.0
DIN_02057,DINNER,,0,,1.0,0.0,0.0,0.0,0.0
DIN_02058,DINNER,,1,,0.0,1.0,0.0,0.0,1.0
DIN_02059,DINNER,,1,,0.0,1.0,0.0,0.0,1.0
DIN_02060,DINNER,,1,,0.0,1.0,0.0,0.0,0.0
DIN_02061,DINNER,,1,,0.0,1.0,1.0,0.0,0.0
DIN_02062,DINNER,,1,,0.0,0.0,1.0,1.0,0.0
DIN_02063,DINNER,,1,,0.0,0.0,0.0,0.0,0.0
DIN_02064,DINNER,,1,,0.0,0.0,0.0,1.0,0.0
DIN_02065,DINNER,,0,,0.0,1.0,1.0,1.0,0.0
DIN_02066,DINNER,,1,,0.0,1.0,1.0,0.0,0.0
DIN_02067,DINNER,,1,,0.0,1.0,1.0,0.0,1.0
DIN_02068,DINNER,,0,,0.0,1.0,1.0,0.0,0.0
DIN_02069,DINNER,,0,,0.0,1.0,1.0,0.0,1.0
DIN_02070,DINNER,,1,,0.0,1.0,0.0,0.0,0.0
DIN_02071,DINNER,,1,,0.0,1.0,1.0,1.0,1.0
DIN_02072,DINNER,,1,,0.0,1.0,1.0,0.0,1.0
DIN_02073,DINNER,,0,,1.0,0.0,0.0,0.0,0.0
DIN_02074,DINNER,,1,,0.0,1.0,1.0,0.0,1.0
DIN_02075,DINNER,,1,,0.0,1.0,1.0,0.0,0.0
DIN_02076,DINNER,,0,,0.0,1.0,0.0,0.0,1.0
DIN_02077,DINNER,,0,,0.0,0.0,0.0,0.0,0.0
DIN_02078,DINNER,,1,,0.0,1.0,0.0,0.0,1.0
DIN_02079,DINNER,,0,,0.0,0.0,0.0,0.0,0.0
DIN_02080,DINNER,,1,,0.0,1.0,1.0,0.0,1.0
DIN_02081,DINNER,,0,,0.0,1.0,0.0,0.0,0.0
DIN_02082,DINNER,,0,,0.0,1.0,1.0,0.0,0.0
DIN_02083,DINNER,,1,,0.0,1.0,1.0,0.0,0.0
DIN_02084,DINNER,,0,,0.0,0.0,1.0,1.0,1.0
DIN_02085,DINNER,,0,,0.0,0.0,1.0,1.0,0.0
DIN_02086,DINNER,,1,,0.0,1.0,1.0,0.0,0.0
DIN_02087,DINNER,,1,,0.0,0.0,1.0,0.0,0.0
DIN_02088,DINNER,,1,,0.0,1.0,1.0,0.0,0.0
DIN_02089,DINNER,,1,,0.0,0.0,1.0,1.0,0.0
DIN_02090,DINNER,,1,,0.0,0.0,1.0,1.0,0.0
DIN_02091,DINNER,,0,,1.0,0.0,0.0,0.0,0.0
DIN_02092,DINNER,,0,,0.0,1.0,1.0,0.0,0.0
DIN_02093,DINNER,,0,,1.0,0.0,0.0,0.0,0.0
DIN_02094,DINNER,,0,,0.0,1.0,1.0,1.0,0.0
DIN_02095,DINNER,,0,,0.0,0.0,0.0,0.0,1.0
DIN_02096,DINNER,,0,,1.0,0.0,0.0,0.0,0.0
DIN_02097,DINNER,,0,,1.0,0.0,0.0,0.0,0.0
DIN_02098,DINNER,,0,,1.0,0.0,0.0,0.0,0.0
DIN_02099,DINNER,,0,,1.0,0.0,0.0,0.0,0.0
DIN_02100,DINNER,,0,,0.0,1.0,1.0,0.0,0.0
DIN_02101,DINNER,,1,,0.0,0.0,0.0,0.0,0.0
DIN_02102,DINNER,,0,,1.0,0.0,0.0,0.0,0.0
DIN_02103,DINNER,,1,,0.0,1.0,1.0,0.0,0.0
DIN_02104,DINNER,,0,,0.0,1.0,1.0,1.0,0.0
DIN_02105,DINNER,,1,,0.0,1.0,1.0,0.0,1.0
DIN_02106,DINNER,,1,,0.0,1.0,1.0,1.0,0.0
DIN_02107,DINNER,,0,,0.0,1.0,0.0,0.0,0.0
DIN_02108,DINNER,,1,,0.0,0.0,0.0,0.0,1.0
DIN_02109,DINNER,,0,,0.0,1.0,1.0,0.0,0.0
DIN_02110,DINNER,,1,,0.0,0.0,0.0,0.0,0.0
DIN_02111,DINNER,,0,,0.0,1.0,1.0,1.0,0.0
DIN_02112,DINNER,,0,,0.0,0.0,0.0,0.0,0.0
DIN_02113,DINNER,,1,,0.0,1.0,1.0,0.0,0.0
DIN_02114,DINNER,,0,,0.0,1.0,1.0,1.0,0.0
DIN_02115,DINNER,,0,,0.0,1.0,1.0,1.0,1.0
DIN_02116,DINNER,,0,,0.0,1.0,1.0,0.0,1.0
DIN_02117,DINNER,,0,,0.0,1.0,1.0,1.0,1.0
DIN_02118,DINNER,,1,,0.0,1.0,1.0,1.0,0.0
DIN_02119,DINNER,,0,,0.0,0.0,1.0,0.0,0.0
DIN_02120,DINNER,,1,,0.0,0.0,1.0,1.0,1.0
DIN_02121,DINNER,,0,,0.0,1.0,0.0,0.0,0.0
DIN_02122,DINNER,,0,,1.0,0.0,0.0,0.0,0.0
DIN_02123,DINNER,,0,,1.0,0.0,0.0,0.0,0.0
DIN_02124,DINNER,,1,,0.0,0.0,0.0,0.0,0.0
DIN_02125,DINNER,,1,,0.0,1.0,1.0,1.0,0.0
DIN_02126,DINNER,,0,,1.0,0.0,0.0,0.0,0.0
DIN_02127,DINNER,,1,,0.0,1.0,1.0,1.0,0.0
DIN_02128,DINNER,,1,,0.0,1.0,1.0,1.0,0.0
DIN_02129,DINNER,,0,,0.0,1.0,1.0,0.0,0.0
DIN_02130,DINNER,,0,,0.0,0.0,1.0,0.0,0.0
DIN_02131,DINNER,,0,,1.0,0.0,0.0,0.0,0.0
DIN_02132,DINNER,,1,,0.0,1.0,1.0,0.0,0.0
DIN_02133,DINNER,,1,,0.0,1.0,1.0,0.0,1.0
DIN_02134,DINNER,,1,,0.0,0.0,0.0,0.0,1.0
DIN_02135,DINNER,,0,,0.0,0.0,0.0,1.0,0.0
DIN_02136,DINNER,,0,,1.0,0.0,0.0,0.0,0.0
DIN_02137,DINNER,,1,,0.0,0.0,1.0,0.0,0.0
DIN_02138,DINNER,,0,,1.0,0.0,0.0,0.0,0.0
DIN_02139,DINNER,,1,,0.0,1.0,1.0,1.0,0.0
DIN_02140,DINNER,,0,,1.0,0.0,0.0,0.0,0.0
DIN_02141,DINNER,,0,,0.0,1.0,0.0,1.0,0.0
DIN_02142,DINNER,,1,,0.0,0.0,1.0,0.0,1.0
DIN_02143,DINNER,,1,,0.0,1.0,1.0,0.0,1.0
DIN_02144,DINNER,,0,,0.0,0.0,0.0,0.0,0.0
DIN_02145,DINNER,,1,,0.0,0.0,0.0,0.0,0.0
DIN_02146,DINNER,,0,,0.0,1.0,0.0,0.0,0.0
DIN_02147,DINNER,,1,,0.0,1.0,1.0,1.0,0.0
DIN_02148,DINNER,,1,,0.0,1.0,1.0,0.0,1.0
DIN_02149,DINNER,,1,,0.0,1.0,1.0,0.0,0.0
DIN_02150,DINNER,,0,,0.0,0.0,0.0,0.0,1.0
DIN_02151,DINNER,,1,,0.0,1.0,0.0,0.0,0.0
DIN_02152,DINNER,,1,,0.0,0.0,1.0,0.0,1.0
DIN_02153,DINNER,,1,,0.0,0.0,1.0,1.0,1.0
DIN_02154,DINNER,,0,,1.0,0.0,0.0,0.0,0.0
DIN_02155,DINNER,,1,,0.0,0.0,1.0,0.0,1.0
DIN_02156,DINNER,,0,,0.0,1.0,1.0,0.0,0.0
DIN_02157,DINNER,,0,,0.0,1.0,1.0,1.0,1.0
DIN_02158,DINNER,,0,,1.0,0.0,0.0,0.0,0.0
DIN_02159,DINNER,,1,,0.0,0.0,1.0,1.0,0.0
DIN_02160,DINNER,,1,,0.0,1.0,1.0,1.0,1.0
DIN_02161,DINNER,,0,,0.0,0.0,0.0,1.0,0.0
DIN_02162,DINNER,,0,,0.0,1.0,0.0,0.0,1.0
DIN_02163,DINNER,,1,,0.0,1.0,1.0,1.0,0.0
DIN_02164,DINNER,,1,,0.0,1.0,1.0,0.0,1.0
DIN_02165,DINNER,,1,,0.0,0.0,1.0,0.0,0.0
DIN_02166,DINNER,,1,,0.0,1.0,1.0,0.0,1.0
DIN_02167,DINNER,,0,,0.0,0.0,1.0,0.0,1.0
DIN_02168,DINNER,,0,,0.0,1.0,1.0,0.0,0.0
DIN_02169,DINNER,,0,,0.0,0.0,0.0,0.0,0.0
DIN_02170,DINNER,,1,,0.0,1.0,0.0,0.0,0.0
DIN_02171,DINNER,,0,,0.0,0.0,1.0,0.0,0.0
DIN_02172,DINNER,,0,,0.0,0.0,1.0,0.0,0.0
DIN_02173,DINNER,,0,,0.0,0.0,1.0,1.0,1.0
DIN_02174,DINNER,,0,,1.0,0.0,0.0,0.0,0.0
DIN_02175,DINNER,,1,,0.0,0.0,1.0,1.0,0.0
DIN_02176,DINNER,,1,,0.0,1.0,1.0,0.0,1.0
DIN_02177,DINNER,,0,,0.0,0.0,0.0,0.0,0.0
DIN_02178,DINNER,,1,,0.0,1.0,0.0,0.0,0.0
DIN_02179,DINNER,,1,,0.0,0.0,0.0,0.0,0.0
DIN_02180,DINNER,,1,,0.0,1.0,1.0,0.0,1.0
DIN_02181,DINNER,,1,,0.0,1.0,1.0,0.0,0.0
DIN_02182,DINNER,,0,,0.0,0.0,1.0,0.0,0.0
DIN_02183,DINNER,,1,,0.0,1.0,1.0,0.0,1.0
DIN_02184,DINNER,,1,,0.0,1.0,1.0,1.0,0.0
DIN_02185,DINNER,,1,,0.0,1.0,0.0,0.0,1.0
DIN_02186,DINNER,,0,,0.0,1.0,0.0,1.0,1.0
DIN_02187,DINNER,,0,,0.0,0.0,0.0,0.0,1.0
DIN_02188,DINNER,,1,,0.0,1.0,1.0,1.0,0.0
DIN_02189,DINNER,,0,,0.0,0.0,1.0,1.0,0.0
DIN_02190,DINNER,,0,,0.0,1.0,0.0,0.0,1.0
DIN_02191,DINNER,,1,,0.0,0.0,1.0,1.0,0.0
DIN_02192,DINNER,,0,,1.0,0.0,0.0,0.0,0.0
DIN_02193,DINNER,,0,,1.0,0.0,0.0,0.0,0.0
DIN_02194,DINNER,,0,,0.0,0.0,1.0,1.0,0.0
DIN_02195,DINNER,,1,,0.0,0.0,1.0,0.0,0.0
DIN_02196,DINNER,,1,,0.0,1.0,1.0,1.0,0.0
DIN_02197,DINNER,,1,,0.0,0.0,1.0,1.0,1.0
DIN_02198,DINNER,,0,,1.0,0.0,0.0,0.0,0.0
DIN_02199,DINNER,,1,,0.0,1.0,1.0,0.0,1.0
DIN_02200,DINNER,,1,,0.0,0.0,0.0,1.0,1.0
DIN_02201,DINNER,,1,,0.0,1.0,1.0,1.0,0.0
DIN_02202,DINNER,,0,,1.0,0.0,0.0,0.0,0.0
DIN_02203,DINNER,,0,,0.0,1.0,1.0,1.0,0.0
DIN_02204,DINNER,,0,,0.0,0.0,0.0,0.0,1.0
DIN_02205,DINNER,,1,,0.0,1.0,0.0,0.0,0.0
DIN_02206,DINNER,,1,,0.0,1.0,0.0,0.0,1.0
DIN_02207,DINNER,,0,,1.0,0.0,0.0,0.0,0.0
DIN_02208,DINNER,,0,,0.0,1.0,1.0,1.0,0.0
DIN_02209,DINNER,,1,,0.0,1.0,1.0,1.0,0.0
DIN_02210,DINNER,,0,,0.0,0.0,0.0,0.0,0.0
DIN_02211,DINNER,,1,,0.0,1.0,0.0,0.0,0.0
DIN_02212,DINNER,,1,,0.0,0.0,1.0,0.0,1.0
DIN_02213,DINNER,,0,,0.0,1.0,1.0,1.0,1.0
DIN_02214,DINNER,,0,,0.0,1.0,1.0,1.0,0.0
DIN_02215,DINNER,,1,,0.0,0.0,1.0,0.0,0.0
DIN_02216,DINNER,,1,,0.0,1.0,1.0,0.0,1.0
DIN_02217,DINNER,,1,,0.0,1.0,1.0,1.0,1.0
DIN_02218,DINNER,,0,,0.0,1.0,1.0,0.0,0.0
DIN_02219,DINNER,,0,,0.0,1.0,0.0,1.0,1.0
DIN_02220,DINNER,,1,,0.0,0.0,0.0,1.0,1.0
DIN_02221,DINNER,,0,,0.0,1.0,1.0,0.0,0.0
DIN_02222,DINNER,,1,,0.0,1.0,1.0,1.0,1.0
DIN_02223,DINNER,,1,,0.0,1.0,0.0,0.0,0.0
DIN_02224,DINNER,,1,,0.0,1.0,0.0,0.0,1.0
DIN_02225,DINNER,,1,,0.0,1.0,1.0,1.0,0.0
DIN_02226,DINNER,,1,,0.0,1.0,1.0,0.0,1.0
DIN_02227,DINNER,,0,,0.0,0.0,1.0,0.0,0.0
DIN_02228,DINNER,,0,,0.0,1.0,1.0,1.0,1.0
DIN_02229,DINNER,,1,,0.0,0.0,1.0,0.0,0.0
DIN_02230,DINNER,,0,,0.0,0.0,1.0,0.0,1.0
DIN_02231,DINNER,,0,,0.0,1.0,1.0,1.0,0.0
DIN_02232,DINNER,,0,,0.0,1.0,0.0,0.0,0.0
DIN_02233,DINNER,,1,,0.0,1.0,1.0,0.0,0.0
DIN_02234,DINNER,,1,,0.0,0.0,1.0,1.0,0.0
DIN_02235,DINNER,,1,,0.0,0.0,0.0,0.0,0.0
DIN_02236,DINNER,,1,,0.0,0.0,0.0,0.0,1.0
DIN_02237,DINNER,,1,,0.0,1.0,1.0,1.0,1.0
DIN_02238,DINNER,,1,,0.0,1.0,1.0,0.0,1.0
DIN_02239,DINNER,,1,,0.0,1.0,1.0,1.0,0.0
DIN_02240,DINNER,,1,,0.0,0.0,1.0,1.0,0.0
DIN_02241,DINNER,,0,,0.0,0.0,1.0,0.0,0.0
DIN_02242,DINNER,,1,,0.0,1.0,0.0,1.0,1.0
DIN_02243,DINNER,,1,,0.0,1.0,1.0,1.0,1.0
DIN_02244,DINNER,,1,,0.0,1.0,0.0,0.0,1.0
DIN_02245,DINNER,,1,,0.0,0.0,0.0,0.0,1.0
DIN_02246,DINNER,,0,,0.0,0.0,1.0,0.0,1.0
DIN_02247,DINNER,,1,,0.0,1.0,1.0,1.0,0.0
DIN_02248,DINNER,,0,,1.0,0.0,0.0,0.0,0.0
DIN_02249,DINNER,,1,,0.0,1.0,1.0,0.0,0.0
DIN_02250,DINNER,,1,,0.0,0.0,1.0,0.0,0.0
DIN_02251,DINNER,,1,,0.0,0.0,0.0,0.0,0.0
DIN_02252,DINNER,,0,,1.0,0.0,0.0,0.0,0.0
DIN_02253,DINNER,,1,,0.0,1.0,0.0,1.0,0.0
DIN_02254,DINNER,,0,,0.0,1.0,0.0,0.0,0.0
DIN_02255,DINNER,,0,,0.0,1.0,1.0,0.0,0.0
DIN_02256,DINNER,,0,,0.0,1.0,1.0,0.0,0.0
DIN_02257,DINNER,,1,,0.0,1.0,1.0,1.0,1.0
DIN_02258,DINNER,,1,,0.0,0.0,0.0,0.0,0.0
DIN_02259,DINNER,,0,,0.0,1.0,1.0,0.0,1.0
DIN_02260,DINNER,,1,,0.0,1.0,1.0,1.0,1.0
DIN_02261,DINNER,,1,,0.0,1.0,1.0,1.0,0.0
DIN_02262,DINNER,,1,,0.0,1.0,0.0,0.0,0.0
DIN_02263,DINNER,,1,,0.0,0.0,0.0,0.0,1.0
DIN_02264,DINNER,,0,,0.0,1.0,1.0,1.0,0.0
DIN_02265,DINNER,,0,,0.0,0.0,1.0,1.0,0.0
DIN_02266,DINNER,,0,,0.0,0.0,1.0,1.0,1.0
DIN_02267,DINNER,,1,,0.0,1.0,1.0,1.0,1.0
DIN_02268,DINNER,,1,,0.0,0.0,1.0,0.0,1.0
DIN_02269,DINNER,,1,,0.0,0.0,0.0,1.0,0.0
DIN_02270,DINNER,,1,,0.0,1.0,1.0,1.0,0.0
DIN_02271,DINNER,,1,,0.0,1.0,0.0,0.0,1.0
DIN_02272,DINNER,,1,,0.0,0.0,1.0,1.0,0.0
DIN_02273,DINNER,,0,,0.0,1.0,1.0,1.0,1.0
DIN_02274,DINNER,,0,,0.0,1.0,1.0,0.0,0.0
DIN_02275,DINNER,,1,,0.0,1.0,1.0,1.0,1.0
DIN_02276,DINNER,,1,,0.0,0.0,1.0,1.0,0.0
DIN_02277,DINNER,,0,,1.0,0.0,0.0,0.0,0.0
DIN_02278,DINNER,,1,,0.0,1.0,1.0,1.0,1.0
DIN_02279,DINNER,,1,,0.0,1.0,0.0,0.0,1.0
DIN_02280,DINNER,,1,,0.0,1.0,1.0,1.0,1.0
DIN_02281,DINNER,,0,,0.0,1.0,1.0,0.0,1.0
DIN_02282,DINNER,,0,,0.0,1.0,1.0,0.0,1.0
DIN_02283,DINNER,,1,,0.0,0.0,1.0,0.0,0.0
DIN_02284,DINNER,,1,,0.0,1.0,1.0,1.0,1.0
DIN_02285,DINNER,,1,,0.0,1.0,1.0,0.0,0.0
DIN_02286,DINNER,,1,,0.0,1.0,1.0,1.0,1.0
DIN_02287,DINNER,,0,,1.0,0.0,0.0,0.0,0.0
DIN_02288,DINNER,,0,,0.0,0.0,1.0,0.0,0.0
DIN_02289,DINNER,,1,,0.0,1.0,1.0,0.0,1.0
DIN_02290,DINNER,,0,,0.0,0.0,1.0,1.0,0.0
DIN_02291,DINNER,,1,,0.0,0.0,0.0,0.0,0.0
DIN_02292,DINNER,,0,,0.0,0.0,1.0,0.0,0.0
DIN_02293,DINNER,,0,,0.0,0.0,1.0,1.0,0.0
DIN_02294,DINNER,,0,,0.0,1.0,0.0,0.0,0.0
DIN_02295,DINNER,,1,,0.0,1.0,1.0,0.0,0.0
DIN_02296,DINNER,,0,,0.0,0.0,1.0,0.0,1.0
DIN_02297,DINNER,,0,,1.0,0.0,0.0,0.0,0.0
DIN_02298,DINNER,,0,,1.0,0.0,0.0,0.0,0.0
DIN_02299,DINNER,,1,,0.0,1.0,1.0,1.0,1.0
DIN_02300,DINNER,,1,,0.0,1.0,1.0,1.0,0.0
DIN_02301,DINNER,,1,,0.0,1.0,0.0,0.0,0.0
DIN_02302,DINNER,,1,,0.0,1.0,1.0,1.0,0.0
DIN_02303,DINNER,,1,,0.0,1.0,1.0,1.0,1.0
DIN_02304,DINNER,,1,,0.0,1.0,1.0,0.0,1.0
DIN_02305,DINNER,,0,,0.0,1.0,1.0,1.0,1.0
DIN_02306,DINNER,,1,,0.0,1.0,1.0,0.0,1.0
DIN_02307,DINNER,,0,,0.0,1.0,0.0,1.0,0.0
DIN_02308,DINNER,,1,,0.0,1.0,1.0,1.0,1.0
DIN_02309,DINNER,,0,,0.0,1.0,1.0,1.0,0.0
DIN_02310,DINNER,,0,,0.0,1.0,0.0,0.0,0.0
DIN_02311,DINNER,,0,,0.0,0.0,0.0,0.0,0.0
DIN_02312,DINNER,,0,,0.0,1.0,1.0,1.0,0.0
DIN_02313,DINNER,,0,,1.0,0.0,0.0,0.0,0.0
DIN_02314,DINNER,,1,,0.0,0.0,1.0,0.0,1.0
DIN_02315,DINNER,,1,,0.0,1.0,1.0,0.0,1.0
DIN_02316,DINNER,,0,,1.0,0.0,0.0,0.0,0.0
DIN_02317,DINNER,,0,,0.0,0.0,1.0,0.0,0.0
DIN_02318,DINNER,,1,,0.0,1.0,1.0,0.0,1.0
DIN_02319,DINNER,,0,,0.0,1.0,1.0,0.0,1.0
DIN_02320,DINNER,,0,,0.0,0.0,0.0,0.0,1.0
DIN_02321,DINNER,,1,,0.0,0.0,1.0,0.0,0.0
DIN_02322,DINNER,,1,,0.0,0.0,0.0,0.0,0.0
DIN_02323,DINNER,,1,,0.0,1.0,0.0,0.0,0.0
DIN_02324,DINNER,,0,,0.0,1.0,1.0,0.0,1.0
DIN_02325,DINNER,,0,,1.0,0.0,0.0,0.0,0.0
DIN_02326,DINNER,,1,,0.0,0.0,1.0,1.0,1.0
DIN_02327,DINNER,,1,,0.0,1.0,1.0,0.0,0.0
DIN_02328,DINNER,,1,,0.0,1.0,1.0,1.0,0.0
DIN_02329,DINNER,,0,,1.0,0.0,0.0,0.0,0.0
DIN_02330,DINNER,,0,,0.0,1.0,1.0,0.0,1.0
DIN_02331,DINNER,,0,,0.0,1.0,1.0,1.0,1.0
DIN_02332,DINNER,,1,,0.0,1.0,1.0,0.0,0.0
DIN_02333,DINNER,,1,,0.0,0.0,0.0,0.0,0.0
DIN_02334,DINNER,,0,,1.0,0.0,0.0,0.0,0.0
DIN_02335,DINNER,,1,,0.0,0.0,1.0,1.0,0.0
DIN_02336,DINNER,,1,,0.0,1.0,1.0,0.0,1.0
DIN_02337,DINNER,,1,,0.0,1.0,1.0,1.0,0.0
DIN_02338,DINNER,,1,,0.0,1.0,1.0,0.0,0.0
DIN_02339,DINNER,,0,,0.0,1.0,1.0,0.0,1.0
DIN_02340,DINNER,,0,,0.0,0.0,1.0,1.0,0.0
DIN_02341,DINNER,,0,,0.0,0.0,1.0,0.0,0.0
DIN_02342,DINNER,,0,,1.0,0.0,0.0,0.0,0.0
DIN_02343,DINNER,,1,,0.0,1.0,1.0,1.0,1.0
DIN_02344,DINNER,,1,,0.0,1.0,0.0,1.0,1.0
DIN_02345,DINNER,,1,,0.0,0.0,1.0,1.0,0.0
DIN_02346,DINNER,,1,,0.0,0.0,1.0,1.0,0.0
DIN_02347,DINNER,,1,,0.0,0.0,1.0,0.0,1.0
DIN_02348,DINNER,,0,,1.0,0.0,0.0,0.0,0.0
DIN_02349,DINNER,,0,,0.0,0.0,1.0,0.0,0.0
DIN_02350,DINNER,,1,,0.0,1.0,0.0,1.0,1.0
DIN_02351,DINNER,,0,,1.0,0.0,0.0,0.0,0.0
DIN_02352,DINNER,,1,,0.0,0.0,0.0,0.0,1.0
DIN_02353,DINNER,,1,,0.0,1.0,1.0,1.0,1.0
DIN_02354,DINNER,,1,,0.0,1.0,1.0,1.0,1.0
DIN_02355,DINNER,,1,,0.0,1.0,1.0,1.0,0.0
DIN_02356,DINNER,,1,,0.0,0.0,0.0,0.0,0.0
DIN_02357,DINNER,,1,,0.0,0.0,0.0,0.0,0.0
DIN_02358,DINNER,,0,,0.0,0.0,0.0,0.0,1.0
DIN_02359,DINNER,,0,,1.0,0.0,0.0,0.0,0.0
DIN_02360,DINNER,,1,,0.0,0.0,1.0,1.0,0.0
DIN_02361,DINNER,,0,,0.0,1.0,1.0,1.0,0.0
DIN_02362,DINNER,,1,,0.0,1.0,1.0,1.0,1.0
DIN_02363,DINNER,,1,,0.0,1.0,1.0,0.0,0.0
DIN_02364,DINNER,,1,,0.0,0.0,0.0,0.0,0.0
DIN_02365,DINNER,,1,,0.0,1.0,0.0,0.0,1.0
DIN_02366,DINNER,,0,,1.0,0.0,0.0,0.0,0.0
DIN_02367,DINNER,,1,,0.0,1.0,1.0,1.0,0.0
DIN_02368,DINNER,,0,,0.0,1.0,0.0,0.0,0.0
DIN_02369,DINNER,,1,,0.0,1.0,1.0,0.0,0.0
DIN_02370,DINNER,,0,,0.0,1.0,0.0,0.0,0.0
DIN_02371,DINNER,,1,,0.0,1.0,1.0,1.0,0.0
DIN_02372,DINNER,,1,,0.0,1.0,0.0,0.0,0.0
DIN_02373,DINNER,,1,,0.0,0.0,1.0,0.0,1.0
DIN_02374,DINNER,,1,,0.0,1.0,1.0,1.0,0.0
DIN_02375,DINNER,,1,,0.0,0.0,1.0,1.0,0.0
DIN_02376,DINNER,,0,,0.0,0.0,0.0,0.0,0.0
DIN_02377,DINNER,,1,,0.0,1.0,1.0,0.0,0.0
DIN_02378,DINNER,,1,,0.0,0.0,0.0,0.0,0.0
DIN_02379,DINNER,,1,,0.0,0.0,1.0,0.0,0.0
DIN_02380,DINNER,,1,,0.0,1.0,0.0,1.0,0.0
DIN_02381,DINNER,,1,,0.0,0.0,0.0,0.0,0.0
DIN_02382,DINNER,,1,,0.0,0.0,1.0,0.0,1.0
DIN_02383,DINNER,,1,,0.0,1.0,1.0,1.0,1.0
DIN_02384,DINNER,,1,,0.0,0.0,1.0,0.0,0.0
DIN_02385,DINNER,,0,,0.0,1.0,0.0,1.0,0.0
DIN_02386,DINNER,,1,,0.0,0.0,1.0,1.0,0.0
DIN_02387,DINNER,,0,,1.0,0.0,0.0,0.0,0.0
DIN_02388,DINNER,,1,,0.0,1.0,1.0,0.0,1.0
DIN_02389,DINNER,,0,,0.0,1.0,1.0,1.0,0.0
DIN_02390,DINNER,,0,,0.0,1.0,1.0,0.0,1.0
DIN_02391,DINNER,,0,,0.0,1.0,1.0,0.0,0.0
DIN_02392,DINNER,,1,,0.0,0.0,1.0,1.0,1.0
DIN_02393,DINNER,,1,,0.0,0.0,1.0,0.0,1.0
DIN_02394,DINNER,,1,,0.0,1.0,1.0,0.0,0.0
DIN_02395,DINNER,,0,,1.0,0.0,0.0,0.0,0.0
DIN_02396,DINNER,,0,,0.0,0.0,1.0,1.0,0.0
DIN_02397,DINNER,,0,,0.0,1.0,1.0,0.0,1.0
DIN_02398,DINNER,,0,,0.0,0.0,0.0,0.0,1.0
DIN_02399,DINNER,,1,,0.0,0.0,0.0,0.0,1.0
DIN_02400,DINNER,,1,,0.0,1.0,1.0,0.0,0.0
DIN_02401,DINNER,,1,,0.0,0.0,0.0,0.0,1.0
DIN_02402,DINNER,,0,,0.0,1.0,1.0,1.0,0.0
DIN_02403,DINNER,,0,,1.0,0.0,0.0,0.0,0.0
DIN_02404,DINNER,,1,,0.0,1.0,1.0,1.0,0.0
DIN_02405,DINNER,,0,,0.0,0.0,1.0,1.0,0.0
DIN_02406,DINNER,,0,,0.0,0.0,1.0,0.0,1.0
DIN_02407,DINNER,,0,,0.0,1.0,1.0,0.0,1.0
DIN_02408,DINNER,,1,,0.0,1.0,1.0,1.0,0.0
DIN_02409,DINNER,,0,,0.0,1.0,0.0,1.0,0.0
DIN_02410,DINNER,,1,,0.0,1.0,1.0,1.0,0.0
DIN_02411,DINNER,,0,,0.0,0.0,0.0,0.0,1.0
DIN_02412,DINNER,,0,,0.0,0.0,0.0,1.0,0.0
DIN_02413,DINNER,,0,,0.0,1.0,0.0,0.0,0.0
DIN_02414,DINNER,,1,,0.0,1.0,0.0,0.0,1.0
DIN_02415,DINNER,,0,,0.0,1.0,1.0,1.0,0.0
DIN_02416,DINNER,,1,,0.0,0.0,1.0,0.0,0.0
DIN_02417,DINNER,,0,,1.0,0.0,0.0,0.0,0.0
DIN_02418,DINNER,,0,,1.0,0.0,0.0,0.0,0.0
DIN_02419,DINNER,,1,,0.0,1.0,1.0,1.0,1.0
DIN_02420,DINNER,,1,,0.0,1.0,1.0,0.0,0.0
DIN_02421,DINNER,,0,,1.0,0.0,0.0,0.0,0.0
DIN_02422,DINNER,,0,,0.0,0.0,1.0,0.0,0.0
DIN_02423,DINNER,,0,,1.0,0.0,0.0,0.0,0.0
DIN_02424,DINNER,,1,,0.0,0.0,0.0,0.0,0.0
DIN_02425,DINNER,,0,,0.0,1.0,0.0,0.0,0.0
DIN_02426,DINNER,,0,,0.0,1.0,0.0,0.0,0.0
DIN_02427,DINNER,,0,,1.0,0.0,0.0,0.0,0.0
DIN_02428,DINNER,,1,,0.0,1.0,1.0,0.0,1.0
DIN_02429,DINNER,,0,,0.0,0.0,1.0,0.0,1.0
DIN_02430,DINNER,,0,,0.0,1.0,1.0,1.0,0.0
DIN_02431,DINNER,,0,,0.0,1.0,1.0,0.0,0.0
DIN_02432,DINNER,,1,,0.0,1.0,1.0,0.0,1.0
DIN_02433,DINNER,,1,,0.0,1.0,0.0,0.0,0.0
DIN_02434,DINNER,,0,,1.0,0.0,0.0,0.0,0.0
DIN_02435,DINNER,,0,,0.0,1.0,1.0,1.0,1.0
DIN_02436,DINNER,,0,,0.0,0.0,0.0,0.0,0.0
DIN_02437,DINNER,,1,,0.0,0.0,1.0,1.0,1.0
DIN_02438,DINNER,,1,,0.0,1.0,0.0,0.0,1.0
DIN_02439,DINNER,,0,,0.0,0.0,0.0,0.0,0.0
DIN_02440,DINNER,,0,,1.0,0.0,0.0,0.0,0.0
DIN_02441,DINNER,,0,,0.0,1.0,1.0,0.0,0.0
DIN_02442,DINNER,,0,,0.0,1.0,1.0,1.0,1.0
DIN_02443,DINNER,,1,,0.0,1.0,1.0,0.0,0.0
DIN_02444,DINNER,,1,,0.0,1.0,1.0,0.0,0.0
DIN_02445,DINNER,,1,,0.0,1.0,1.0,1.0,0.0
DIN_02446,DINNER,,0,,0.0,1.0,0.0,0.0,0.0
DIN_02447,DINNER,,0,,1.0,0.0,0.0,0.0,0.0
DIN_02448,DINNER,,1,,0.0,1.0,1.0,0.0,0.0
DIN_02449,DINNER,,1,,0.0,1.0,1.0,1.0,1.0
DIN_02450,DINNER,,1,,0.0,1.0,1.0,0.0,1.0
DIN_02451,DINNER,,0,,0.0,0.0,0.0,0.0,0.0
DIN_02452,DINNER,,1,,0.0,0.0,1.0,1.0,0.0
DIN_02453,DINNER,,1,,0.0,0.0,1.0,0.0,0.0
DIN_02454,DINNER,,0,,0.0,0.0,1.0,1.0,0.0
DIN_02455,DINNER,,0,,1.0,0.0,0.0,0.0,0.0
DIN_02456,DINNER,,1,,0.0,0.0,0.0,0.0,0.0
DIN_02457,DINNER,,0,,0.0,0.0,1.0,1.0,1.0
DIN_02458,DINNER,,1,,0.0,1.0,1.0,1.0,1.0
DIN_02459,DINNER,,1,,0.0,1.0,1.0,0.0,1.0
DIN_02460,DINNER,,1,,0.0,0.0,0.0,0.0,0.0
DIN_02461,DINNER,,0,,0.0,0.0,0.0,1.0,0.0
DIN_02462,DINNER,,1,,0.0,0.0,1.0,0.0,1.0
DIN_02463,DINNER,,0,,0.0,0.0,1.0,1.0,0.0
DIN_02464,DINNER,,0,,0.0,1.0,1.0,0.0,1.0
DIN_02465,DINNER,,1,,0.0,0.0,1.0,0.0,0.0
DIN_02466,DINNER,,0,,0.0,1.0,1.0,0.0,1.0
DIN_02467,DINNER,,1,,0.0,1.0,1.0,0.0,0.0
DIN_02468,DINNER,,1,,0.0,1.0,1.0,0.0,1.0
DIN_02469,DINNER,,1,,0.0,1.0,1.0,1.0,0.0
DIN_02470,DINNER,,0,,0.0,1.0,1.0,0.0,0.0
DIN_02471,DINNER,,0,,0.0,0.0,1.0,1.0,1.0
DIN_02472,DINNER,,0,,0.0,1.0,1.0,1.0,0.0
DIN_02473,DINNER,,0,,0.0,0.0,0.0,0.0,0.0
DIN_02474,DINNER,,0,,0.0,0.0,1.0,0.0,1.0
DIN_02475,DINNER,,1,,0.0,0.0,0.0,0.0,0.0
DIN_02476,DINNER,,1,,0.0,1.0,1.0,0.0,1.0
DIN_02477,DINNER,,1,,0.0,0.0,1.0,1.0,1.0
DIN_02478,DINNER,,1,,0.0,1.0,1.0,1.0,1.0
DIN_02479,DINNER,,1,,0.0,0.0,0.0,0.0,0.0
DIN_02480,DINNER,,1,,0.0,1.0,1.0,0.0,1.0
DIN_02481,DINNER,,1,,0.0,1.0,1.0,0.0,1.0
DIN_02482,DINNER,,1,,0.0,0.0,1.0,1.0,0.0
DIN_02483,DINNER,,1,,0.0,1.0,1.0,1.0,1.0
DIN_02484,DINNER,,0,,0.0,1.0,1.0,1.0,1.0
DIN_02485,DINNER,,1,,0.0,1.0,1.0,0.0,0.0
DIN_02486,DINNER,,1,,0.0,1.0,0.0,0.0,0.0
DIN_02487,DINNER,,0,,0.0,0.0,0.0,0.0,0.0
DIN_02488,DINNER,,1,,0.0,0.0,1.0,0.0,0.0
DIN_02489,DINNER,,1,,0.0,1.0,0.0,0.0,0.0
DIN_02490,DINNER,,0,,0.0,0.0,1.0,0.0,0.0
DIN_02491,DINNER,,1,,0.0,1.0,1.0,0.0,1.0
DIN_02492,DINNER,,0,,0.0,1.0,1.0,1.0,0.0
DIN_02493,DINNER,,1,,0.0,0.0,1.0,0.0,0.0
DIN_02494,DINNER,,0,,0.0,1.0,1.0,1.0,1.0
DIN_02495,DINNER,,1,,0.0,1.0,1.0,1.0,1.0
DIN_02496,DINNER,,1,,0.0,1.0,1.0,1.0,0.0
DIN_02497,DINNER,,1,,0.0,0.0,0.0,0.0,0.0
DIN_02498,DINNER,,0,,0.0,1.0,1.0,1.0,0.0
DIN_02499,DINNER,,1,,0.0,1.0,0.0,0.0,0.0
DIN_02500,DINNER,,0,,0.0,1.0,1.0,1.0,1.0
DIN_02501,DINNER,,1,,0.0,1.0,1.0,1.0,0.0
DIN_02502,DINNER,,0,,0.0,0.0,1.0,1.0,1.0
DIN_02503,DINNER,,1,,0.0,0.0,1.0,1.0,1.0
DIN_02504,DINNER,,1,,0.0,0.0,1.0,1.0,1.0
DIN_02505,DINNER,,0,,0.0,1.0,1.0,0.0,0.0
DIN_02506,DINNER,,1,,0.0,1.0,1.0,1.0,1.0
DIN_02507,DINNER,,0,,0.0,0.0,1.0,1.0,0.0
DIN_02508,DINNER,,0,,0.0,1.0,1.0,1.0,0.0
DIN_02509,DINNER,,0,,1.0,0.0,0.0,0.0,0.0
DIN_02510,DINNER,,1,,0.0,0.0,1.0,0.0,0.0
DIN_02511,DINNER,,0,,0.0,0.0,1.0,0.0,0.0
DIN_02512,DINNER,,0,,0.0,0.0,1.0,0.0,0.0
DIN_02513,DINNER,,1,,0.0,1.0,1.0,0.0,0.0
DIN_02514,DINNER,,0,,0.0,1.0,0.0,0.0,1.0
DIN_02515,DINNER,,0,,0.0,0.0,0.0,0.0,0.0
DIN_02516,DINNER,,0,,0.0,0.0,1.0,0.0,1.0
DIN_02517,DINNER,,0,,1.0,0.0,0.0,0.0,0.0
DIN_02518,DINNER,,1,,0.0,0.0,0.0,1.0,0.0
DIN_02519,DINNER,,1,,0.0,1.0,0.0,0.0,0.0
DIN_02520,DINNER,,0,,1.0,0.0,0.0,0.0,0.0
DIN_02521,DINNER,,1,,0.0,1.0,1.0,0.0,1.0
DIN_02522,DINNER,,1,,0.0,1.0,1.0,0.0,0.0
DIN_02523,DINNER,,1,,0.0,1.0,1.0,0.0,0.0
DIN_02524,DINNER,,1,,0.0,0.0,1.0,1.0,0.0
DIN_02525,DINNER,,0,,0.0,1.0,1.0,1.0,1.0
DIN_02526,DINNER,,1,,0.0,0.0,1.0,1.0,0.0
DIN_02527,DINNER,,1,,0.0,1.0,0.0,0.0,0.0
DIN_02528,DINNER,,1,,0.0,0.0,1.0,1.0,1.0
DIN_02529,DINNER,,0,,0.0,0.0,0.0,1.0,0.0
DIN_02530,DINNER,,1,,0.0,1.0,1.0,1.0,0.0
DIN_02531,DINNER,,0,,0.0,0.0,0.0,0.0,1.0
DIN_02532,DINNER,,1,,0.0,1.0,1.0,1.0,0.0
DIN_02533,DINNER,,1,,0.0,1.0,1.0,0.0,0.0
DIN_02534,DINNER,,1,,0.0,1.0,0.0,0.0,0.0
DIN_02535,DINNER,,1,,0.0,1.0,1.0,0.0,0.0
DIN_02536,DINNER,,0,,0.0,1.0,0.0,1.0,0.0
DIN_02537,DINNER,,1,,0.0,1.0,1.0,0.0,0.0
DIN_02538,DINNER,,0,,0.0,0.0,0.0,0.0,1.0
DIN_02539,DINNER,,0,,0.0,0.0,1.0,0.0,1.0
DIN_02540,DINNER,,1,,0.0,0.0,1.0,0.0,1.0
DIN_02541,DINNER,,0,,0.0,0.0,0.0,0.0,1.0
DIN_02542,DINNER,,0,,0.0,1.0,0.0,0.0,0.0
DIN_02543,DINNER,,1,,0.0,1.0,1.0,0.0,0.0
DIN_02544,DINNER,,0,,0.0,1.0,1.0,1.0,1.0
DIN_02545,DINNER,,1,,0.0,1.0,1.0,0.0,1.0
DIN_02546,DINNER,,0,,0.0,0.0,0.0,1.0,0.0
DIN_02547,DINNER,,0,,0.0,0.0,1.0,1.0,1.0
DIN_02548,DINNER,,1,,0.0,1.0,0.0,1.0,1.0
DIN_02549,DINNER,,0,,0.0,0.0,1.0,0.0,0.0
DIN_02550,DINNER,,0,,0.0,0.0,1.0,1.0,0.0
DIN_02551,DINNER,,1,,0.0,0.0,1.0,0.0,0.0
DIN_02552,DINNER,,0,,0.0,1.0,1.0,0.0,0.0
DIN_02553,DINNER,,0,,1.0,0.0,0.0,0.0,0.0
DIN_02554,DINNER,,1,,0.0,1.0,1.0,0.0,0.0
DIN_02555,DINNER,,1,,0.0,0.0,1.0,0.0,0.0
DIN_02556,DINNER,,0,,0.0,0.0,0.0,0.0,0.0
DIN_02557,DINNER,,1,,0.0,1.0,0.0,0.0,1.0
DIN_02558,DINNER,,1,,0.0,1.0,1.0,0.0,1.0
DIN_02559,DINNER,,1,,0.0,0.0,1.0,0.0,0.0
DIN_02560,DINNER,,0,,0.0,0.0,0.0,0.0,1.0
DIN_02561,DINNER,,1,,0.0,0.0,1.0,0.0,0.0
DIN_02562,DINNER,,1,,0.0,1.0,1.0,0.0,1.0
DIN_02563,DINNER,,0,,0.0,0.0,0.0,1.0,0.0
DIN_02564,DINNER,,1,,0.0,0.0,1.0,1.0,0.0
DIN_02565,DINNER,,0,,1.0,0.0,0.0,0.0,0.0
DIN_02566,DINNER,,1,,0.0,1.0,1.0,1.0,1.0
DIN_02567,DINNER,,1,,0.0,1.0,1.0,1.0,1.0
DIN_02568,DINNER,,1,,0.0,1.0,1.0,0.0,1.0
DIN_02569,DINNER,,1,,0.0,1.0,1.0,1.0,1.0
DIN_02570,DINNER,,1,,0.0,1.0,1.0,1.0,0.0
DIN_02571,DINNER,,1,,0.0,0.0,0.0,1.0,1.0
DIN_02572,DINNER,,0,,1.0,0.0,0.0,0.0,0.0
DIN_02573,DINNER,,0,,0.0,1.0,0.0,0.0,0.0
DIN_02574,DINNER,,1,,0.0,1.0,1.0,1.0,0.0
DIN_02575,DINNER,,0,,1.0,0.0,0.0,0.0,0.0
DIN_02576,DINNER,,1,,0.0,1.0,1.0,0.0,0.0
DIN_02577,DINNER,,0,,0.0,1.0,0.0,0.0,0.0
DIN_02578,DINNER,,1,,0.0,1.0,1.0,1.0,0.0
DIN_02579,DINNER,,0,,0.0,0.0,0.0,0.0,0.0
DIN_02580,DINNER,,0,,0.0,1.0,0.0,0.0,0.0
DIN_02581,DINNER,,1,,0.0,1.0,1.0,1.0,1.0
DIN_02582,DINNER,,1,,0.0,1.0,1.0,0.0,0.0
DIN_02583,DINNER,,0,,0.0,0.0,0.0,0.0,0.0
DIN_02584,DINNER,,0,,0.0,1.0,1.0,0.0,0.0
DIN_02585,DINNER,,1,,0.0,1.0,1.0,1.0,1.0
DIN_02586,DINNER,,1,,0.0,1.0,0.0,0.0,0.0
DIN_02587,DINNER,,1,,0.0,1.0,1.0,1.0,0.0
DIN_02588,DINNER,,0,,0.0,1.0,1.0,1.0,1.0
DIN_02589,DINNER,,0,,0.0,0.0,0.0,0.0,1.0
DIN_02590,DINNER,,1,,0.0,1.0,0.0,0.0,0.0
DIN_02591,DINNER,,0,,0.0,1.0,1.0,1.0,0.0
DIN_02592,DINNER,,1,,0.0,0.0,1.0,1.0,0.0
DIN_02593,DINNER,,1,,0.0,0.0,1.0,1.0,0.0
DIN_02594,DINNER,,1,,0.0,0.0,1.0,0.0,0.0
DIN_02595,DINNER,,0,,0.0,0.0,0.0,1.0,0.0
DIN_02596,DINNER,,0,,1.0,0.0,0.0,0.0,0.0
DIN_02597,DINNER,,1,,0.0,1.0,1.0,0.0,0.0
DIN_02598,DINNER,,0,,0.0,1.0,0.0,0.0,0.0
DIN_02599,DINNER,,0,,0.0,1.0,1.0,1.0,1.0
DIN_02600,DINNER,,1,,0.0,1.0,1.0,1.0,1.0
DIN_02601,DINNER,,1,,0.0,1.0,1.0,1.0,1.0
DIN_02602,DINNER,,1,,0.0,1.0,1.0,0.0,1.0
DIN_02603,DINNER,,0,,0.0,1.0,1.0,0.0,0.0
DIN_02604,DINNER,,1,,0.0,1.0,1.0,0.0,1.0
DIN_02605,DINNER,,1,,0.0,1.0,1.0,0.0,0.0
DIN_02606,DINNER,,1,,0.0,1.0,1.0,1.0,1.0
DIN_02607,DINNER,,1,,0.0,1.0,1.0,1.0,1.0
DIN_02608,DINNER,,1,,0.0,1.0,1.0,1.0,0.0
DIN_02609,DINNER,,1,,0.0,1.0,1.0,0.0,0.0
DIN_02610,DINNER,,0,,0.0,0.0,1.0,1.0,0.0
DIN_02611,DINNER,,1,,0.0,1.0,1.0,0.0,1.0
DIN_02612,DINNER,,0,,0.0,1.0,1.0,1.0,1.0
DIN_02613,DINNER,,1,,0.0,1.0,1.0,0.0,0.0
DIN_02614,DINNER,,0,,0.0,0.0,0.0,0.0,0.0
DIN_02615,DINNER,,1,,0.0,0.0,1.0,0.0,0.0
DIN_02616,DINNER,,0,,1.0,0.0,0.0,0.0,0.0
DIN_02617,DINNER,,1,,0.0,1.0,1.0,0.0,0.0
DIN_02618,DINNER,,1,,0.0,0.0,1.0,0.0,0.0
DIN_02619,DINNER,,0,,0.0,0.0,1.0,0.0,0.0
DIN_02620,DINNER,,1,,0.0,1.0,0.0,0.0,0.0
DIN_02621,DINNER,,0,,0.0,1.0,1.0,1.0,1.0
DIN_02622,DINNER,,1,,0.0,0.0,1.0,0.0,1.0
DIN_02623,DINNER,,1,,0.0,1.0,1.0,1.0,0.0
DIN_02624,DINNER,,1,,0.0,1.0,1.0,1.0,1.0
DIN_02625,DINNER,,1,,0.0,1.0,0.0,0.0,1.0
DIN_02626,DINNER,,1,,0.0,1.0,0.0,0.0,0.0
DIN_02627,DINNER,,1,,0.0,1.0,1.0,0.0,0.0
DIN_02628,DINNER,,1,,0.0,0.0,1.0,1.0,0.0
DIN_02629,DINNER,,1,,0.0,1.0,1.0,1.0,0.0
DIN_02630,DINNER,,1,,0.0,0.0,1.0,1.0,1.0
DIN_02631,DINNER,,0,,0.0,0.0,0.0,1.0,0.0
DIN_02632,DINNER,,1,,0.0,0.0,0.0,1.0,0.0
DIN_02633,DINNER,,1,,0.0,1.0,1.0,0.0,0.0
DIN_02634,DINNER,,0,,0.0,0.0,1.0,0.0,1.0
DIN_02635,DINNER,,0,,0.0,1.0,0.0,0.0,0.0
DIN_02636,DINNER,,1,,0.0,0.0,0.0,1.0,0.0
DIN_02637,DINNER,,1,,0.0,1.0,1.0,0.0,0.0
DIN_02638,DINNER,,1,,0.0,1.0,1.0,1.0,1.0
DIN_02639,DINNER,,1,,0.0,1.0,1.0,0.0,1.0
DIN_02640,DINNER,,0,,1.0,0.0,0.0,0.0,0.0
DIN_02641,DINNER,,1,,0.0,1.0,1.0,1.0,0.0
DIN_02642,DINNER,,0,,0.0,1.0,1.0,1.0,1.0
DIN_02643,DINNER,,1,,0.0,1.0,1.0,1.0,1.0
DIN_02644,DINNER,,1,,0.0,0.0,1.0,0.0,0.0
DIN_02645,DINNER,,0,,0.0,0.0,1.0,0.0,0.0
DIN_02646,DINNER,,0,,0.0,1.0,1.0,1.0,0.0
DIN_02647,DINNER,,1,,0.0,1.0,1.0,0.0,0.0
DIN_02648,DINNER,,0,,0.0,0.0,1.0,0.0,1.0
DIN_02649,DINNER,,0,,1.0,0.0,0.0,0.0,0.0
DIN_02650,DINNER,,1,,0.0,1.0,1.0,1.0,0.0
DIN_02651,DINNER,,1,,0.0,1.0,1.0,0.0,1.0
DIN_02652,DINNER,,1,,0.0,1.0,1.0,0.0,0.0
DIN_02653,DINNER,,0,,0.0,1.0,0.0,1.0,0.0
DIN_02654,DINNER,,1,,0.0,1.0,0.0,0.0,1.0
DIN_02655,DINNER,,0,,0.0,1.0,0.0,0.0,0.0
DIN_02656,DINNER,,1,,0.0,0.0,0.0,0.0,0.0
DIN_02657,DINNER,,1,,0.0,1.0,1.0,1.0,0.0
DIN_02658,DINNER,,1,,0.0,1.0,1.0,0.0,1.0
DIN_02659,DINNER,,1,,0.0,0.0,1.0,1.0,1.0
DIN_02660,DINNER,,0,,1.0,0.0,0.0,0.0,0.0
DIN_02661,DINNER,,1,,0.0,1.0,1.0,0.0,0.0
DIN_02662,DINNER,,0,,0.0,0.0,1.0,1.0,1.0
DIN_02663,DINNER,,1,,0.0,1.0,1.0,0.0,0.0
DIN_02664,DINNER,,0,,1.0,0.0,0.0,0.0,0.0
DIN_02665,DINNER,,0,,0.0,0.0,0.0,1.0,0.0
DIN_02666,DINNER,,1,,0.0,1.0,1.0,0.0,0.0
DIN_02667,DINNER,,0,,0.0,0.0,1.0,0.0,0.0
DIN_02668,DINNER,,1,,0.0,0.0,1.0,0.0,1.0
DIN_02669,DINNER,,0,,0.0,0.0,0.0,0.0,0.0
DIN_02670,DINNER,,0,,1.0,0.0,0.0,0.0,0.0
DIN_02671,DINNER,,0,,0.0,0.0,0.0,0.0,1.0
DIN_02672,DINNER,,0,,0.0,0.0,0.0,1.0,0.0
DIN_02673,DINNER,,0,,0.0,1.0,1.0,1.0,0.0
DIN_02674,DINNER,,1,,0.0,0.0,1.0,1.0,0.0
DIN_02675,DINNER,,1,,0.0,1.0,1.0,1.0,0.0
DIN_02676,DINNER,,0,,0.0,1.0,1.0,1.0,0.0
DIN_02677,DINNER,,1,,0.0,1.0,0.0,0.0,1.0
DIN_02678,DINNER,,1,,0.0,1.0,1.0,1.0,0.0
DIN_02679,DINNER,,0,,0.0,0.0,0.0,0.0,0.0
DIN_02680,DINNER,,1,,0.0,1.0,1.0,0.0,0.0
DIN_02681,DINNER,,0,,1.0,0.0,0.0,0.0,0.0
DIN_02682,DINNER,,0,,0.0,0.0,0.0,0.0,0.0
DIN_02683,DINNER,,0,,0.0,0.0,1.0,0.0,1.0
DIN_02684,DINNER,,0,,1.0,0.0,0.0,0.0,0.0
DIN_02685,DINNER,,1,,0.0,0.0,0.0,0.0,1.0
DIN_02686,DINNER,,0,,0.0,0.0,0.0,0.0,0.0
DIN_02687,DINNER,,1,,0.0,1.0,1.0,1.0,1.0
DIN_02688,DINNER,,1,,0.0,1.0,1.0,0.0,1.0
DIN_02689,DINNER,,1,,0.0,0.0,1.0,1.0,0.0
DIN_02690,DINNER,,1,,0.0,1.0,1.0,1.0,1.0
DIN_02691,DINNER,,0,,0.0,1.0,0.0,0.0,0.0
DIN_02692,DINNER,,0,,1.0,0.0,0.0,0.0,0.0
DIN_02693,DINNER,,1,,0.0,0.0,1.0,0.0,1.0
DIN_02694,DINNER,,1,,0.0,0.0,1.0,0.0,0.0
DIN_02695,DINNER,,1,,0.0,1.0,1.0,1.0,0.0
DIN_02696,DINNER,,1,,0.0,1.0,1.0,0.0,1.0
DIN_02697,DINNER,,1,,0.0,1.0,1.0,1.0,0.0
DIN_02698,DINNER,,0,,0.0,0.0,1.0,1.0,0.0
DIN_02699,DINNER,,0,,0.0,1.0,1.0,0.0,0.0
DIN_02700,DINNER,,0,,0.0,0.0,1.0,1.0,0.0
DIN_02701,DINNER,,1,,0.0,1.0,1.0,1.0,1.0
DIN_02702,DINNER,,0,,0.0,1.0,0.0,0.0,0.0
DIN_02703,DINNER,,0,,0.0,0.0,0.0,0.0,0.0
DIN_02704,DINNER,,0,,0.0,1.0,1.0,0.0,0.0
DIN_02705,DINNER,,0,,0.0,0.0,1.0,0.0,1.0
DIN_02706,DINNER,,0,,0.0,0.0,1.0,1.0,1.0
DIN_02707,DINNER,,0,,0.0,1.0,1.0,0.0,0.0
DIN_02708,DINNER,,1,,0.0,1.0,0.0,0.0,0.0
DIN_02709,DINNER,,0,,0.0,1.0,1.0,1.0,0.0
DIN_02710,DINNER,,1,,0.0,0.0,1.0,0.0,0.0
DIN_02711,DINNER,,1,,0.0,1.0,1.0,1.0,0.0
DIN_02712,DINNER,,1,,0.0,1.0,0.0,0.0,0.0
DIN_02713,DINNER,,1,,0.0,0.0,0.0,0.0,0.0
DIN_02714,DINNER,,0,,0.0,1.0,1.0,0.0,1.0
DIN_02715,DINNER,,1,,0.0,0.0,1.0,1.0,0.0
DIN_02716,DINNER,,0,,0.0,0.0,0.0,1.0,0.0
DIN_02717,DINNER,,1,,0.0,1.0,0.0,1.0,1.0
DIN_02718,DINNER,,1,,0.0,1.0,1.0,1.0,1.0
DIN_02719,DINNER,,0,,0.0,0.0,1.0,1.0,1.0
DIN_02720,DINNER,,1,,0.0,1.0,1.0,1.0,1.0
DIN_02721,DINNER,,1,,0.0,1.0,1.0,1.0,1.0
DIN_02722,DINNER,,0,,1.0,0.0,0.0,0.0,0.0
DIN_02723,DINNER,,0,,1.0,0.0,0.0,0.0,0.0
DIN_02724,DINNER,,0,,0.0,0.0,1.0,0.0,0.0
DIN_02725,DINNER,,0,,0.0,0.0,0.0,0.0,0.0
DIN_02726,DINNER,,1,,0.0,1.0,1.0,0.0,1.0
DIN_02727,DINNER,,0,,0.0,1.0,0.0,1.0,0.0
DIN_02728,DINNER,,0,,0.0,0.0,0.0,1.0,0.0
DIN_02729,DINNER,,1,,0.0,0.0,1.0,0.0,0.0
DIN_02730,DINNER,,1,,0.0,1.0,0.0,0.0,1.0
DIN_02731,DINNER,,0,,0.0,1.0,0.0,0.0,0.0
DIN_02732,DINNER,,0,,0.0,0.0,1.0,0.0,0.0
DIN_02733,DINNER,,1,,0.0,1.0,1.0,0.0,1.0
DIN_02734,DINNER,,0,,1.0,0.0,0.0,0.0,0.0
DIN_02735,DINNER,,0,,1.0,0.0,0.0,0.0,0.0
DIN_02736,DINNER,,1,,0.0,0.0,1.0,1.0,1.0
DIN_02737,DINNER,,1,,0.0,1.0,1.0,1.0,1.0
DIN_02738,DINNER,,1,,0.0,0.0,1.0,1.0,0.0
DIN_02739,DINNER,,1,,0.0,1.0,1.0,0.0,0.0
DIN_02740,DINNER,,1,,0.0,1.0,0.0,0.0,0.0
DIN_02741,DINNER,,0,,0.0,1.0,1.0,0.0,1.0
DIN_02742,DINNER,,1,,0.0,0.0,0.0,1.0,0.0
DIN_02743,DINNER,,1,,0.0,1.0,1.0,1.0,0.0
DIN_02744,DINNER,,1,,0.0,0.0,1.0,0.0,1.0
DIN_02745,DINNER,,0,,0.0,1.0,0.0,0.0,1.0
DIN_02746,DINNER,,1,,0.0,1.0,1.0,1.0,1.0
DIN_02747,DINNER,,1,,0.0,0.0,0.0,0.0,1.0
DIN_02748,DINNER,,0,,0.0,0.0,0.0,0.0,0.0
DIN_02749,DINNER,,1,,0.0,0.0,0.0,0.0,1.0
DIN_02750,DINNER,,1,,0.0,1.0,1.0,1.0,1.0
DIN_02751,DINNER,,0,,0.0,1.0,1.0,1.0,0.0
DIN_02752,DINNER,,1,,0.0,1.0,1.0,1.0,1.0
DIN_02753,DINNER,,1,,0.0,1.0,1.0,0.0,1.0
DIN_02754,DINNER,,1,,0.0,1.0,1.0,1.0,0.0
DIN_02755,DINNER,,0,,0.0,0.0,1.0,1.0,1.0
DIN_02756,DINNER,,0,,0.0,0.0,0.0,0.0,0.0
DIN_02757,DINNER,,1,,0.0,1.0,0.0,0.0,0.0
DIN_02758,DINNER,,0,,0.0,0.0,0.0,1.0,1.0
DIN_02759,DINNER,,1,,0.0,1.0,0.0,0.0,1.0
DIN_02760,DINNER,,0,,0.0,0.0,0.0,0.0,0.0
DIN_02761,DINNER,,1,,0.0,1.0,0.0,0.0,1.0
DIN_02762,DINNER,,1,,0.0,0.0,1.0,1.0,0.0
DIN_02763,DINNER,,1,,0.0,1.0,1.0,0.0,0.0
DIN_02764,DINNER,,0,,0.0,1.0,0.0,0.0,1.0
DIN_02765,DINNER,,0,,0.0,1.0,0.0,0.0,0.0
DIN_02766,DINNER,,1,,0.0,1.0,1.0,1.0,0.0
DIN_02767,DINNER,,1,,0.0,0.0,1.0,0.0,1.0
DIN_02768,DINNER,,1,,0.0,1.0,1.0,1.0,0.0
DIN_02769,DINNER,,1,,0.0,0.0,1.0,1.0,1.0
DIN_02770,DINNER,,1,,0.0,1.0,1.0,1.0,1.0
DIN_02771,DINNER,,0,,0.0,1.0,1.0,1.0,1.0
DIN_02772,DINNER,,0,,1.0,0.0,0.0,0.0,0.0
DIN_02773,DINNER,,0,,0.0,1.0,0.0,1.0,0.0
DIN_02774,DINNER,,0,,0.0,0.0,0.0,0.0,1.0
DIN_02775,DINNER,,1,,0.0,1.0,1.0,0.0,0.0
DIN_02776,DINNER,,1,,0.0,0.0,1.0,1.0,0.0
DIN_02777,DINNER,,1,,0.0,0.0,1.0,1.0,1.0
DIN_02778,DINNER,,1,,0.0,1.0,1.0,1.0,1.0
DIN_02779,DINNER,,0,,0.0,1.0,1.0,1.0,1.0
DIN_02780,DINNER,,1,,0.0,1.0,1.0,0.0,0.0
DIN_02781,DINNER,,1,,0.0,1.0,1.0,1.0,1.0
DIN_02782,DINNER,,1,,0.0,0.0,0.0,0.0,1.0
DIN_02783,DINNER,,0,,0.0,0.0,1.0,0.0,0.0
DIN_02784,DINNER,,1,,0.0,1.0,1.0,1.0,1.0
DIN_02785,DINNER,,0,,0.0,0.0,1.0,0.0,1.0
DIN_02786,DINNER,,1,,0.0,1.0,1.0,1.0,0.0
DIN_02787,DINNER,,1,,0.0,1.0,1.0,0.0,0.0
DIN_02788,DINNER,,0,,0.0,1.0,0.0,0.0,0.0
DIN_02789,DINNER,,1,,0.0,1.0,1.0,0.0,0.0
DIN_02790,DINNER,,1,,0.0,1.0,1.0,0.0,0.0
DIN_02791,DINNER,,1,,0.0,0.0,1.0,0.0,0.0
DIN_02792,DINNER,,1,,0.0,1.0,0.0,0.0,1.0
DIN_02793,DINNER,,0,,1.0,0.0,0.0,0.0,0.0
DIN_02794,DINNER,,1,,0.0,0.0,0.0,0.0,0.0
DIN_02795,DINNER,,0,,0.0,0.0,0.0,0.0,0.0
DIN_02796,DINNER,,1,,0.0,0.0,0.0,1.0,1.0
DIN_02797,DINNER,,1,,0.0,0.0,1.0,0.0,0.0
DIN_02798,DINNER,,1,,0.0,1.0,1.0,1.0,1.0
DIN_02799,DINNER,,1,,0.0,1.0,1.0,1.0,1.0
DIN_02800,DINNER,,1,,0.0,1.0,1.0,1.0,0.0
DIN_02801,DINNER,,1,,0.0,1.0,1.0,0.0,0.0
DIN_02802,DINNER,,0,,1.0,0.0,0.0,0.0,0.0
DIN_02803,DINNER,,0,,0.0,1.0,1.0,0.0,1.0
DIN_02804,DINNER,,1,,0.0,0.0,1.0,0.0,0.0
DIN_02805,DINNER,,0,,0.0,0.0,0.0,1.0,0.0
DIN_02806,DINNER,,0,,0.0,0.0,0.0,0.0,1.0
DIN_02807,DINNER,,0,,1.0,0.0,0.0,0.0,0.0
DIN_02808,DINNER,,1,,0.0,1.0,1.0,0.0,1.0
DIN_02809,DINNER,,0,,0.0,0.0,1.0,0.0,0.0
DIN_02810,DINNER,,0,,0.0,1.0,0.0,0.0,0.0
DIN_02811,DINNER,,0,,1.0,0.0,0.0,0.0,0.0
DIN_02812,DINNER,,1,,0.0,1.0,0.0,0.0,1.0
DIN_02813,DINNER,,1,,0.0,0.0,1.0,1.0,0.0
DIN_02814,DINNER,,1,,0.0,1.0,1.0,0.0,0.0
DIN_02815,DINNER,,1,,0.0,0.0,1.0,1.0,0.0
DIN_02816,DINNER,,1,,0.0,1.0,1.0,1.0,1.0
DIN_02817,DINNER,,1,,0.0,0.0,1.0,0.0,1.0
DIN_02818,DINNER,,0,,0.0,0.0,0.0,0.0,0.0
DIN_02819,DINNER,,1,,0.0,1.0,1.0,0.0,1.0
DIN_02820,DINNER,,1,,0.0,0.0,1.0,0.0,0.0
DIN_02821,DINNER,,0,,0.0,0.0,0.0,0.0,1.0
DIN_02822,DINNER,,0,,0.0,0.0,1.0,0.0,0.0
DIN_02823,DINNER,,0,,1.0,0.0,0.0,0.0,0.0
DIN_02824,DINNER,,1,,0.0,1.0,1.0,1.0,1.0
DIN_02825,DINNER,,1,,0.0,1.0,1.0,0.0,1.0
DIN_02826,DINNER,,0,,0.0,0.0,0.0,1.0,0.0
DIN_02827,DINNER,,0,,0.0,0.0,0.0,0.0,0.0
DIN_02828,DINNER,,0,,0.0,1.0,1.0,1.0,1.0
DIN_02829,DINNER,,1,,0.0,1.0,1.0,0.0,1.0
DIN_02830,DINNER,,1,,0.0,1.0,0.0,0.0,0.0
DIN_02831,DINNER,,1,,0.0,1.0,1.0,1.0,1.0
DIN_02832,DINNER,,0,,0.0,0.0,1.0,1.0,1.0
DIN_02833,DINNER,,1,,0.0,1.0,1.0,1.0,0.0
DIN_02834,DINNER,,1,,0.0,1.0,0.0,0.0,0.0
DIN_02835,DINNER,,0,,1.0,0.0,0.0,0.0,0.0
DIN_02836,DINNER,,1,,0.0,1.0,1.0,1.0,1.0
DIN_02837,DINNER,,0,,1.0,0.0,0.0,0.0,0.0
DIN_02838,DINNER,,0,,1.0,0.0,0.0,0.0,0.0
DIN_02839,DINNER,,1,,0.0,0.0,0.0,1.0,0.0
DIN_02840,DINNER,,0,,0.0,1.0,1.0,1.0,1.0
DIN_02841,DINNER,,0,,0.0,0.0,1.0,0.0,0.0
DIN_02842,DINNER,,1,,0.0,1.0,1.0,0.0,1.0
DIN_02843,DINNER,,1,,0.0,0.0,1.0,0.0,0.0
DIN_02844,DINNER,,1,,0.0,1.0,1.0,1.0,0.0
DIN_02845,DINNER,,0,,0.0,0.0,1.0,0.0,0.0
DIN_02846,DINNER,,0,,0.0,1.0,0.0,0.0,0.0
DIN_02847,DINNER,,0,,0.0,1.0,1.0,1.0,0.0
DIN_02848,DINNER,,0,,0.0,0.0,0.0,1.0,0.0
DIN_02849,DINNER,,0,,0.0,0.0,1.0,1.0,0.0
DIN_02850,DINNER,,0,,1.0,0.0,0.0,0.0,0.0
DIN_02851,DINNER,,1,,0.0,0.0,0.0,1.0,0.0
DIN_02852,DINNER,,0,,1.0,0.0,0.0,0.0,0.0
DIN_02853,DINNER,,1,,0.0,0.0,1.0,0.0,0.0
DIN_02854,DINNER,,0,,0.0,1.0,0.0,1.0,0.0
DIN_02855,DINNER,,1,,0.0,1.0,1.0,1.0,1.0
DIN_02856,DINNER,,0,,0.0,1.0,1.0,1.0,0.0
DIN_02857,DINNER,,1,,0.0,0.0,1.0,1.0,1.0
DIN_02858,DINNER,,1,,0.0,0.0,1.0,1.0,1.0
DIN_02859,DINNER,,0,,1.0,0.0,0.0,0.0,0.0
DIN_02860,DINNER,,0,,1.0,0.0,0.0,0.0,0.0
DIN_02861,DINNER,,1,,0.0,0.0,0.0,0.0,1.0
DIN_02862,DINNER,,1,,0.0,1.0,1.0,0.0,0.0
DIN_02863,DINNER,,1,,0.0,1.0,0.0,1.0,0.0
DIN_02864,DINNER,,0,,0.0,0.0,0.0,0.0,0.0
DIN_02865,DINNER,,0,,1.0,0.0,0.0,0.0,0.0
DIN_02866,DINNER,,1,,0.0,1.0,1.0,0.0,0.0
DIN_02867,DINNER,,1,,0.0,1.0,1.0,1.0,1.0
DIN_02868,DINNER,,0,,0.0,1.0,1.0,1.0,0.0
DIN_02869,DINNER,,1,,0.0,0.0,1.0,1.0,0.0
DIN_02870,DINNER,,0,,0.0,1.0,1.0,0.0,0.0
DIN_02871,DINNER,,0,,1.0,0.0,0.0,0.0,0.0
DIN_02872,DINNER,,0,,1.0,0.0,0.0,0.0,0.0
DIN_02873,DINNER,,1,,0.0,1.0,0.0,1.0,1.0
DIN_02874,DINNER,,1,,0.0,1.0,0.0,1.0,0.0
DIN_02875,DINNER,,1,,0.0,1.0,1.0,0.0,1.0
DIN_02876,DINNER,,1,,0.0,1.0,1.0,1.0,1.0
DIN_02877,DINNER,,1,,0.0,0.0,1.0,1.0,0.0
DIN_02878,DINNER,,1,,0.0,1.0,1.0,0.0,0.0
DIN_02879,DINNER,,1,,0.0,0.0,1.0,0.0,0.0
DIN_02880,DINNER,,1,,0.0,1.0,1.0,0.0,1.0
DIN_02881,DINNER,,1,,0.0,1.0,1.0,1.0,1.0
DIN_02882,DINNER,,1,,0.0,1.0,1.0,0.0,1.0
DIN_02883,DINNER,,0,,0.0,1.0,0.0,0.0,0.0
DIN_02884,DINNER,,1,,0.0,1.0,1.0,1.0,0.0
DIN_02885,DINNER,,1,,0.0,1.0,1.0,1.0,1.0
DIN_02886,DINNER,,0,,1.0,0.0,0.0,0.0,0.0
DIN_02887,DINNER,,1,,0.0,1.0,0.0,0.0,0.0
DIN_02888,DINNER,,0,,1.0,0.0,0.0,0.0,0.0
DIN_02889,DINNER,,1,,0.0,1.0,0.0,0.0,1.0
DIN_02890,DINNER,,1,,0.0,0.0,0.0,0.0,1.0
DIN_02891,DINNER,,0,,1.0,0.0,0.0,0.0,0.0
DIN_02892,DINNER,,0,,0.0,0.0,0.0,0.0,1.0
DIN_02893,DINNER,,0,,1.0,0.0,0.0,0.0,0.0
DIN_02894,DINNER,,1,,0.0,1.0,1.0,1.0,1.0
DIN_02895,DINNER,,0,,0.0,0.0,1.0,1.0,0.0
DIN_02896,DINNER,,1,,0.0,1.0,0.0,1.0,1.0
DIN_02897,DINNER,,1,,0.0,1.0,1.0,0.0,0.0
DIN_02898,DINNER,,1,,0.0,1.0,1.0,0.0,1.0
DIN_02899,DINNER,,0,,0.0,1.0,0.0,0.0,0.0
DIN_02900,DINNER,,1,,0.0,1.0,0.0,1.0,1.0
DIN_02901,DINNER,,0,,0.0,0.0,0.0,1.0,1.0
DIN_02902,DINNER,,1,,0.0,1.0,0.0,0.0,0.0
DIN_02903,DINNER,,0,,0.0,0.0,1.0,0.0,0.0
DIN_02904,DINNER,,1,,0.0,1.0,1.0,0.0,0.0
DIN_02905,DINNER,,1,,0.0,1.0,1.0,0.0,1.0
DIN_02906,DINNER,,0,,0.0,1.0,1.0,1.0,0.0
DIN_02907,DINNER,,0,,0.0,0.0,1.0,0.0,1.0
DIN_02908,DINNER,,1,,0.0,0.0,1.0,1.0,1.0
DIN_02909,DINNER,,1,,0.0,0.0,1.0,1.0,0.0
DIN_02910,DINNER,,0,,1.0,0.0,0.0,0.0,0.0
DIN_02911,DINNER,,0,,1.0,0.0,0.0,0.0,0.0
DIN_02912,DINNER,,1,,0.0,1.0,1.0,0.0,1.0
DIN_02913,DINNER,,1,,0.0,1.0,1.0,1.0,1.0
DIN_02914,DINNER,,1,,0.0,0.0,1.0,1.0,0.0
DIN_02915,DINNER,,1,,0.0,0.0,0.0,0.0,1.0
DIN_02916,DINNER,,0,,0.0,0.0,1.0,0.0,0.0
DIN_02917,DINNER,,0,,1.0,0.0,0.0,0.0,0.0
DIN_02918,DINNER,,0,,0.0,0.0,0.0,0.0,0.0
DIN_02919,DINNER,,0,,0.0,1.0,0.0,0.0,0.0
DIN_02920,DINNER,,1,,0.0,1.0,0.0,0.0,1.0
DIN_02921,DINNER,,1,,0.0,1.0,1.0,0.0,0.0
DIN_02922,DINNER,,1,,0.0,1.0,1.0,0.0,0.0
DIN_02923,DINNER,,1,,0.0,0.0,1.0,0.0,0.0
DIN_02924,DINNER,,1,,0.0,0.0,1.0,1.0,0.0
DIN_02925,DINNER,,1,,0.0,1.0,1.0,0.0,0.0
DIN_02926,DINNER,,0,,1.0,0.0,0.0,0.0,0.0
DIN_02927,DINNER,,1,,0.0,0.0,1.0,0.0,1.0
DIN_02928,DINNER,,1,,0.0,0.0,0.0,0.0,1.0
DIN_02929,DINNER,,1,,0.0,1.0,1.0,1.0,1.0
DIN_02930,DINNER,,1,,0.0,1.0,1.0,0.0,0.0
DIN_02931,DINNER,,1,,0.0,0.0,1.0,1.0,1.0
DIN_02932,DINNER,,0,,0.0,0.0,0.0,0.0,0.0
DIN_02933,DINNER,,0,,0.0,1.0,1.0,0.0,0.0
DIN_02934,DINNER,,0,,0.0,1.0,1.0,1.0,1.0
DIN_02935,DINNER,,1,,0.0,1.0,0.0,0.0,1.0
DIN_02936,DINNER,,1,,0.0,0.0,1.0,0.0,0.0
DIN_02937,DINNER,,1,,0.0,0.0,1.0,1.0,1.0
DIN_02938,DINNER,,1,,0.0,1.0,1.0,1.0,0.0
DIN_02939,DINNER,,1,,0.0,0.0,0.0,0.0,0.0
DIN_02940,DINNER,,0,,0.0,0.0,0.0,1.0,0.0
DIN_02941,DINNER,,1,,0.0,1.0,1.0,1.0,0.0
DIN_02942,DINNER,,1,,0.0,1.0,1.0,0.0,0.0
DIN_02943,DINNER,,0,,0.0,0.0,1.0,0.0,1.0
DIN_02944,DINNER,,0,,1.0,0.0,0.0,0.0,0.0
DIN_02945,DINNER,,0,,0.0,0.0,0.0,1.0,0.0
DIN_02946,DINNER,,1,,0.0,1.0,1.0,0.0,1.0
DIN_02947,DINNER,,0,,0.0,0.0,1.0,0.0,1.0
DIN_02948,DINNER,,0,,0.0,1.0,1.0,1.0,0.0
DIN_02949,DINNER,,0,,0.0,0.0,1.0,0.0,1.0
DIN_02950,DINNER,,1,,0.0,0.0,1.0,1.0,1.0
DIN_02951,DINNER,,1,,0.0,1.0,1.0,0.0,0.0
DIN_02952,DINNER,,1,,0.0,0.0,0.0,0.0,0.0
DIN_02953,DINNER,,0,,0.0,1.0,1.0,0.0,0.0
DIN_02954,DINNER,,1,,0.0,1.0,0.0,0.0,0.0
DIN_02955,DINNER,,0,,0.0,0.0,1.0,0.0,0.0
DIN_02956,DINNER,,0,,0.0,0.0,1.0,1.0,0.0
DIN_02957,DINNER,,0,,0.0,0.0,0.0,0.0,1.0
DIN_02958,DINNER,,1,,0.0,0.0,1.0,1.0,1.0
DIN_02959,DINNER,,0,,0.0,0.0,1.0,0.0,1.0
DIN_02960,DINNER,,1,,0.0,1.0,1.0,0.0,1.0
DIN_02961,DINNER,,1,,0.0,1.0,1.0,1.0,1.0
DIN_02962,DINNER,,1,,0.0,1.0,0.0,1.0,1.0
DIN_02963,DINNER,,1,,0.0,0.0,1.0,0.0,0.0
DIN_02964,DINNER,,0,,1.0,0.0,0.0,0.0,0.0
DIN_02965,DINNER,,0,,1.0,0.0,0.0,0.0,0.0
DIN_02966,DINNER,,0,,0.0,1.0,1.0,0.0,0.0
DIN_02967,DINNER,,1,,0.0,1.0,1.0,0.0,0.0
DIN_02968,DINNER,,0,,0.0,0.0,0.0,0.0,0.0
DIN_02969,DINNER,,1,,0.0,0.0,1.0,0.0,0.0
DIN_02970,DINNER,,1,,0.0,1.0,1.0,0.0,1.0
DIN_02971,DINNER,,1,,0.0,1.0,1.0,1.0,0.0
DIN_02972,DINNER,,0,,0.0,1.0,0.0,0.0,1.0
DIN_02973,DINNER,,1,,0.0,0.0,1.0,1.0,0.0
DIN_02974,DINNER,,1,,0.0,1.0,1.0,1.0,1.0
DIN_02975,DINNER,,1,,0.0,0.0,0.0,1.0,0.0
DIN_02976,DINNER,,1,,0.0,0.0,1.0,1.0,0.0
DIN_02977,DINNER,,1,,0.0,1.0,1.0,0.0,1.0
DIN_02978,DINNER,,0,,0.0,1.0,1.0,0.0,0.0
DIN_02979,DINNER,,0,,0.0,0.0,1.0,0.0,0.0
DIN_02980,DINNER,,1,,0.0,1.0,1.0,0.0,0.0
DIN_02981,DINNER,,0,,1.0,0.0,0.0,0.0,0.0
DIN_02982,DINNER,,1,,0.0,0.0,1.0,0.0,1.0
DIN_02983,DINNER,,0,,0.0,0.0,1.0,0.0,0.0
DIN_02984,DINNER,,1,,0.0,0.0,0.0,0.0,0.0
DIN_02985,DINNER,,0,,1.0,0.0,0.0,0.0,0.0
DIN_02986,DINNER,,1,,0.0,1.0,1.0,1.0,1.0
DIN_02987,DINNER,,1,,0.0,1.0,1.0,1.0,0.0
DIN_02988,DINNER,,1,,0.0,1.0,1.0,0.0,0.0
DIN_02989,DINNER,,0,,0.0,0.0,0.0,0.0,0.0
DIN_02990,DINNER,,1,,0.0,0.0,0.0,0.0,0.0
DIN_02991,DINNER,,0,,1.0,0.0,0.0,0.0,0.0
DIN_02992,DINNER,,1,,0.0,1.0,1.0,1.0,1.0
DIN_02993,DINNER,,1,,0.0,0.0,1.0,0.0,0.0
DIN_02994,DINNER,,1,,0.0,1.0,1.0,0.0,0.0
DIN_02995,DINNER,,1,,0.0,1.0,1.0,0.0,1.0
DIN_02996,DINNER,,0,,1.0,0.0,0.0,0.0,0.0
DIN_02997,DINNER,,1,,0.0,0.0,0.0,0.0,1.0
DIN_02998,DINNER,,1,,0.0,1.0,0.0,1.0,0.0
DIN_02999,DINNER,,1,,0.0,1.0,1.0,0.0,1.0
DIN_03000,DINNER,,1,,0.0,0.0,1.0,0.0,0.0
DIN_03001,DINNER,,1,,0.0,0.0,0.0,0.0,1.0
DIN_03002,DINNER,,0,,0.0,1.0,0.0,0.0,0.0
DIN_03003,DINNER,,0,,1.0,0.0,0.0,0.0,0.0
DIN_03004,DINNER,,0,,0.0,0.0,0.0,0.0,1.0
DIN_03005,DINNER,,0,,1.0,0.0,0.0,0.0,0.0
DIN_03006,DINNER,,1,,0.0,0.0,1.0,1.0,1.0
DIN_03007,DINNER,,0,,1.0,0.0,0.0,0.0,0.0
DIN_03008,DINNER,,1,,0.0,1.0,1.0,1.0,1.0
DIN_03009,DINNER,,0,,0.0,0.0,0.0,0.0,0.0
DIN_03010,DINNER,,1,,0.0,0.0,1.0,1.0,1.0
DIN_03011,DINNER,,0,,0.0,0.0,0.0,0.0,0.0
DIN_03012,DINNER,,0,,0.0,0.0,0.0,1.0,0.0
DIN_03013,DINNER,,0,,0.0,0.0,0.0,0.0,0.0
DIN_03014,DINNER,,1,,0.0,1.0,1.0,1.0,1.0
DIN_03015,DINNER,,1,,0.0,1.0,1.0,0.0,1.0
DIN_03016,DINNER,,0,,0.0,1.0,0.0,0.0,0.0
DIN_03017,DINNER,,0,,1.0,0.0,0.0,0.0,0.0
DIN_03018,DINNER,,0,,1.0,0.0,0.0,0.0,0.0
DIN_03019,DINNER,,1,,0.0,1.0,1.0,1.0,0.0
DIN_03020,DINNER,,1,,0.0,1.0,1.0,0.0,1.0
DIN_03021,DINNER,,0,,1.0,0.0,0.0,0.0,0.0
DIN_03022,DINNER,,1,,0.0,0.0,1.0,1.0,0.0
DIN_03023,DINNER,,0,,0.0,1.0,0.0,1.0,1.0
DIN_03024,DINNER,,0,,1.0,0.0,0.0,0.0,0.0
DIN_03025,DINNER,,0,,1.0,0.0,0.0,0.0,0.0
DIN_03026,DINNER,,1,,0.0,1.0,0.0,1.0,1.0
DIN_03027,DINNER,,1,,0.0,1.0,1.0,0.0,0.0
DIN_03028,DINNER,,1,,0.0,0.0,1.0,1.0,1.0
DIN_03029,DINNER,,1,,0.0,1.0,1.0,0.0,0.0
DIN_03030,DINNER,,1,,0.0,1.0,1.0,1.0,0.0
DIN_03031,DINNER,,0,,0.0,0.0,0.0,1.0,1.0
DIN_03032,DINNER,,0,,1.0,0.0,0.0,0.0,0.0
DIN_03033,DINNER,,0,,0.0,1.0,1.0,1.0,1.0
DIN_03034,DINNER,,1,,0.0,0.0,1.0,0.0,1.0
DIN_03035,DINNER,,1,,0.0,1.0,1.0,1.0,1.0
DIN_03036,DINNER,,1,,0.0,0.0,0.0,0.0,1.0
DIN_03037,DINNER,,1,,0.0,0.0,1.0,0.0,0.0
DIN_03038,DINNER,,1,,0.0,1.0,1.0,0.0,1.0
DIN_03039,DINNER,,0,,1.0,0.0,0.0,0.0,0.0
DIN_03040,DINNER,,1,,0.0,1.0,1.0,0.0,1.0
DIN_03041,DINNER,,1,,0.0,1.0,1.0,0.0,0.0
DIN_03042,DINNER,,1,,0.0,0.0,0.0,1.0,0.0
DIN_03043,DINNER,,1,,0.0,1.0,1.0,1.0,0.0
DIN_03044,DINNER,,1,,0.0,1.0,0.0,0.0,0.0
DIN_03045,DINNER,,0,,0.0,1.0,1.0,0.0,0.0
DIN_03046,DINNER,,1,,0.0,1.0,1.0,0.0,0.0
DIN_03047,DINNER,,0,,0.0,1.0,1.0,0.0,1.0
DIN_03048,DINNER,,1,,0.0,1.0,1.0,0.0,1.0
DIN_03049,DINNER,,0,,0.0,0.0,0.0,0.0,1.0
DIN_03050,DINNER,,0,,0.0,0.0,1.0,1.0,0.0
DIN_03051,DINNER,,1,,0.0,1.0,0.0,1.0,0.0
DIN_03052,DINNER,,1,,0.0,1.0,1.0,0.0,0.0
DIN_03053,DINNER,,1,,0.0,1.0,1.0,1.0,0.0
DIN_03054,DINNER,,0,,0.0,1.0,0.0,1.0,0.0
DIN_03055,DINNER,,0,,1.0,0.0,0.0,0.0,0.0
DIN_03056,DINNER,,0,,0.0,0.0,0.0,1.0,0.0
DIN_03057,DINNER,,0,,0.0,1.0,1.0,1.0,1.0
DIN_03058,DINNER,,0,,0.0,1.0,1.0,0.0,0.0
DIN_03059,DINNER,,1,,0.0,0.0,0.0,0.0,1.0
DIN_03060,DINNER,,1,,0.0,1.0,1.0,1.0,1.0
DIN_03061,DINNER,,1,,0.0,0.0,0.0,0.0,0.0
DIN_03062,DINNER,,1,,0.0,0.0,1.0,0.0,0.0
DIN_03063,DINNER,,1,,0.0,1.0,1.0,0.0,0.0
DIN_03064,DINNER,,1,,0.0,1.0,0.0,0.0,0.0
DIN_03065,DINNER,,1,,0.0,1.0,1.0,0.0,1.0
DIN_03066,DINNER,,1,,0.0,1.0,1.0,0.0,0.0
DIN_03067,DINNER,,0,,1.0,0.0,0.0,0.0,0.0
DIN_03068,DINNER,,0,,1.0,0.0,0.0,0.0,0.0
DIN_03069,DINNER,,0,,0.0,0.0,0.0,0.0,0.0
DIN_03070,DINNER,,0,,1.0,0.0,0.0,0.0,0.0
DIN_03071,DINNER,,1,,0.0,1.0,1.0,1.0,0.0
DIN_03072,DINNER,,0,,1.0,0.0,0.0,0.0,0.0
DIN_03073,DINNER,,0,,0.0,1.0,1.0,1.0,1.0
DIN_03074,DINNER,,1,,0.0,0.0,1.0,0.0,0.0
DIN_03075,DINNER,,1,,0.0,0.0,1.0,0.0,0.0
DIN_03076,DINNER,,0,,1.0,0.0,0.0,0.0,0.0
DIN_03077,DINNER,,1,,0.0,1.0,0.0,1.0,0.0
DIN_03078,DINNER,,1,,0.0,0.0,1.0,1.0,1.0
DIN_03079,DINNER,,0,,1.0,0.0,0.0,0.0,0.0
DIN_03080,DINNER,,1,,0.0,1.0,1.0,1.0,1.0
DIN_03081,DINNER,,0,,1.0,0.0,0.0,0.0,0.0
DIN_03082,DINNER,,1,,0.0,1.0,0.0,0.0,1.0
DIN_03083,DINNER,,0,,0.0,1.0,1.0,0.0,1.0
DIN_03084,DINNER,,1,,0.0,1.0,0.0,1.0,0.0
DIN_03085,DINNER,,1,,0.0,1.0,1.0,1.0,1.0
DIN_03086,DINNER,,1,,0.0,1.0,0.0,0.0,0.0
DIN_03087,DINNER,,0,,0.0,0.0,1.0,0.0,1.0
DIN_03088,DINNER,,0,,0.0,0.0,0.0,0.0,1.0
DIN_03089,DINNER,,0,,1.0,0.0,0.0,0.0,0.0
DIN_03090,DINNER,,1,,0.0,1.0,1.0,1.0,0.0
DIN_03091,DINNER,,1,,0.0,1.0,0.0,0.0,1.0
DIN_03092,DINNER,,0,,0.0,1.0,1.0,1.0,1.0
DIN_03093,DINNER,,0,,0.0,0.0,1.0,1.0,0.0
DIN_03094,DINNER,,0,,0.0,1.0,0.0,1.0,0.0
DIN_03095,DINNER,,0,,1.0,0.0,0.0,0.0,0.0
DIN_03096,DINNER,,1,,0.0,1.0,1.0,1.0,0.0
DIN_03097,DINNER,,0,,0.0,1.0,0.0,0.0,0.0
DIN_03098,DINNER,,1,,0.0,1.0,1.0,0.0,1.0
DIN_03099,DINNER,,0,,0.0,0.0,1.0,1.0,0.0
DIN_03100,DINNER,,0,,0.0,1.0,0.0,1.0,1.0
DIN_03101,DINNER,,0,,0.0,0.0,1.0,0.0,0.0
DIN_03102,DINNER,,1,,0.0,1.0,1.0,1.0,0.0
DIN_03103,DINNER,,1,,0.0,0.0,1.0,1.0,1.0
DIN_03104,DINNER,,1,,0.0,1.0,0.0,1.0,0.0
DIN_03105,DINNER,,1,,0.0,1.0,1.0,1.0,0.0
DIN_03106,DINNER,,0,,0.0,0.0,0.0,0.0,1.0
DIN_03107,DINNER,,1,,0.0,1.0,1.0,0.0,0.0
DIN_03108,DINNER,,0,,0.0,0.0,1.0,0.0,0.0
DIN_03109,DINNER,,1,,0.0,0.0,1.0,0.0,1.0
DIN_03110,DINNER,,0,,0.0,0.0,0.0,0.0,0.0
DIN_03111,DINNER,,1,,0.0,1.0,1.0,1.0,1.0
DIN_03112,DINNER,,1,,0.0,0.0,1.0,1.0,1.0
DIN_03113,DINNER,,1,,0.0,1.0,1.0,1.0,0.0
DIN_03114,DINNER,,1,,0.0,1.0,1.0,0.0,1.0
DIN_03115,DINNER,,0,,0.0,0.0,1.0,0.0,0.0
DIN_03116,DINNER,,0,,1.0,0.0,0.0,0.0,0.0
DIN_03117,DINNER,,0,,0.0,0.0,1.0,0.0,0.0
DIN_03118,DINNER,,1,,0.0,0.0,0.0,1.0,0.0
DIN_03119,DINNER,,0,,0.0,0.0,1.0,0.0,0.0
DIN_03120,DINNER,,1,,0.0,0.0,1.0,0.0,1.0
DIN_03121,DINNER,,1,,0.0,0.0,1.0,1.0,0.0
DIN_03122,DINNER,,1,,0.0,1.0,0.0,0.0,0.0
DIN_03123,DINNER,,0,,1.0,0.0,0.0,0.0,0.0
DIN_03124,DINNER,,0,,0.0,1.0,1.0,0.0,0.0
DIN_03125,DINNER,,1,,0.0,0.0,1.0,0.0,1.0
DIN_03126,DINNER,,1,,0.0,1.0,0.0,1.0,0.0
DIN_03127,DINNER,,0,,0.0,1.0,1.0,1.0,0.0
DIN_03128,DINNER,,1,,0.0,1.0,1.0,0.0,1.0
DIN_03129,DINNER,,1,,0.0,1.0,1.0,0.0,1.0
DIN_03130,DINNER,,1,,0.0,1.0,1.0,1.0,0.0
DIN_03131,DINNER,,0,,0.0,1.0,1.0,0.0,0.0
DIN_03132,DINNER,,1,,0.0,1.0,1.0,0.0,1.0
DIN_03133,DINNER,,1,,0.0,1.0,1.0,0.0,1.0
DIN_03134,DINNER,,0,,1.0,0.0,0.0,0.0,0.0
DIN_03135,DINNER,,1,,0.0,1.0,1.0,1.0,0.0
DIN_03136,DINNER,,1,,0.0,0.0,1.0,0.0,0.0
DIN_03137,DINNER,,0,,0.0,0.0,0.0,1.0,0.0
DIN_03138,DINNER,,1,,0.0,1.0,1.0,1.0,1.0
DIN_03139,DINNER,,1,,0.0,1.0,1.0,0.0,0.0
DIN_03140,DINNER,,1,,0.0,0.0,0.0,0.0,1.0
DIN_03141,DINNER,,0,,1.0,0.0,0.0,0.0,0.0
DIN_03142,DINNER,,1,,0.0,1.0,0.0,1.0,0.0
DIN_03143,DINNER,,1,,0.0,0.0,0.0,0.0,0.0
DIN_03144,DINNER,,0,,0.0,0.0,1.0,0.0,0.0
DIN_03145,DINNER,,0,,1.0,0.0,0.0,0.0,0.0
DIN_03146,DINNER,,1,,0.0,0.0,0.0,1.0,0.0
DIN_03147,DINNER,,0,,0.0,0.0,1.0,1.0,0.0
DIN_03148,DINNER,,0,,0.0,1.0,1.0,0.0,0.0
DIN_03149,DINNER,,1,,0.0,1.0,0.0,0.0,1.0
DIN_03150,DINNER,,0,,1.0,0.0,0.0,0.0,0.0
DIN_03151,DINNER,,0,,0.0,1.0,1.0,1.0,1.0
DIN_03152,DINNER,,1,,0.0,1.0,1.0,1.0,1.0
DIN_03153,DINNER,,0,,0.0,1.0,1.0,0.0,1.0
DIN_03154,DINNER,,0,,0.0,1.0,1.0,1.0,1.0
DIN_03155,DINNER,,0,,0.0,0.0,1.0,0.0,1.0
DIN_03156,DINNER,,0,,1.0,0.0,0.0,0.0,0.0
DIN_03157,DINNER,,0,,0.0,0.0,0.0,1.0,0.0
DIN_03158,DINNER,,1,,0.0,1.0,1.0,1.0,1.0
DIN_03159,DINNER,,1,,0.0,1.0,1.0,1.0,1.0
DIN_03160,DINNER,,1,,0.0,0.0,1.0,1.0,0.0
DIN_03161,DINNER,,1,,0.0,0.0,1.0,1.0,1.0
DIN_03162,DINNER,,1,,0.0,1.0,1.0,0.0,0.0
DIN_03163,DINNER,,0,,0.0,1.0,0.0,1.0,0.0
DIN_03164,DINNER,,0,,0.0,0.0,1.0,1.0,1.0
DIN_03165,DINNER,,0,,1.0,0.0,0.0,0.0,0.0
DIN_03166,DINNER,,0,,0.0,1.0,1.0,1.0,0.0
DIN_03167,DINNER,,1,,0.0,1.0,1.0,1.0,0.0
DIN_03168,DINNER,,0,,1.0,0.0,0.0,0.0,0.0
DIN_03169,DINNER,,1,,0.0,1.0,0.0,0.0,0.0
DIN_03170,DINNER,,0,,0.0,1.0,1.0,1.0,1.0
DIN_03171,DINNER,,0,,0.0,1.0,1.0,1.0,0.0
DIN_03172,DINNER,,1,,0.0,1.0,1.0,1.0,0.0
DIN_03173,DINNER,,0,,0.0,0.0,0.0,1.0,0.0
DIN_03174,DINNER,,0,,0.0,1.0,1.0,0.0,1.0
DIN_03175,DINNER,,0,,0.0,1.0,0.0,1.0,1.0
DIN_03176,DINNER,,1,,0.0,0.0,1.0,0.0,1.0
DIN_03177,DINNER,,1,,0.0,0.0,1.0,0.0,0.0
DIN_03178,DINNER,,0,,0.0,0.0,0.0,0.0,0.0
DIN_03179,DINNER,,1,,0.0,1.0,1.0,1.0,0.0
DIN_03180,DINNER,,0,,0.0,1.0,0.0,0.0,0.0
DIN_03181,DINNER,,1,,0.0,1.0,1.0,0.0,1.0
DIN_03182,DINNER,,0,,0.0,1.0,1.0,0.0,1.0
DIN_03183,DINNER,,1,,0.0,1.0,0.0,1.0,0.0
DIN_03184,DINNER,,0,,0.0,1.0,1.0,0.0,0.0
DIN_03185,DINNER,,0,,1.0,0.0,0.0,0.0,0.0
DIN_03186,DINNER,,1,,0.0,1.0,0.0,1.0,1.0
DIN_03187,DINNER,,0,,0.0,1.0,0.0,0.0,1.0
DIN_03188,DINNER,,1,,0.0,0.0,0.0,0.0,1.0
DIN_03189,DINNER,,1,,0.0,1.0,1.0,1.0,1.0
DIN_03190,DINNER,,1,,0.0,0.0,1.0,0.0,1.0
DIN_03191,DINNER,,1,,0.0,0.0,1.0,0.0,0.0
DIN_03192,DINNER,,1,,0.0,0.0,1.0,1.0,1.0
DIN_03193,DINNER,,0,,0.0,1.0,1.0,0.0,0.0
DIN_03194,DINNER,,1,,0.0,1.0,1.0,1.0,1.0
DIN_03195,DINNER,,0,,0.0,0.0,1.0,1.0,0.0
DIN_03196,DINNER,,0,,1.0,0.0,0.0,0.0,0.0
DIN_03197,DINNER,,1,,0.0,0.0,1.0,1.0,0.0
DIN_03198,DINNER,,0,,0.0,1.0,0.0,0.0,0.0
DIN_03199,DINNER,,0,,0.0,1.0,0.0,0.0,0.0
DIN_03200,DINNER,,0,,0.0,0.0,1.0,1.0,0.0
DIN_03201,DINNER,,0,,0.0,0.0,1.0,0.0,0.0
DIN_03202,DINNER,,0,,0.0,0.0,1.0,0.0,1.0
DIN_03203,DINNER,,1,,0.0,1.0,1.0,1.0,0.0
DIN_03204,DINNER,,0,,0.0,0.0,0.0,1.0,0.0
DIN_03205,DINNER,,0,,0.0,1.0,0.0,0.0,1.0
DIN_03206,DINNER,,0,,1.0,0.0,0.0,0.0,0.0
DIN_03207,DINNER,,1,,0.0,1.0,1.0,1.0,1.0
DIN_03208,DINNER,,0,,0.0,1.0,0.0,1.0,0.0
DIN_03209,DINNER,,0,,1.0,0.0,0.0,0.0,0.0
DIN_03210,DINNER,,1,,0.0,1.0,1.0,0.0,1.0
DIN_03211,DINNER,,0,,0.0,1.0,1.0,0.0,0.0
DIN_03212,DINNER,,1,,0.0,0.0,1.0,1.0,0.0
DIN_03213,DINNER,,0,,0.0,0.0,1.0,1.0,0.0
DIN_03214,DINNER,,0,,0.0,1.0,1.0,1.0,0.0
DIN_03215,DINNER,,0,,0.0,1.0,1.0,1.0,0.0
DIN_03216,DINNER,,1,,0.0,1.0,0.0,0.0,0.0
DIN_03217,DINNER,,0,,0.0,1.0,0.0,0.0,0.0
DIN_03218,DINNER,,0,,1.0,0.0,0.0,0.0,0.0
DIN_03219,DINNER,,1,,0.0,0.0,1.0,1.0,0.0
DIN_03220,DINNER,,1,,0.0,1.0,0.0,0.0,0.0
DIN_03221,DINNER,,1,,0.0,1.0,1.0,0.0,0.0
DIN_03222,DINNER,,1,,0.0,0.0,1.0,0.0,0.0
DIN_03223,DINNER,,0,,0.0,1.0,1.0,0.0,1.0
DIN_03224,DINNER,,1,,0.0,0.0,1.0,0.0,0.0
DIN_03225,DINNER,,1,,0.0,1.0,0.0,0.0,1.0
DIN_03226,DINNER,,0,,0.0,1.0,1.0,1.0,0.0
DIN_03227,DINNER,,0,,0.0,0.0,0.0,0.0,0.0
DIN_03228,DINNER,,1,,0.0,1.0,1.0,0.0,1.0
DIN_03229,DINNER,,0,,0.0,0.0,1.0,1.0,0.0
DIN_03230,DINNER,,1,,0.0,1.0,0.0,0.0,0.0
DIN_03231,DINNER,,1,,0.0,0.0,0.0,1.0,0.0
DIN_03232,DINNER,,1,,0.0,1.0,0.0,0.0,1.0
DIN_03233,DINNER,,1,,0.0,1.0,0.0,0.0,0.0
DIN_03234,DINNER,,1,,0.0,0.0,1.0,1.0,1.0
DIN_03235,DINNER,,0,,0.0,0.0,1.0,1.0,0.0
DIN_03236,DINNER,,0,,0.0,1.0,0.0,0.0,1.0
DIN_03237,DINNER,,0,,0.0,0.0,0.0,0.0,1.0
DIN_03238,DINNER,,1,,0.0,1.0,0.0,0.0,0.0
DIN_03239,DINNER,,1,,0.0,1.0,1.0,1.0,1.0
DIN_03240,DINNER,,1,,0.0,1.0,1.0,1.0,1.0
DIN_03241,DINNER,,0,,0.0,1.0,0.0,1.0,1.0
DIN_03242,DINNER,,1,,0.0,1.0,0.0,0.0,1.0
DIN_03243,DINNER,,1,,0.0,0.0,1.0,1.0,0.0
DIN_03244,DINNER,,1,,0.0,0.0,1.0,1.0,1.0
DIN_03245,DINNER,,1,,0.0,1.0,1.0,0.0,0.0
DIN_03246,DINNER,,1,,0.0,0.0,0.0,0.0,0.0
DIN_03247,DINNER,,1,,0.0,1.0,1.0,1.0,1.0
DIN_03248,DINNER,,0,,0.0,1.0,1.0,0.0,1.0
DIN_03249,DINNER,,0,,1.0,0.0,0.0,0.0,0.0
DIN_03250,DINNER,,0,,0.0,1.0,1.0,0.0,0.0
DIN_03251,DINNER,,1,,0.0,1.0,1.0,1.0,1.0
DIN_03252,DINNER,,0,,0.0,0.0,0.0,1.0,0.0
DIN_03253,DINNER,,1,,0.0,0.0,1.0,0.0,0.0
DIN_03254,DINNER,,1,,0.0,0.0,0.0,0.0,1.0
DIN_03255,DINNER,,1,,0.0,1.0,1.0,0.0,0.0
DIN_03256,DINNER,,0,,0.0,1.0,1.0,0.0,1.0
DIN_03257,DINNER,,0,,0.0,1.0,1.0,1.0,0.0
DIN_03258,DINNER,,1,,0.0,1.0,1.0,0.0,0.0
DIN_03259,DINNER,,0,,1.0,0.0,0.0,0.0,0.0
DIN_03260,DINNER,,1,,0.0,1.0,1.0,0.0,0.0
DIN_03261,DINNER,,1,,0.0,1.0,1.0,0.0,1.0
DIN_03262,DINNER,,1,,0.0,0.0,0.0,1.0,0.0
DIN_03263,DINNER,,1,,0.0,1.0,1.0,1.0,1.0
DIN_03264,DINNER,,1,,0.0,1.0,1.0,1.0,1.0
DIN_03265,DINNER,,1,,0.0,1.0,1.0,1.0,1.0
DIN_03266,DINNER,,0,,0.0,0.0,1.0,1.0,0.0
DIN_03267,DINNER,,1,,0.0,1.0,0.0,1.0,1.0
DIN_03268,DINNER,,1,,0.0,1.0,1.0,0.0,1.0
DIN_03269,DINNER,,1,,0.0,1.0,1.0,0.0,0.0
DIN_03270,DINNER,,1,,0.0,0.0,1.0,0.0,0.0
DIN_03271,DINNER,,0,,0.0,1.0,1.0,1.0,1.0
DIN_03272,DINNER,,0,,0.0,1.0,0.0,0.0,0.0
DIN_03273,DINNER,,0,,0.0,1.0,1.0,1.0,1.0
DIN_03274,DINNER,,1,,0.0,0.0,1.0,0.0,0.0
DIN_03275,DINNER,,1,,0.0,0.0,1.0,0.0,0.0
DIN_03276,DINNER,,0,,0.0,0.0,0.0,0.0,0.0
DIN_03277,DINNER,,1,,0.0,1.0,1.0,1.0,0.0
DIN_03278,DINNER,,0,,0.0,0.0,0.0,0.0,0.0
DIN_03279,DINNER,,0,,0.0,1.0,0.0,0.0,0.0
DIN_03280,DINNER,,1,,0.0,1.0,0.0,0.0,0.0
DIN_03281,DINNER,,1,,0.0,1.0,0.0,0.0,1.0
DIN_03282,DINNER,,1,,0.0,1.0,1.0,1.0,0.0
DIN_03283,DINNER,,0,,0.0,0.0,1.0,0.0,0.0
DIN_03284,DINNER,,0,,0.0,1.0,1.0,1.0,0.0
DIN_03285,DINNER,,0,,0.0,1.0,1.0,0.0,1.0
DIN_03286,DINNER,,1,,0.0,0.0,0.0,0.0,0.0
DIN_03287,DINNER,,1,,0.0,0.0,1.0,0.0,0.0
DIN_03288,DINNER,,1,,0.0,0.0,0.0,0.0,1.0
DIN_03289,DINNER,,1,,0.0,1.0,1.0,0.0,1.0
DIN_03290,DINNER,,1,,0.0,0.0,1.0,0.0,0.0
DIN_03291,DINNER,,0,,0.0,1.0,0.0,1.0,1.0
DIN_03292,DINNER,,0,,0.0,1.0,1.0,0.0,1.0
DIN_03293,DINNER,,0,,1.0,0.0,0.0,0.0,0.0
DIN_03294,DINNER,,1,,0.0,1.0,1.0,0.0,0.0
DIN_03295,DINNER,,1,,0.0,1.0,1.0,1.0,1.0
DIN_03296,DINNER,,0,,0.0,0.0,1.0,0.0,0.0
DIN_03297,DINNER,,1,,0.0,1.0,1.0,1.0,0.0
DIN_03298,DINNER,,0,,0.0,1.0,1.0,0.0,0.0
DIN_03299,DINNER,,0,,0.0,1.0,1.0,0.0,0.0
DIN_03300,DINNER,,0,,0.0,1.0,1.0,0.0,0.0
DIN_03301,DINNER,,0,,1.0,0.0,0.0,0.0,0.0
DIN_03302,DINNER,,1,,0.0,0.0,1.0,1.0,1.0
DIN_03303,DINNER,,0,,0.0,0.0,1.0,1.0,0.0
DIN_03304,DINNER,,0,,0.0,1.0,1.0,1.0,0.0
DIN_03305,DINNER,,1,,0.0,0.0,1.0,1.0,0.0
DIN_03306,DINNER,,0,,1.0,0.0,0.0,0.0,0.0
DIN_03307,DINNER,,1,,0.0,0.0,1.0,1.0,0.0
DIN_03308,DINNER,,0,,1.0,0.0,0.0,0.0,0.0
DIN_03309,DINNER,,1,,0.0,0.0,0.0,0.0,0.0
DIN_03310,DINNER,,0,,1.0,0.0,0.0,0.0,0.0
DIN_03311,DINNER,,1,,0.0,0.0,0.0,0.0,1.0
DIN_03312,DINNER,,0,,1.0,0.0,0.0,0.0,0.0
DIN_03313,DINNER,,1,,0.0,1.0,1.0,1.0,0.0
DIN_03314,DINNER,,1,,0.0,1.0,0.0,1.0,1.0
DIN_03315,DINNER,,1,,0.0,1.0,1.0,1.0,1.0
DIN_03316,DINNER,,1,,0.0,1.0,1.0,0.0,0.0
DIN_03317,DINNER,,0,,0.0,1.0,1.0,0.0,0.0
DIN_03318,DINNER,,0,,0.0,1.0,1.0,1.0,1.0
DIN_03319,DINNER,,0,,0.0,1.0,1.0,0.0,1.0
DIN_03320,DINNER,,1,,0.0,0.0,0.0,0.0,0.0
DIN_03321,DINNER,,0,,1.0,0.0,0.0,0.0,0.0
DIN_03322,DINNER,,0,,1.0,0.0,0.0,0.0,0.0
DIN_03323,DINNER,,1,,0.0,1.0,1.0,0.0,1.0
DIN_03324,DINNER,,1,,0.0,1.0,1.0,0.0,0.0
DIN_03325,DINNER,,1,,0.0,1.0,1.0,0.0,0.0
DIN_03326,DINNER,,1,,0.0,1.0,0.0,0.0,1.0
DIN_03327,DINNER,,1,,0.0,0.0,0.0,0.0,0.0
DIN_03328,DINNER,,1,,0.0,0.0,1.0,1.0,0.0
DIN_03329,DINNER,,0,,0.0,0.0,1.0,0.0,1.0
DIN_03330,DINNER,,0,,0.0,0.0,0.0,0.0,1.0
DIN_03331,DINNER,,1,,0.0,0.0,1.0,1.0,0.0
DIN_03332,DINNER,,1,,0.0,1.0,1.0,1.0,1.0
DIN_03333,DINNER,,1,,0.0,0.0,1.0,0.0,0.0
DIN_03334,DINNER,,1,,0.0,1.0,0.0,1.0,0.0
DIN_03335,DINNER,,1,,0.0,0.0,1.0,1.0,1.0
DIN_03336,DINNER,,1,,0.0,1.0,0.0,0.0,0.0
DIN_03337,DINNER,,0,,0.0,0.0,1.0,0.0,0.0
DIN_03338,DINNER,,0,,1.0,0.0,0.0,0.0,0.0
DIN_03339,DINNER,,0,,0.0,0.0,1.0,1.0,1.0
DIN_03340,DINNER,,1,,0.0,1.0,1.0,0.0,0.0
DIN_03341,DINNER,,0,,0.0,0.0,1.0,0.0,0.0
DIN_03342,DINNER,,0,,0.0,0.0,0.0,0.0,1.0
DIN_03343,DINNER,,0,,0.0,1.0,0.0,0.0,1.0
DIN_03344,DINNER,,1,,0.0,1.0,1.0,0.0,0.0
DIN_03345,DINNER,,1,,0.0,1.0,1.0,0.0,0.0
DIN_03346,DINNER,,0,,0.0,0.0,1.0,1.0,1.0
DIN_03347,DINNER,,1,,0.0,0.0,1.0,0.0,0.0
DIN_03348,DINNER,,1,,0.0,1.0,0.0,1.0,0.0
DIN_03349,DINNER,,0,,0.0,0.0,1.0,0.0,0.0
DIN_03350,DINNER,,1,,0.0,0.0,0.0,0.0,0.0
DIN_03351,DINNER,,0,,0.0,0.0,0.0,1.0,0.0
DIN_03352,DINNER,,0,,0.0,1.0,0.0,0.0,0.0
DIN_03353,DINNER,,0,,1.0,0.0,0.0,0.0,0.0
DIN_03354,DINNER,,1,,0.0,1.0,0.0,1.0,0.0
DIN_03355,DINNER,,1,,0.0,1.0,0.0,0.0,0.0
DIN_03356,DINNER,,1,,0.0,1.0,1.0,0.0,1.0
DIN_03357,DINNER,,0,,0.0,1.0,1.0,0.0,0.0
DIN_03358,DINNER,,1,,0.0,1.0,1.0,1.0,0.0
DIN_03359,DINNER,,1,,0.0,1.0,1.0,1.0,0.0
DIN_03360,DINNER,,0,,0.0,1.0,1.0,0.0,1.0
DIN_03361,DINNER,,0,,0.0,0.0,0.0,1.0,1.0
DIN_03362,DINNER,,1,,0.0,1.0,0.0,0.0,1.0
DIN_03363,DINNER,,1,,0.0,0.0,0.0,0.0,1.0
DIN_03364,DINNER,,0,,1.0,0.0,0.0,0.0,0.0
DIN_03365,DINNER,,0,,1.0,0.0,0.0,0.0,0.0
DIN_03366,DINNER,,1,,0.0,1.0,1.0,0.0,1.0
DIN_03367,DINNER,,1,,0.0,1.0,1.0,0.0,0.0
DIN_03368,DINNER,,1,,0.0,1.0,1.0,0.0,1.0
DIN_03369,DINNER,,0,,0.0,0.0,0.0,1.0,0.0
DIN_03370,DINNER,,0,,0.0,1.0,1.0,0.0,1.0
DIN_03371,DINNER,,1,,0.0,1.0,0.0,0.0,1.0
DIN_03372,DINNER,,1,,0.0,1.0,1.0,1.0,1.0
DIN_03373,DINNER,,1,,0.0,1.0,0.0,0.0,0.0
DIN_03374,DINNER,,0,,0.0,0.0,1.0,1.0,1.0
DIN_03375,DINNER,,1,,0.0,1.0,1.0,0.0,1.0
DIN_03376,DINNER,,0,,0.0,0.0,1.0,1.0,1.0
DIN_03377,DINNER,,1,,0.0,1.0,1.0,1.0,0.0
DIN_03378,DINNER,,1,,0.0,0.0,1.0,1.0,0.0
DIN_03379,DINNER,,1,,0.0,0.0,0.0,1.0,0.0
DIN_03380,DINNER,,1,,0.0,1.0,1.0,1.0,0.0
DIN_03381,DINNER,,0,,0.0,1.0,1.0,0.0,1.0
DIN_03382,DINNER,,0,,0.0,0.0,0.0,0.0,0.0
DIN_03383,DINNER,,1,,0.0,0.0,1.0,1.0,0.0
DIN_03384,DINNER,,1,,0.0,0.0,0.0,0.0,1.0
DIN_03385,DINNER,,1,,0.0,1.0,1.0,1.0,1.0
DIN_03386,DINNER,,1,,0.0,1.0,1.0,1.0,0.0
DIN_03387,DINNER,,1,,0.0,0.0,1.0,0.0,0.0
DIN_03388,DINNER,,0,,0.0,1.0,1.0,0.0,0.0
DIN_03389,DINNER,,1,,0.0,1.0,1.0,1.0,0.0
DIN_03390,DINNER,,0,,1.0,0.0,0.0,0.0,0.0
DIN_03391,DINNER,,0,,0.0,0.0,1.0,0.0,1.0
DIN_03392,DINNER,,1,,0.0,1.0,1.0,1.0,1.0
DIN_03393,DINNER,,1,,0.0,1.0,1.0,1.0,0.0
DIN_03394,DINNER,,0,,1.0,0.0,0.0,0.0,0.0
DIN_03395,DINNER,,0,,0.0,0.0,0.0,0.0,0.0
DIN_03396,DINNER,,0,,0.0,1.0,1.0,1.0,0.0
DIN_03397,DINNER,,1,,0.0,1.0,1.0,1.0,1.0
DIN_03398,DINNER,,0,,1.0,0.0,0.0,0.0,0.0
DIN_03399,DINNER,,1,,0.0,0.0,1.0,0.0,0.0
DIN_03400,DINNER,,1,,0.0,1.0,1.0,0.0,1.0
DIN_03401,DINNER,,0,,0.0,1.0,0.0,0.0,1.0
DIN_03402,DINNER,,1,,0.0,1.0,1.0,1.0,0.0
DIN_03403,DINNER,,0,,0.0,0.0,1.0,0.0,0.0
DIN_03404,DINNER,,1,,0.0,1.0,0.0,0.0,0.0
DIN_03405,DINNER,,1,,0.0,0.0,0.0,0.0,1.0
DIN_03406,DINNER,,1,,0.0,0.0,1.0,0.0,0.0
DIN_03407,DINNER,,0,,0.0,1.0,1.0,0.0,0.0
DIN_03408,DINNER,,0,,0.0,0.0,1.0,1.0,0.0
DIN_03409,DINNER,,1,,0.0,1.0,1.0,0.0,1.0
DIN_03410,DINNER,,1,,0.0,0.0,0.0,0.0,0.0
DIN_03411,DINNER,,1,,0.0,0.0,0.0,1.0,0.0
DIN_03412,DINNER,,1,,0.0,0.0,1.0,0.0,1.0
DIN_03413,DINNER,,1,,0.0,0.0,1.0,1.0,1.0
DIN_03414,DINNER,,1,,0.0,1.0,1.0,0.0,1.0
DIN_03415,DINNER,,1,,0.0,0.0,1.0,0.0,1.0
DIN_03416,DINNER,,1,,0.0,1.0,1.0,1.0,0.0
DIN_03417,DINNER,,1,,0.0,0.0,1.0,1.0,0.0
DIN_03418,DINNER,,0,,1.0,0.0,0.0,0.0,0.0
DIN_03419,DINNER,,0,,1.0,0.0,0.0,0.0,0.0
DIN_03420,DINNER,,1,,0.0,0.0,1.0,0.0,1.0
DIN_03421,DINNER,,1,,0.0,1.0,1.0,1.0,0.0
DIN_03422,DINNER,,1,,0.0,1.0,1.0,1.0,0.0
DIN_03423,DINNER,,1,,0.0,1.0,1.0,1.0,0.0
DIN_03424,DINNER,,0,,1.0,0.0,0.0,0.0,0.0
DIN_03425,DINNER,,1,,0.0,1.0,1.0,1.0,0.0
DIN_03426,DINNER,,0,,0.0,1.0,1.0,0.0,1.0
DIN_03427,DINNER,,0,,0.0,1.0,0.0,0.0,0.0
DIN_03428,DINNER,,1,,0.0,0.0,1.0,0.0,1.0
DIN_03429,DINNER,,0,,0.0,0.0,1.0,0.0,1.0
DIN_03430,DINNER,,1,,0.0,0.0,1.0,1.0,0.0
DIN_03431,DINNER,,1,,0.0,0.0,1.0,1.0,0.0
DIN_03432,DINNER,,0,,0.0,0.0,0.0,0.0,0.0
DIN_03433,DINNER,,1,,0.0,1.0,1.0,1.0,0.0
DIN_03434,DINNER,,1,,0.0,0.0,0.0,0.0,1.0
DIN_03435,DINNER,,0,,0.0,0.0,0.0,1.0,0.0
DIN_03436,DINNER,,1,,0.0,1.0,1.0,0.0,0.0
DIN_03437,DINNER,,0,,1.0,0.0,0.0,0.0,0.0
DIN_03438,DINNER,,1,,0.0,0.0,0.0,0.0,0.0
DIN_03439,DINNER,,0,,1.0,0.0,0.0,0.0,0.0
DIN_03440,DINNER,,0,,0.0,1.0,1.0,1.0,1.0
DIN_03441,DINNER,,1,,0.0,1.0,0.0,0.0,0.0
DIN_03442,DINNER,,1,,0.0,1.0,1.0,1.0,1.0
DIN_03443,DINNER,,1,,0.0,1.0,1.0,1.0,1.0
DIN_03444,DINNER,,0,,0.0,1.0,0.0,0.0,0.0
DIN_03445,DINNER,,0,,0.0,0.0,1.0,0.0,1.0
DIN_03446,DINNER,,1,,0.0,1.0,1.0,0.0,1.0
DIN_03447,DINNER,,1,,0.0,1.0,1.0,0.0,0.0
DIN_03448,DINNER,,1,,0.0,0.0,1.0,0.0,0.0
DIN_03449,DINNER,,1,,0.0,0.0,1.0,1.0,1.0
DIN_03450,DINNER,,1,,0.0,1.0,1.0,1.0,1.0
DIN_03451,DINNER,,0,,0.0,0.0,0.0,0.0,1.0
DIN_03452,DINNER,,0,,1.0,0.0,0.0,0.0,0.0
DIN_03453,DINNER,,1,,0.0,1.0,1.0,1.0,1.0
DIN_03454,DINNER,,1,,0.0,1.0,1.0,1.0,1.0
DIN_03455,DINNER,,1,,0.0,0.0,1.0,1.0,1.0
DIN_03456,DINNER,,1,,0.0,0.0,1.0,0.0,0.0
DIN_03457,DINNER,,1,,0.0,0.0,1.0,0.0,0.0
DIN_03458,DINNER,,1,,0.0,0.0,1.0,0.0,1.0
DIN_03459,DINNER,,0,,0.0,0.0,1.0,0.0,0.0
DIN_03460,DINNER,,1,,0.0,1.0,1.0,1.0,0.0
DIN_03461,DINNER,,1,,0.0,0.0,1.0,1.0,1.0
DIN_03462,DINNER,,0,,0.0,0.0,0.0,0.0,0.0
DIN_03463,DINNER,,0,,0.0,0.0,1.0,0.0,0.0
DIN_03464,DINNER,,0,,0.0,1.0,0.0,1.0,0.0
DIN_03465,DINNER,,1,,0.0,1.0,1.0,1.0,1.0
DIN_03466,DINNER,,0,,1.0,0.0,0.0,0.0,0.0
DIN_03467,DINNER,,1,,0.0,1.0,1.0,0.0,0.0
DIN_03468,DINNER,,0,,1.0,0.0,0.0,0.0,0.0
DIN_03469,DINNER,,1,,0.0,0.0,1.0,1.0,0.0
DIN_03470,DINNER,,1,,0.0,1.0,1.0,0.0,1.0
DIN_03471,DINNER,,1,,0.0,1.0,0.0,1.0,1.0
DIN_03472,DINNER,,0,,0.0,0.0,1.0,1.0,1.0
DIN_03473,DINNER,,0,,1.0,0.0,0.0,0.0,0.0
DIN_03474,DINNER,,0,,1.0,0.0,0.0,0.0,0.0
DIN_03475,DINNER,,0,,0.0,0.0,0.0,0.0,0.0
DIN_03476,DINNER,,0,,0.0,1.0,1.0,0.0,0.0
DIN_03477,DINNER,,1,,0.0,0.0,1.0,1.0,0.0
DIN_03478,DINNER,,1,,0.0,1.0,0.0,1.0,1.0
DIN_03479,DINNER,,0,,0.0,1.0,1.0,1.0,1.0
DIN_03480,DINNER,,0,,0.0,0.0,1.0,1.0,1.0
DIN_03481,DINNER,,0,,0.0,1.0,1.0,1.0,0.0
DIN_03482,DINNER,,0,,0.0,1.0,1.0,0.0,0.0
DIN_03483,DINNER,,1,,0.0,0.0,1.0,1.0,0.0
DIN_03484,DINNER,,1,,0.0,1.0,1.0,0.0,1.0
DIN_03485,DINNER,,1,,0.0,1.0,0.0,0.0,1.0
DIN_03486,DINNER,,0,,0.0,0.0,0.0,0.0,0.0
DIN_03487,DINNER,,0,,0.0,0.0,1.0,1.0,1.0
DIN_03488,DINNER,,1,,0.0,1.0,1.0,1.0,0.0
DIN_03489,DINNER,,1,,0.0,1.0,1.0,0.0,1.0
DIN_03490,DINNER,,0,,0.0,1.0,1.0,1.0,0.0
DIN_03491,DINNER,,0,,0.0,1.0,0.0,1.0,0.0
DIN_03492,DINNER,,1,,0.0,1.0,0.0,0.0,0.0
DIN_03493,DINNER,,0,,0.0,1.0,1.0,1.0,1.0
DIN_03494,DINNER,,0,,0.0,0.0,0.0,1.0,0.0
DIN_03495,DINNER,,0,,0.0,0.0,0.0,0.0,1.0
DIN_03496,DINNER,,1,,0.0,1.0,1.0,1.0,0.0
DIN_03497,DINNER,,1,,0.0,0.0,1.0,0.0,0.0
DIN_03498,DINNER,,1,,0.0,1.0,1.0,1.0,0.0
DIN_03499,DINNER,,0,,1.0,0.0,0.0,0.0,0.0
DIN_03500,DINNER,,1,,0.0,0.0,1.0,1.0,0.0
DIN_03501,DINNER,,0,,0.0,1.0,0.0,0.0,1.0
DIN_03502,DINNER,,0,,0.0,1.0,1.0,0.0,1.0
DIN_03503,DINNER,,1,,0.0,1.0,1.0,1.0,1.0
DIN_03504,DINNER,,1,,0.0,0.0,1.0,1.0,1.0
DIN_03505,DINNER,,1,,0.0,1.0,1.0,0.0,0.0
DIN_03506,DINNER,,0,,1.0,0.0,0.0,0.0,0.0
DIN_03507,DINNER,,0,,0.0,1.0,0.0,1.0,0.0
DIN_03508,DINNER,,1,,0.0,0.0,1.0,0.0,0.0
DIN_03509,DINNER,,1,,0.0,0.0,1.0,0.0,1.0
DIN_03510,DINNER,,0,,1.0,0.0,0.0,0.0,0.0
DIN_03511,DINNER,,1,,0.0,1.0,0.0,0.0,1.0
DIN_03512,DINNER,,1,,0.0,1.0,1.0,1.0,0.0
DIN_03513,DINNER,,0,,0.0,0.0,1.0,1.0,1.0
DIN_03514,DINNER,,1,,0.0,1.0,0.0,1.0,1.0
DIN_03515,DINNER,,0,,0.0,0.0,0.0,0.0,1.0
DIN_03516,DINNER,,1,,0.0,1.0,1.0,1.0,1.0
DIN_03517,DINNER,,1,,0.0,1.0,0.0,1.0,1.0
DIN_03518,DINNER,,1,,0.0,1.0,1.0,1.0,1.0
DIN_03519,DINNER,,1,,0.0,1.0,0.0,0.0,1.0
DIN_03520,DINNER,,0,,1.0,0.0,0.0,0.0,0.0
DIN_03521,DINNER,,1,,0.0,0.0,1.0,0.0,0.0
DIN_03522,DINNER,,1,,0.0,1.0,1.0,0.0,1.0
DIN_03523,DINNER,,1,,0.0,1.0,1.0,1.0,0.0
DIN_03524,DINNER,,0,,0.0,1.0,0.0,0.0,0.0
DIN_03525,DINNER,,1,,0.0,1.0,1.0,0.0,1.0
DIN_03526,DINNER,,1,,0.0,0.0,0.0,1.0,1.0
DIN_03527,DINNER,,0,,0.0,0.0,1.0,1.0,0.0
DIN_03528,DINNER,,1,,0.0,0.0,1.0,0.0,0.0
DIN_03529,DINNER,,0,,0.0,1.0,1.0,1.0,0.0
DIN_03530,DINNER,,0,,0.0,0.0,0.0,0.0,1.0
DIN_03531,DINNER,,1,,0.0,0.0,1.0,0.0,0.0
DIN_03532,DINNER,,0,,0.0,1.0,1.0,0.0,1.0
DIN_03533,DINNER,,1,,0.0,1.0,1.0,0.0,1.0
DIN_03534,DINNER,,1,,0.0,1.0,1.0,0.0,0.0
DIN_03535,DINNER,,1,,0.0,0.0,1.0,0.0,1.0
DIN_03536,DINNER,,1,,0.0,0.0,1.0,0.0,0.0
DIN_03537,DINNER,,1,,0.0,1.0,1.0,1.0,1.0
DIN_03538,DINNER,,1,,0.0,1.0,1.0,0.0,0.0
DIN_03539,DINNER,,1,,0.0,1.0,1.0,0.0,1.0
DIN_03540,DINNER,,1,,0.0,1.0,1.0,1.0,0.0
DIN_03541,DINNER,,1,,0.0,1.0,1.0,0.0,1.0
DIN_03542,DINNER,,1,,0.0,0.0,0.0,0.0,0.0
DIN_03543,DINNER,,0,,0.0,0.0,0.0,1.0,0.0
DIN_03544,DINNER,,1,,0.0,1.0,1.0,0.0,0.0
DIN_03545,DINNER,,0,,1.0,0.0,0.0,0.0,0.0
DIN_03546,DINNER,,1,,0.0,0.0,0.0,0.0,0.0
DIN_03547,DINNER,,0,,0.0,0.0,1.0,1.0,1.0
DIN_03548,DINNER,,1,,0.0,0.0,1.0,0.0,0.0
DIN_03549,DINNER,,1,,0.0,1.0,1.0,0.0,1.0
DIN_03550,DINNER,,1,,0.0,1.0,1.0,0.0,0.0
DIN_03551,DINNER,,1,,0.0,0.0,0.0,0.0,1.0
DIN_03552,DINNER,,1,,0.0,0.0,0.0,1.0,0.0
DIN_03553,DINNER,,0,,0.0,1.0,1.0,0.0,0.0
DIN_03554,DINNER,,1,,0.0,0.0,0.0,1.0,1.0
DIN_03555,DINNER,,0,,1.0,0.0,0.0,0.0,0.0
DIN_03556,DINNER,,1,,0.0,0.0,1.0,0.0,0.0
DIN_03557,DINNER,,1,,0.0,1.0,1.0,1.0,0.0
DIN_03558,DINNER,,0,,0.0,0.0,0.0,0.0,0.0
DIN_03559,DINNER,,0,,1.0,0.0,0.0,0.0,0.0
DIN_03560,DINNER,,1,,0.0,0.0,1.0,1.0,0.0
DIN_03561,DINNER,,0,,0.0,0.0,1.0,0.0,0.0
DIN_03562,DINNER,,0,,0.0,0.0,0.0,0.0,0.0
DIN_03563,DINNER,,0,,0.0,0.0,1.0,0.0,0.0
DIN_03564,DINNER,,1,,0.0,1.0,0.0,0.0,1.0
DIN_03565,DINNER,,0,,0.0,1.0,1.0,1.0,0.0
DIN_03566,DINNER,,0,,0.0,0.0,1.0,0.0,0.0
DIN_03567,DINNER,,1,,0.0,1.0,1.0,1.0,1.0
DIN_03568,DINNER,,1,,0.0,0.0,0.0,0.0,0.0
DIN_03569,DINNER,,1,,0.0,1.0,1.0,1.0,0.0
DIN_03570,DINNER,,1,,0.0,1.0,1.0,0.0,0.0
DIN_03571,DINNER,,1,,0.0,1.0,1.0,1.0,1.0
DIN_03572,DINNER,,1,,0.0,1.0,1.0,0.0,0.0
DIN_03573,DINNER,,0,,1.0,0.0,0.0,0.0,0.0
DIN_03574,DINNER,,1,,0.0,1.0,1.0,1.0,0.0
DIN_03575,DINNER,,1,,0.0,0.0,1.0,1.0,0.0
DIN_03576,DINNER,,1,,0.0,1.0,1.0,0.0,1.0
DIN_03577,DINNER,,0,,0.0,1.0,1.0,1.0,0.0
DIN_03578,DINNER,,0,,1.0,0.0,0.0,0.0,0.0
DIN_03579,DINNER,,1,,0.0,1.0,0.0,1.0,0.0
DIN_03580,DINNER,,0,,0.0,1.0,1.0,0.0,0.0
DIN_03581,DINNER,,0,,1.0,0.0,0.0,0.0,0.0
DIN_03582,DINNER,,0,,1.0,0.0,0.0,0.0,0.0
DIN_03583,DINNER,,0,,0.0,0.0,0.0,1.0,0.0
DIN_03584,DINNER,,0,,0.0,0.0,0.0,1.0,1.0
DIN_03585,DINNER,,1,,0.0,1.0,1.0,1.0,1.0
DIN_03586,DINNER,,0,,1.0,0.0,0.0,0.0,0.0
DIN_03587,DINNER,,0,,0.0,1.0,1.0,1.0,0.0
DIN_03588,DINNER,,0,,1.0,0.0,0.0,0.0,0.0
DIN_03589,DINNER,,1,,0.0,0.0,1.0,1.0,1.0
DIN_03590,DINNER,,0,,0.0,1.0,1.0,1.0,0.0
DIN_03591,DINNER,,1,,0.0,0.0,1.0,0.0,1.0
DIN_03592,DINNER,,0,,0.0,1.0,1.0,0.0,0.0
DIN_03593,DINNER,,1,,0.0,1.0,0.0,1.0,0.0
DIN_03594,DINNER,,1,,0.0,1.0,1.0,1.0,1.0
DIN_03595,DINNER,,1,,0.0,0.0,0.0,1.0,1.0
DIN_03596,DINNER,,0,,0.0,1.0,1.0,0.0,1.0
DIN_03597,DINNER,,1,,0.0,1.0,0.0,0.0,1.0
DIN_03598,DINNER,,1,,0.0,1.0,1.0,1.0,1.0
DIN_03599,DINNER,,1,,0.0,1.0,1.0,0.0,1.0
DIN_03600,DINNER,,1,,0.0,1.0,1.0,0.0,0.0
DIN_03601,DINNER,,0,,1.0,0.0,0.0,0.0,0.0
DIN_03602,DINNER,,0,,0.0,0.0,1.0,1.0,0.0
DIN_03603,DINNER,,1,,0.0,0.0,0.0,0.0,0.0
DIN_03604,DINNER,,0,,0.0,1.0,0.0,0.0,0.0
DIN_03605,DINNER,,1,,0.0,1.0,0.0,0.0,0.0
DIN_03606,DINNER,,1,,0.0,1.0,1.0,0.0,1.0
DIN_03607,DINNER,,1,,0.0,1.0,1.0,1.0,1.0
DIN_03608,DINNER,,1,,0.0,0.0,1.0,0.0,1.0
DIN_03609,DINNER,,0,,1.0,0.0,0.0,0.0,0.0
DIN_03610,DINNER,,0,,0.0,0.0,1.0,0.0,1.0
DIN_03611,DINNER,,1,,0.0,1.0,1.0,1.0,1.0
DIN_03612,DINNER,,0,,0.0,1.0,1.0,0.0,0.0
DIN_03613,DINNER,,0,,1.0,0.0,0.0,0.0,0.0
DIN_03614,DINNER,,0,,0.0,0.0,0.0,0.0,0.0
DIN_03615,DINNER,,0,,0.0,1.0,1.0,0.0,1.0
DIN_03616,DINNER,,0,,0.0,0.0,0.0,1.0,0.0
DIN_03617,DINNER,,0,,0.0,1.0,1.0,0.0,1.0
DIN_03618,DINNER,,0,,0.0,1.0,0.0,1.0,0.0
DIN_03619,DINNER,,1,,0.0,0.0,1.0,1.0,0.0
DIN_03620,DINNER,,1,,0.0,1.0,1.0,1.0,0.0
DIN_03621,DINNER,,1,,0.0,1.0,1.0,1.0,0.0
DIN_03622,DINNER,,0,,1.0,0.0,0.0,0.0,0.0
DIN_03623,DINNER,,0,,0.0,1.0,1.0,0.0,1.0
DIN_03624,DINNER,,0,,0.0,0.0,0.0,0.0,0.0
DIN_03625,DINNER,,0,,0.0,0.0,1.0,0.0,0.0
DIN_03626,DINNER,,1,,0.0,1.0,1.0,0.0,0.0
DIN_03627,DINNER,,0,,0.0,0.0,0.0,1.0,1.0
DIN_03628,DINNER,,0,,0.0,1.0,1.0,1.0,0.0
DIN_03629,DINNER,,1,,0.0,1.0,1.0,1.0,1.0
DIN_03630,DINNER,,0,,1.0,0.0,0.0,0.0,0.0
DIN_03631,DINNER,,1,,0.0,1.0,1.0,0.0,0.0
DIN_03632,DINNER,,1,,0.0,1.0,1.0,1.0,1.0
DIN_03633,DINNER,,1,,0.0,1.0,1.0,1.0,0.0
DIN_03634,DINNER,,1,,0.0,1.0,1.0,1.0,1.0
DIN_03635,DINNER,,1,,0.0,0.0,0.0,0.0,1.0
DIN_03636,DINNER,,0,,0.0,0.0,1.0,1.0,0.0
DIN_03637,DINNER,,0,,0.0,0.0,0.0,0.0,1.0
DIN_03638,DINNER,,1,,0.0,1.0,1.0,1.0,1.0
DIN_03639,DINNER,,1,,0.0,1.0,0.0,0.0,1.0
DIN_03640,DINNER,,1,,0.0,1.0,1.0,0.0,1.0
DIN_03641,DINNER,,0,,0.0,0.0,0.0,0.0,0.0
DIN_03642,DINNER,,0,,0.0,1.0,1.0,1.0,1.0
DIN_03643,DINNER,,0,,1.0,0.0,0.0,0.0,0.0
DIN_03644,DINNER,,1,,0.0,1.0,1.0,0.0,0.0
DIN_03645,DINNER,,1,,0.0,0.0,1.0,0.0,1.0
DIN_03646,DINNER,,1,,0.0,1.0,0.0,1.0,1.0
DIN_03647,DINNER,,0,,1.0,0.0,0.0,0.0,0.0
DIN_03648,DINNER,,0,,0.0,0.0,1.0,0.0,1.0
DIN_03649,DINNER,,1,,0.0,1.0,1.0,1.0,0.0
DIN_03650,DINNER,,1,,0.0,0.0,0.0,0.0,1.0
DIN_03651,DINNER,,1,,0.0,1.0,1.0,1.0,1.0
DIN_03652,DINNER,,0,,1.0,0.0,0.0,0.0,0.0
DIN_03653,DINNER,,0,,1.0,0.0,0.0,0.0,0.0
DIN_03654,DINNER,,1,,0.0,0.0,0.0,0.0,0.0
DIN_03655,DINNER,,1,,0.0,1.0,1.0,1.0,0.0
DIN_03656,DINNER,,1,,0.0,0.0,1.0,0.0,0.0
DIN_03657,DINNER,,1,,0.0,1.0,0.0,1.0,1.0
DIN_03658,DINNER,,1,,0.0,1.0,0.0,0.0,0.0
DIN_03659,DINNER,,1,,0.0,1.0,1.0,0.0,1.0
DIN_03660,DINNER,,1,,0.0,1.0,1.0,1.0,0.0
DIN_03661,DINNER,,1,,0.0,1.0,1.0,0.0,1.0
DIN_03662,DINNER,,1,,0.0,0.0,1.0,1.0,0.0
DIN_03663,DINNER,,0,,1.0,0.0,0.0,0.0,0.0
DIN_03664,DINNER,,1,,0.0,1.0,1.0,1.0,0.0
DIN_03665,DINNER,,0,,0.0,1.0,1.0,1.0,1.0
DIN_03666,DINNER,,0,,0.0,1.0,1.0,1.0,1.0
DIN_03667,DINNER,,1,,0.0,1.0,1.0,1.0,1.0
DIN_03668,DINNER,,0,,0.0,0.0,1.0,0.0,0.0
DIN_03669,DINNER,,0,,0.0,1.0,1.0,0.0,1.0
DIN_03670,DINNER,,1,,0.0,1.0,1.0,0.0,1.0
DIN_03671,DINNER,,0,,0.0,1.0,1.0,0.0,1.0
DIN_03672,DINNER,,0,,0.0,0.0,1.0,1.0,0.0
DIN_03673,DINNER,,1,,0.0,0.0,1.0,1.0,0.0
DIN_03674,DINNER,,0,,0.0,1.0,1.0,1.0,1.0
DIN_03675,DINNER,,1,,0.0,1.0,1.0,0.0,0.0
DIN_03676,DINNER,,0,,0.0,0.0,1.0,1.0,0.0
DIN_03677,DINNER,,0,,0.0,0.0,0.0,0.0,0.0
DIN_03678,DINNER,,0,,0.0,1.0,1.0,1.0,0.0
DIN_03679,DINNER,,1,,0.0,1.0,0.0,0.0,1.0
DIN_03680,DINNER,,0,,0.0,0.0,0.0,0.0,0.0
DIN_03681,DINNER,,1,,0.0,1.0,1.0,0.0,0.0
DIN_03682,DINNER,,1,,0.0,1.0,1.0,1.0,1.0
DIN_03683,DINNER,,0,,0.0,1.0,1.0,1.0,0.0
DIN_03684,DINNER,,0,,0.0,1.0,1.0,1.0,1.0
DIN_03685,DINNER,,0,,0.0,1.0,1.0,0.0,1.0
DIN_03686,DINNER,,1,,0.0,1.0,1.0,0.0,0.0
DIN_03687,DINNER,,1,,0.0,1.0,1.0,1.0,1.0
DIN_03688,DINNER,,1,,0.0,1.0,0.0,1.0,0.0
DIN_03689,DINNER,,1,,0.0,1.0,1.0,0.0,0.0
DIN_03690,DINNER,,0,,1.0,0.0,0.0,0.0,0.0
DIN_03691,DINNER,,0,,0.0,0.0,1.0,0.0,0.0
DIN_03692,DINNER,,0,,0.0,0.0,1.0,1.0,0.0
DIN_03693,DINNER,,0,,0.0,0.0,1.0,1.0,1.0
DIN_03694,DINNER,,1,,0.0,0.0,0.0,0.0,0.0
DIN_03695,DINNER,,1,,0.0,0.0,1.0,1.0,0.0
DIN_03696,DINNER,,1,,0.0,0.0,1.0,1.0,0.0
DIN_03697,DINNER,,0,,0.0,1.0,1.0,1.0,0.0
DIN_03698,DINNER,,1,,0.0,1.0,0.0,1.0,1.0
DIN_03699,DINNER,,0,,0.0,0.0,0.0,0.0,1.0
DIN_03700,DINNER,,1,,0.0,1.0,1.0,1.0,0.0
DIN_03701,DINNER,,1,,0.0,1.0,1.0,0.0,0.0
DIN_03702,DINNER,,0,,0.0,0.0,1.0,0.0,0.0
DIN_03703,DINNER,,0,,0.0,1.0,1.0,0.0,0.0
DIN_03704,DINNER,,1,,0.0,1.0,1.0,1.0,0.0
DIN_03705,DINNER,,1,,0.0,1.0,1.0,0.0,1.0
DIN_03706,DINNER,,0,,0.0,1.0,1.0,1.0,1.0
DIN_03707,DINNER,,0,,0.0,1.0,0.0,0.0,0.0
DIN_03708,DINNER,,1,,0.0,1.0,1.0,1.0,0.0
DIN_03709,DINNER,,0,,0.0,1.0,1.0,1.0,1.0
DIN_03710,DINNER,,1,,0.0,1.0,1.0,0.0,0.0
DIN_03711,DINNER,,0,,1.0,0.0,0.0,0.0,0.0
DIN_03712,DINNER,,0,,0.0,1.0,0.0,1.0,1.0
DIN_03713,DINNER,,1,,0.0,1.0,1.0,1.0,0.0
DIN_03714,DINNER,,1,,0.0,1.0,1.0,0.0,0.0
DIN_03715,DINNER,,1,,0.0,1.0,1.0,1.0,0.0
DIN_03716,DINNER,,0,,0.0,1.0,1.0,1.0,0.0
DIN_03717,DINNER,,0,,0.0,0.0,0.0,0.0,0.0
DIN_03718,DINNER,,0,,0.0,0.0,1.0,1.0,0.0
DIN_03719,DINNER,,1,,0.0,1.0,1.0,0.0,1.0
DIN_03720,DINNER,,1,,0.0,1.0,1.0,1.0,1.0
DIN_03721,DINNER,,0,,0.0,1.0,1.0,1.0,1.0
DIN_03722,DINNER,,0,,1.0,0.0,0.0,0.0,0.0
DIN_03723,DINNER,,1,,0.0,1.0,1.0,1.0,1.0
DIN_03724,DINNER,,0,,1.0,0.0,0.0,0.0,0.0
DIN_03725,DINNER,,0,,0.0,0.0,1.0,1.0,1.0
DIN_03726,DINNER,,1,,0.0,1.0,1.0,1.0,0.0
DIN_03727,DINNER,,1,,0.0,1.0,1.0,0.0,0.0
DIN_03728,DINNER,,0,,0.0,1.0,0.0,0.0,0.0
DIN_03729,DINNER,,0,,0.0,1.0,1.0,0.0,1.0
DIN_03730,DINNER,,0,,0.0,0.0,0.0,1.0,1.0
DIN_03731,DINNER,,0,,0.0,1.0,1.0,0.0,0.0
DIN_03732,DINNER,,1,,0.0,0.0,0.0,1.0,0.0
DIN_03733,DINNER,,0,,0.0,0.0,1.0,1.0,0.0
DIN_03734,DINNER,,1,,0.0,1.0,1.0,1.0,1.0
DIN_03735,DINNER,,1,,0.0,1.0,0.0,1.0,0.0
DIN_03736,DINNER,,0,,0.0,1.0,1.0,0.0,1.0
DIN_03737,DINNER,,0,,0.0,1.0,1.0,1.0,0.0
DIN_03738,DINNER,,0,,0.0,0.0,0.0,0.0,1.0
DIN_03739,DINNER,,1,,0.0,1.0,0.0,1.0,0.0
DIN_03740,DINNER,,0,,0.0,1.0,0.0,0.0,0.0
DIN_03741,DINNER,,1,,0.0,1.0,1.0,1.0,0.0
DIN_03742,DINNER,,1,,0.0,0.0,0.0,0.0,1.0
DIN_03743,DINNER,,0,,0.0,0.0,1.0,1.0,1.0
DIN_03744,DINNER,,1,,0.0,1.0,1.0,0.0,0.0
DIN_03745,DINNER,,0,,0.0,0.0,1.0,1.0,0.0
DIN_03746,DINNER,,1,,0.0,1.0,1.0,1.0,0.0
DIN_03747,DINNER,,0,,1.0,0.0,0.0,0.0,0.0
DIN_03748,DINNER,,0,,0.0,1.0,1.0,1.0,0.0
DIN_03749,DINNER,,0,,1.0,0.0,0.0,0.0,0.0
DIN_03750,DINNER,,0,,0.0,1.0,1.0,1.0,1.0
DIN_03751,DINNER,,1,,0.0,0.0,1.0,0.0,1.0
DIN_03752,DINNER,,0,,0.0,0.0,0.0,1.0,0.0
DIN_03753,DINNER,,1,,0.0,1.0,1.0,0.0,1.0
DIN_03754,DINNER,,1,,0.0,1.0,0.0,0.0,0.0
DIN_03755,DINNER,,1,,0.0,1.0,1.0,0.0,0.0
DIN_03756,DINNER,,1,,0.0,1.0,0.0,0.0,1.0
DIN_03757,DINNER,,1,,0.0,0.0,1.0,1.0,0.0
DIN_03758,DINNER,,1,,0.0,1.0,1.0,1.0,0.0
DIN_03759,DINNER,,1,,0.0,0.0,1.0,1.0,1.0
DIN_03760,DINNER,,0,,0.0,0.0,1.0,1.0,0.0
DIN_03761,DINNER,,0,,1.0,0.0,0.0,0.0,0.0
DIN_03762,DINNER,,0,,1.0,0.0,0.0,0.0,0.0
DIN_03763,DINNER,,0,,1.0,0.0,0.0,0.0,0.0
DIN_03764,DINNER,,1,,0.0,0.0,1.0,1.0,0.0
DIN_03765,DINNER,,0,,0.0,0.0,1.0,1.0,0.0
DIN_03766,DINNER,,1,,0.0,1.0,1.0,1.0,1.0
DIN_03767,DINNER,,0,,0.0,1.0,1.0,1.0,0.0
DIN_03768,DINNER,,1,,0.0,1.0,1.0,0.0,0.0
DIN_03769,DINNER,,1,,0.0,0.0,1.0,0.0,1.0
DIN_03770,DINNER,,0,,1.0,0.0,0.0,0.0,0.0
DIN_03771,DINNER,,0,,0.0,0.0,0.0,0.0,0.0
DIN_03772,DINNER,,1,,0.0,1.0,0.0,0.0,1.0
DIN_03773,DINNER,,1,,0.0,0.0,1.0,0.0,0.0
DIN_03774,DINNER,,0,,0.0,0.0,0.0,0.0,0.0
DIN_03775,DINNER,,1,,0.0,1.0,1.0,0.0,1.0
DIN_03776,DINNER,,0,,0.0,0.0,1.0,0.0,0.0
DIN_03777,DINNER,,0,,1.0,0.0,0.0,0.0,0.0
DIN_03778,DINNER,,0,,0.0,0.0,1.0,1.0,0.0
DIN_03779,DINNER,,1,,0.0,0.0,1.0,0.0,0.0
DIN_03780,DINNER,,0,,0.0,1.0,1.0,1.0,0.0
DIN_03781,DINNER,,1,,0.0,1.0,1.0,0.0,0.0
DIN_03782,DINNER,,1,,0.0,1.0,1.0,1.0,0.0
DIN_03783,DINNER,,1,,0.0,0.0,0.0,0.0,0.0
DIN_03784,DINNER,,0,,0.0,1.0,1.0,0.0,0.0
DIN_03785,DINNER,,1,,0.0,1.0,1.0,1.0,0.0
DIN_03786,DINNER,,0,,0.0,0.0,1.0,0.0,1.0
DIN_03787,DINNER,,0,,1.0,0.0,0.0,0.0,0.0
DIN_03788,DINNER,,1,,0.0,0.0,1.0,1.0,0.0
DIN_03789,DINNER,,0,,0.0,1.0,1.0,0.0,0.0
DIN_03790,DINNER,,0,,1.0,0.0,0.0,0.0,0.0
DIN_03791,DINNER,,1,,0.0,1.0,1.0,1.0,1.0
DIN_03792,DINNER,,1,,0.0,1.0,1.0,1.0,0.0
DIN_03793,DINNER,,1,,0.0,1.0,1.0,0.0,1.0
DIN_03794,DINNER,,1,,0.0,1.0,1.0,1.0,0.0
DIN_03795,DINNER,,0,,0.0,0.0,0.0,0.0,0.0
DIN_03796,DINNER,,1,,0.0,1.0,1.0,1.0,1.0
DIN_03797,DINNER,,1,,0.0,0.0,1.0,1.0,1.0
DIN_03798,DINNER,,1,,0.0,0.0,1.0,1.0,1.0
DIN_03799,DINNER,,1,,0.0,1.0,0.0,0.0,1.0
DIN_03800,DINNER,,0,,0.0,1.0,1.0,1.0,1.0
DIN_03801,DINNER,,0,,0.0,1.0,1.0,0.0,0.0
DIN_03802,DINNER,,0,,1.0,0.0,0.0,0.0,0.0
DIN_03803,DINNER,,1,,0.0,1.0,1.0,1.0,1.0
DIN_03804,DINNER,,1,,0.0,0.0,1.0,0.0,1.0
DIN_03805,DINNER,,1,,0.0,1.0,1.0,0.0,0.0
DIN_03806,DINNER,,1,,0.0,1.0,0.0,0.0,0.0
DIN_03807,DINNER,,0,,0.0,0.0,1.0,0.0,1.0
DIN_03808,DINNER,,0,,0.0,1.0,0.0,0.0,0.0
DIN_03809,DINNER,,1,,0.0,1.0,1.0,1.0,0.0
DIN_03810,DINNER,,1,,0.0,0.0,1.0,1.0,1.0
DIN_03811,DINNER,,1,,0.0,0.0,1.0,0.0,1.0
DIN_03812,DINNER,,0,,0.0,0.0,1.0,1.0,0.0
DIN_03813,DINNER,,1,,0.0,1.0,1.0,0.0,0.0
DIN_03814,DINNER,,0,,0.0,0.0,1.0,0.0,0.0
DIN_03815,DINNER,,0,,1.0,0.0,0.0,0.0,0.0
DIN_03816,DINNER,,1,,0.0,1.0,0.0,0.0,0.0
DIN_03817,DINNER,,1,,0.0,1.0,1.0,0.0,0.0
DIN_03818,DINNER,,0,,0.0,1.0,1.0,0.0,1.0
DIN_03819,DINNER,,1,,0.0,1.0,1.0,0.0,0.0
DIN_03820,DINNER,,1,,0.0,1.0,0.0,0.0,0.0
DIN_03821,DINNER,,1,,0.0,1.0,0.0,0.0,1.0
DIN_03822,DINNER,,1,,0.0,1.0,1.0,0.0,0.0
DIN_03823,DINNER,,0,,0.0,0.0,1.0,0.0,0.0
DIN_03824,DINNER,,1,,0.0,1.0,1.0,0.0,1.0
DIN_03825,DINNER,,1,,0.0,0.0,1.0,0.0,0.0
DIN_03826,DINNER,,1,,0.0,1.0,1.0,0.0,0.0
DIN_03827,DINNER,,1,,0.0,1.0,0.0,0.0,0.0
DIN_03828,DINNER,,1,,0.0,1.0,1.0,0.0,0.0
DIN_03829,DINNER,,1,,0.0,1.0,0.0,0.0,0.0
DIN_03830,DINNER,,0,,0.0,1.0,0.0,0.0,0.0
DIN_03831,DINNER,,1,,0.0,1.0,1.0,0.0,0.0
DIN_03832,DINNER,,0,,0.0,0.0,1.0,1.0,0.0
DIN_03833,DINNER,,0,,0.0,1.0,1.0,0.0,0.0
DIN_03834,DINNER,,0,,0.0,0.0,1.0,1.0,1.0
DIN_03835,DINNER,,0,,0.0,1.0,1.0,0.0,1.0
DIN_03836,DINNER,,1,,0.0,1.0,1.0,1.0,1.0
DIN_03837,DINNER,,0,,0.0,0.0,1.0,1.0,1.0
DIN_03838,DINNER,,1,,0.0,1.0,1.0,0.0,0.0
DIN_03839,DINNER,,0,,0.0,0.0,1.0,0.0,0.0
DIN_03840,DINNER,,1,,0.0,1.0,1.0,1.0,0.0
DIN_03841,DINNER,,0,,0.0,0.0,0.0,0.0,0.0
DIN_03842,DINNER,,0,,0.0,1.0,1.0,1.0,1.0
DIN_03843,DINNER,,1,,0.0,1.0,1.0,1.0,1.0
DIN_03844,DINNER,,0,,0.0,0.0,0.0,0.0,0.0
DIN_03845,DINNER,,0,,0.0,1.0,1.0,1.0,0.0
DIN_03846,DINNER,,0,,0.0,0.0,1.0,1.0,0.0
DIN_03847,DINNER,,1,,0.0,1.0,0.0,1.0,0.0
DIN_03848,DINNER,,0,,0.0,0.0,0.0,1.0,1.0
DIN_03849,DINNER,,1,,0.0,1.0,0.0,1.0,1.0
DIN_03850,DINNER,,1,,0.0,0.0,0.0,0.0,0.0
DIN_03851,DINNER,,1,,0.0,0.0,0.0,0.0,0.0
DIN_03852,DINNER,,1,,0.0,1.0,1.0,1.0,0.0
DIN_03853,DINNER,,1,,0.0,1.0,1.0,1.0,0.0
DIN_03854,DINNER,,0,,0.0,1.0,0.0,0.0,0.0
DIN_03855,DINNER,,1,,0.0,1.0,1.0,0.0,0.0
DIN_03856,DINNER,,1,,0.0,1.0,0.0,0.0,0.0
DIN_03857,DINNER,,0,,0.0,1.0,1.0,0.0,1.0
DIN_03858,DINNER,,1,,0.0,0.0,0.0,0.0,0.0
DIN_03859,DINNER,,1,,0.0,0.0,0.0,0.0,0.0
DIN_03860,DINNER,,1,,0.0,0.0,0.0,0.0,0.0
DIN_03861,DINNER,,1,,0.0,0.0,0.0,0.0,0.0
DIN_03862,DINNER,,0,,0.0,1.0,0.0,0.0,0.0
DIN_03863,DINNER,,0,,1.0,0.0,0.0,0.0,0.0
DIN_03864,DINNER,,0,,0.0,0.0,1.0,0.0,0.0
DIN_03865,DINNER,,0,,1.0,0.0,0.0,0.0,0.0
DIN_03866,DINNER,,1,,0.0,1.0,1.0,1.0,0.0
DIN_03867,DINNER,,0,,1.0,0.0,0.0,0.0,0.0
DIN_03868,DINNER,,1,,0.0,1.0,0.0,0.0,0.0
DIN_03869,DINNER,,0,,0.0,0.0,0.0,0.0,1.0
DIN_03870,DINNER,,1,,0.0,1.0,0.0,0.0,0.0
DIN_03871,DINNER,,1,,0.0,1.0,1.0,1.0,1.0
DIN_03872,DINNER,,0,,1.0,0.0,0.0,0.0,0.0
DIN_03873,DINNER,,0,,0.0,0.0,1.0,0.0,0.0
DIN_03874,DINNER,,1,,0.0,1.0,1.0,0.0,0.0
DIN_03875,DINNER,,1,,0.0,1.0,1.0,1.0,1.0
DIN_03876,DINNER,,1,,0.0,1.0,1.0,1.0,0.0
DIN_03877,DINNER,,0,,0.0,0.0,0.0,0.0,0.0
DIN_03878,DINNER,,0,,1.0,0.0,0.0,0.0,0.0
DIN_03879,DINNER,,1,,0.0,0.0,1.0,0.0,1.0
DIN_03880,DINNER,,1,,0.0,1.0,1.0,1.0,0.0
DIN_03881,DINNER,,1,,0.0,1.0,0.0,0.0,0.0
DIN_03882,DINNER,,1,,0.0,0.0,0.0,1.0,1.0
DIN_03883,DINNER,,0,,0.0,0.0,1.0,1.0,0.0
DIN_03884,DINNER,,1,,0.0,1.0,1.0,0.0,0.0
DIN_03885,DINNER,,1,,0.0,0.0,1.0,0.0,0.0
DIN_03886,DINNER,,1,,0.0,1.0,0.0,0.0,0.0
DIN_03887,DINNER,,0,,0.0,1.0,1.0,0.0,0.0
DIN_03888,DINNER,,1,,0.0,1.0,0.0,0.0,0.0
DIN_03889,DINNER,,1,,0.0,1.0,0.0,1.0,1.0
DIN_03890,DINNER,,1,,0.0,1.0,1.0,0.0,1.0
DIN_03891,DINNER,,1,,0.0,1.0,1.0,1.0,1.0
DIN_03892,DINNER,,0,,0.0,0.0,1.0,1.0,1.0
DIN_03893,DINNER,,1,,0.0,0.0,1.0,1.0,1.0
DIN_03894,DINNER,,0,,1.0,0.0,0.0,0.0,0.0
DIN_03895,DINNER,,0,,0.0,0.0,1.0,0.0,0.0
DIN_03896,DINNER,,0,,0.0,0.0,0.0,0.0,0.0
DIN_03897,DINNER,,0,,1.0,0.0,0.0,0.0,0.0
DIN_03898,DINNER,,0,,1.0,0.0,0.0,0.0,0.0
DIN_03899,DINNER,,0,,0.0,0.0,0.0,0.0,1.0
DIN_03900,DINNER,,0,,0.0,0.0,1.0,1.0,0.0
DIN_03901,DINNER,,1,,0.0,1.0,1.0,0.0,1.0
DIN_03902,DINNER,,1,,0.0,1.0,1.0,1.0,1.0
DIN_03903,DINNER,,0,,0.0,0.0,1.0,0.0,0.0
DIN_03904,DINNER,,1,,0.0,0.0,1.0,1.0,0.0
DIN_03905,DINNER,,0,,0.0,1.0,1.0,1.0,0.0
DIN_03906,DINNER,,0,,0.0,1.0,0.0,1.0,1.0
DIN_03907,DINNER,,1,,0.0,1.0,0.0,0.0,1.0
DIN_03908,DINNER,,0,,1.0,0.0,0.0,0.0,0.0
DIN_03909,DINNER,,0,,0.0,0.0,1.0,1.0,0.0
DIN_03910,DINNER,,1,,0.0,0.0,1.0,0.0,0.0
DIN_03911,DINNER,,0,,1.0,0.0,0.0,0.0,0.0
DIN_03912,DINNER,,0,,0.0,0.0,0.0,1.0,0.0
DIN_03913,DINNER,,1,,0.0,0.0,1.0,1.0,0.0
DIN_03914,DINNER,,0,,0.0,1.0,0.0,1.0,0.0
DIN_03915,DINNER,,1,,0.0,1.0,0.0,0.0,0.0
DIN_03916,DINNER,,0,,0.0,1.0,1.0,1.0,0.0
DIN_03917,DINNER,,1,,0.0,1.0,1.0,1.0,1.0
DIN_03918,DINNER,,0,,0.0,0.0,0.0,1.0,1.0
DIN_03919,DINNER,,1,,0.0,0.0,1.0,0.0,0.0
DIN_03920,DINNER,,0,,1.0,0.0,0.0,0.0,0.0
DIN_03921,DINNER,,1,,0.0,1.0,0.0,0.0,1.0
DIN_03922,DINNER,,1,,0.0,1.0,1.0,0.0,1.0
DIN_03923,DINNER,,0,,1.0,0.0,0.0,0.0,0.0
DIN_03924,DINNER,,1,,0.0,1.0,0.0,0.0,1.0
DIN_03925,DINNER,,0,,1.0,0.0,0.0,0.0,0.0
DIN_03926,DINNER,,0,,1.0,0.0,0.0,0.0,0.0
DIN_03927,DINNER,,0,,0.0,1.0,1.0,0.0,0.0
DIN_03928,DINNER,,1,,0.0,1.0,1.0,1.0,0.0
DIN_03929,DINNER,,0,,0.0,1.0,1.0,0.0,1.0
DIN_03930,DINNER,,0,,0.0,1.0,1.0,0.0,1.0
DIN_03931,DINNER,,1,,0.0,1.0,1.0,0.0,0.0
DIN_03932,DINNER,,0,,1.0,0.0,0.0,0.0,0.0
DIN_03933,DINNER,,0,,0.0,0.0,1.0,0.0,0.0
DIN_03934,DINNER,,0,,0.0,0.0,1.0,0.0,0.0
DIN_03935,DINNER,,1,,0.0,1.0,1.0,1.0,0.0
DIN_03936,DINNER,,1,,0.0,0.0,1.0,1.0,1.0
DIN_03937,DINNER,,1,,0.0,1.0,1.0,0.0,0.0
DIN_03938,DINNER,,0,,1.0,0.0,0.0,0.0,0.0
DIN_03939,DINNER,,0,,1.0,0.0,0.0,0.0,0.0
DIN_03940,DINNER,,1,,0.0,1.0,1.0,1.0,0.0
DIN_03941,DINNER,,1,,0.0,0.0,1.0,0.0,1.0
DIN_03942,DINNER,,0,,0.0,0.0,1.0,1.0,0.0
DIN_03943,DINNER,,1,,0.0,0.0,1.0,1.0,0.0
DIN_03944,DINNER,,1,,0.0,1.0,1.0,0.0,1.0
DIN_03945,DINNER,,1,,0.0,1.0,1.0,0.0,1.0
DIN_03946,DINNER,,0,,0.0,1.0,0.0,0.0,0.0
DIN_03947,DINNER,,0,,0.0,1.0,0.0,0.0,0.0
DIN_03948,DINNER,,1,,0.0,0.0,1.0,1.0,0.0
DIN_03949,DINNER,,0,,0.0,0.0,1.0,0.0,1.0
DIN_03950,DINNER,,0,,1.0,0.0,0.0,0.0,0.0
DIN_03951,DINNER,,1,,0.0,1.0,0.0,0.0,0.0
DIN_03952,DINNER,,0,,0.0,0.0,1.0,0.0,1.0
DIN_03953,DINNER,,0,,1.0,0.0,0.0,0.0,0.0
DIN_03954,DINNER,,0,,0.0,1.0,1.0,0.0,1.0
DIN_03955,DINNER,,1,,0.0,1.0,1.0,1.0,1.0
DIN_03956,DINNER,,1,,0.0,1.0,1.0,1.0,1.0
DIN_03957,DINNER,,0,,0.0,0.0,0.0,0.0,0.0
DIN_03958,DINNER,,0,,0.0,0.0,0.0,1.0,0.0
DIN_03959,DINNER,,1,,0.0,1.0,1.0,1.0,0.0
DIN_03960,DINNER,,1,,0.0,0.0,1.0,1.0,1.0
DIN_03961,DINNER,,1,,0.0,0.0,1.0,1.0,0.0
DIN_03962,DINNER,,1,,0.0,1.0,0.0,1.0,1.0
DIN_03963,DINNER,,0,,0.0,0.0,1.0,1.0,0.0
DIN_03964,DINNER,,0,,1.0,0.0,0.0,0.0,0.0
DIN_03965,DINNER,,1,,0.0,1.0,1.0,1.0,1.0
DIN_03966,DINNER,,1,,0.0,1.0,0.0,1.0,0.0
DIN_03967,DINNER,,0,,1.0,0.0,0.0,0.0,0.0
DIN_03968,DINNER,,0,,0.0,1.0,1.0,0.0,0.0
DIN_03969,DINNER,,1,,0.0,1.0,1.0,1.0,1.0
DIN_03970,DINNER,,0,,0.0,1.0,1.0,1.0,0.0
DIN_03971,DINNER,,0,,0.0,1.0,0.0,0.0,0.0
DIN_03972,DINNER,,1,,0.0,0.0,1.0,1.0,0.0
DIN_03973,DINNER,,0,,0.0,1.0,1.0,1.0,1.0
DIN_03974,DINNER,,0,,0.0,1.0,1.0,1.0,0.0
DIN_03975,DINNER,,0,,1.0,0.0,0.0,0.0,0.0
DIN_03976,DINNER,,0,,0.0,1.0,1.0,0.0,1.0
DIN_03977,DINNER,,0,,0.0,1.0,1.0,1.0,0.0
DIN_03978,DINNER,,1,,0.0,1.0,1.0,0.0,0.0
DIN_03979,DINNER,,0,,0.0,1.0,1.0,0.0,0.0
DIN_03980,DINNER,,1,,0.0,0.0,1.0,0.0,1.0
DIN_03981,DINNER,,0,,0.0,1.0,0.0,0.0,0.0
DIN_03982,DINNER,,1,,0.0,0.0,1.0,0.0,0.0
DIN_03983,DINNER,,1,,0.0,0.0,0.0,0.0,1.0
DIN_03984,DINNER,,0,,0.0,1.0,1.0,1.0,1.0
DIN_03985,DINNER,,1,,0.0,0.0,1.0,0.0,0.0
DIN_03986,DINNER,,0,,0.0,1.0,1.0,1.0,1.0
DIN_03987,DINNER,,1,,0.0,0.0,1.0,1.0,1.0
DIN_03988,DINNER,,1,,0.0,1.0,1.0,0.0,1.0
DIN_03989,DINNER,,0,,0.0,1.0,1.0,1.0,0.0
DIN_03990,DINNER,,1,,0.0,1.0,1.0,1.0,0.0
DIN_03991,DINNER,,1,,0.0,1.0,1.0,0.0,1.0
DIN_03992,DINNER,,1,,0.0,1.0,0.0,0.0,0.0
DIN_03993,DINNER,,1,,0.0,1.0,1.0,1.0,1.0
DIN_03994,DINNER,,1,,0.0,1.0,1.0,1.0,1.0
DIN_03995,DINNER,,0,,0.0,1.0,0.0,0.0,0.0
DIN_03996,DINNER,,1,,0.0,1.0,1.0,0.0,0.0
DIN_03997,DINNER,,0,,0.0,0.0,1.0,1.0,0.0
DIN_03998,DINNER,,0,,1.0,0.0,0.0,0.0,0.0
DIN_03999,DINNER,,0,,0.0,1.0,1.0,0.0,0.0
DIN_04000,DINNER,,0,,0.0,0.0,0.0,0.0,1.0
DIN_04001,DINNER,,0,,0.0,1.0,1.0,1.0,0.0
DIN_04002,DINNER,,1,,0.0,0.0,1.0,1.0,0.0
DIN_04003,DINNER,,0,,0.0,1.0,1.0,1.0,1.0
DIN_04004,DINNER,,0,,1.0,0.0,0.0,0.0,0.0
DIN_04005,DINNER,,1,,0.0,0.0,1.0,0.0,0.0
DIN_04006,DINNER,,1,,0.0,1.0,0.0,0.0,1.0
DIN_04007,DINNER,,1,,0.0,1.0,1.0,0.0,1.0
DIN_04008,DINNER,,0,,1.0,0.0,0.0,0.0,0.0
DIN_04009,DINNER,,0,,0.0,0.0,1.0,1.0,0.0
DIN_04010,DINNER,,1,,0.0,0.0,1.0,0.0,0.0
DIN_04011,DINNER,,1,,0.0,1.0,1.0,0.0,0.0
DIN_04012,DINNER,,1,,0.0,1.0,1.0,1.0,1.0
DIN_04013,DINNER,,0,,0.0,0.0,1.0,0.0,0.0
DIN_04014,DINNER,,0,,0.0,1.0,1.0,1.0,0.0
DIN_04015,DINNER,,1,,0.0,0.0,1.0,1.0,0.0
DIN_04016,DINNER,,0,,0.0,0.0,0.0,0.0,0.0
DIN_04017,DINNER,,0,,0.0,0.0,1.0,1.0,0.0
DIN_04018,DINNER,,0,,0.0,0.0,1.0,1.0,0.0
DIN_04019,DINNER,,1,,0.0,1.0,0.0,1.0,0.0
DIN_04020,DINNER,,0,,0.0,1.0,0.0,1.0,0.0
DIN_04021,DINNER,,0,,0.0,0.0,1.0,1.0,0.0
DIN_04022,DINNER,,1,,0.0,1.0,1.0,1.0,0.0
DIN_04023,DINNER,,1,,0.0,1.0,1.0,1.0,1.0
DIN_04024,DINNER,,1,,0.0,1.0,1.0,1.0,1.0
DIN_04025,DINNER,,0,,0.0,0.0,1.0,0.0,0.0
DIN_04026,DINNER,,1,,0.0,0.0,1.0,1.0,1.0
DIN_04027,DINNER,,1,,0.0,0.0,1.0,1.0,1.0
DIN_04028,DINNER,,0,,0.0,0.0,1.0,1.0,1.0
DIN_04029,DINNER,,0,,0.0,1.0,1.0,1.0,0.0
DIN_04030,DINNER,,1,,0.0,1.0,1.0,1.0,0.0
DIN_04031,DINNER,,1,,0.0,0.0,1.0,1.0,1.0
DIN_04032,DINNER,,1,,0.0,1.0,1.0,1.0,1.0
DIN_04033,DINNER,,0,,0.0,1.0,1.0,1.0,0.0
DIN_04034,DINNER,,1,,0.0,1.0,1.0,0.0,0.0
DIN_04035,DINNER,,0,,1.0,0.0,0.0,0.0,0.0
DIN_04036,DINNER,,1,,0.0,1.0,0.0,1.0,0.0
DIN_04037,DINNER,,0,,0.0,0.0,1.0,0.0,0.0
DIN_04038,DINNER,,0,,0.0,0.0,1.0,1.0,0.0
DIN_04039,DINNER,,1,,0.0,1.0,0.0,0.0,0.0
DIN_04040,DINNER,,1,,0.0,1.0,1.0,1.0,0.0
DIN_04041,DINNER,,1,,0.0,0.0,1.0,1.0,1.0
DIN_04042,DINNER,,0,,1.0,0.0,0.0,0.0,0.0
DIN_04043,DINNER,,0,,0.0,1.0,1.0,0.0,0.0
DIN_04044,DINNER,,0,,0.0,1.0,1.0,1.0,1.0
DIN_04045,DINNER,,1,,0.0,1.0,1.0,1.0,1.0
DIN_04046,DINNER,,1,,0.0,0.0,0.0,1.0,0.0
DIN_04047,DINNER,,1,,0.0,0.0,1.0,0.0,0.0
DIN_04048,DINNER,,1,,0.0,0.0,1.0,0.0,0.0
DIN_04049,DINNER,,1,,0.0,1.0,1.0,0.0,0.0
DIN_04050,DINNER,,0,,0.0,1.0,0.0,0.0,0.0
DIN_04051,DINNER,,1,,0.0,1.0,1.0,0.0,1.0
DIN_04052,DINNER,,0,,1.0,0.0,0.0,0.0,0.0
DIN_04053,DINNER,,1,,0.0,1.0,1.0,0.0,0.0
DIN_04054,DINNER,,1,,0.0,0.0,1.0,1.0,0.0
DIN_04055,DINNER,,0,,0.0,0.0,1.0,0.0,0.0
DIN_04056,DINNER,,0,,0.0,0.0,1.0,1.0,1.0
DIN_04057,DINNER,,1,,0.0,1.0,1.0,0.0,0.0
DIN_04058,DINNER,,0,,0.0,1.0,1.0,0.0,1.0
DIN_04059,DINNER,,1,,0.0,1.0,1.0,0.0,0.0
DIN_04060,DINNER,,0,,0.0,0.0,1.0,1.0,0.0
DIN_04061,DINNER,,1,,0.0,0.0,1.0,1.0,0.0
DIN_04062,DINNER,,1,,0.0,0.0,1.0,0.0,0.0
DIN_04063,DINNER,,0,,0.0,0.0,1.0,0.0,0.0
DIN_04064,DINNER,,0,,0.0,0.0,1.0,0.0,1.0
DIN_04065,DINNER,,1,,0.0,1.0,1.0,1.0,1.0
DIN_04066,DINNER,,0,,0.0,1.0,0.0,0.0,0.0
DIN_04067,DINNER,,1,,0.0,0.0,0.0,0.0,1.0
DIN_04068,DINNER,,1,,0.0,0.0,1.0,0.0,0.0
DIN_04069,DINNER,,1,,0.0,0.0,1.0,1.0,0.0
DIN_04070,DINNER,,1,,0.0,0.0,1.0,0.0,1.0
DIN_04071,DINNER,,0,,0.0,0.0,1.0,0.0,1.0
DIN_04072,DINNER,,0,,0.0,0.0,0.0,0.0,0.0
DIN_04073,DINNER,,0,,1.0,0.0,0.0,0.0,0.0
DIN_04074,DINNER,,0,,0.0,1.0,1.0,0.0,1.0
DIN_04075,DINNER,,1,,0.0,0.0,1.0,1.0,0.0
DIN_04076,DINNER,,0,,0.0,0.0,1.0,0.0,1.0
DIN_04077,DINNER,,0,,0.0,0.0,1.0,1.0,1.0
DIN_04078,DINNER,,0,,0.0,0.0,1.0,0.0,1.0
DIN_04079,DINNER,,0,,0.0,1.0,0.0,0.0,1.0
DIN_04080,DINNER,,1,,0.0,1.0,1.0,1.0,1.0
DIN_04081,DINNER,,1,,0.0,1.0,1.0,0.0,0.0
DIN_04082,DINNER,,0,,1.0,0.0,0.0,0.0,0.0
DIN_04083,DINNER,,1,,0.0,1.0,1.0,0.0,1.0
DIN_04084,DINNER,,1,,0.0,1.0,0.0,1.0,0.0
DIN_04085,DINNER,,0,,0.0,0.0,1.0,1.0,1.0
DIN_04086,DINNER,,0,,0.0,1.0,1.0,0.0,1.0
DIN_04087,DINNER,,1,,0.0,1.0,1.0,0.0,0.0
DIN_04088,DINNER,,1,,0.0,0.0,1.0,1.0,0.0
DIN_04089,DINNER,,1,,0.0,0.0,0.0,0.0,0.0
DIN_04090,DINNER,,1,,0.0,0.0,1.0,0.0,1.0
DIN_04091,DINNER,,1,,0.0,0.0,1.0,0.0,1.0
DIN_04092,DINNER,,0,,0.0,1.0,1.0,1.0,0.0
DIN_04093,DINNER,,1,,0.0,1.0,1.0,0.0,0.0
DIN_04094,DINNER,,0,,1.0,0.0,0.0,0.0,0.0
DIN_04095,DINNER,,1,,0.0,0.0,0.0,0.0,1.0
DIN_04096,DINNER,,1,,0.0,0.0,0.0,0.0,1.0
DIN_04097,DINNER,,1,,0.0,1.0,0.0,1.0,1.0
DIN_04098,DINNER,,0,,0.0,1.0,1.0,0.0,0.0
DIN_04099,DINNER,,0,,0.0,1.0,1.0,1.0,1.0
DIN_04100,DINNER,,1,,0.0,1.0,1.0,0.0,0.0
DIN_04101,DINNER,,0,,0.0,1.0,1.0,0.0,1.0
DIN_04102,DINNER,,0,,0.0,1.0,1.0,1.0,1.0
DIN_04103,DINNER,,1,,0.0,1.0,1.0,0.0,0.0
DIN_04104,DINNER,,1,,0.0,1.0,0.0,0.0,0.0
DIN_04105,DINNER,,1,,0.0,1.0,1.0,0.0,0.0
DIN_04106,DINNER,,0,,0.0,1.0,1.0,1.0,0.0
DIN_04107,DINNER,,0,,0.0,1.0,1.0,0.0,1.0
DIN_04108,DINNER,,0,,0.0,0.0,1.0,0.0,0.0
DIN_04109,DINNER,,1,,0.0,1.0,1.0,1.0,0.0
DIN_04110,DINNER,,1,,0.0,1.0,0.0,0.0,0.0
DIN_04111,DINNER,,0,,0.0,1.0,0.0,0.0,1.0
DIN_04112,DINNER,,1,,0.0,0.0,0.0,0.0,1.0
DIN_04113,DINNER,,1,,0.0,1.0,1.0,1.0,0.0
DIN_04114,DINNER,,1,,0.0,0.0,1.0,0.0,1.0
DIN_04115,DINNER,,0,,0.0,0.0,0.0,0.0,0.0
DIN_04116,DINNER,,0,,1.0,0.0,0.0,0.0,0.0
DIN_04117,DINNER,,0,,0.0,1.0,1.0,0.0,0.0
DIN_04118,DINNER,,1,,0.0,0.0,0.0,0.0,0.0
DIN_04119,DINNER,,1,,0.0,1.0,1.0,0.0,0.0
DIN_04120,DINNER,,0,,0.0,1.0,1.0,1.0,1.0
DIN_04121,DINNER,,0,,0.0,0.0,0.0,1.0,1.0
DIN_04122,DINNER,,0,,0.0,1.0,1.0,1.0,0.0
DIN_04123,DINNER,,1,,0.0,0.0,1.0,1.0,0.0
DIN_04124,DINNER,,1,,0.0,1.0,1.0,0.0,1.0
DIN_04125,DINNER,,1,,0.0,1.0,0.0,0.0,1.0
DIN_04126,DINNER,,1,,0.0,1.0,0.0,0.0,1.0
DIN_04127,DINNER,,1,,0.0,1.0,0.0,0.0,0.0
DIN_04128,DINNER,,0,,0.0,1.0,1.0,1.0,0.0
DIN_04129,DINNER,,0,,0.0,0.0,0.0,0.0,0.0
DIN_04130,DINNER,,0,,1.0,0.0,0.0,0.0,0.0
DIN_04131,DINNER,,0,,0.0,0.0,1.0,0.0,0.0
DIN_04132,DINNER,,0,,1.0,0.0,0.0,0.0,0.0
DIN_04133,DINNER,,0,,0.0,1.0,1.0,0.0,1.0
DIN_04134,DINNER,,1,,0.0,1.0,1.0,1.0,0.0
DIN_04135,DINNER,,1,,0.0,0.0,1.0,0.0,1.0
DIN_04136,DINNER,,1,,0.0,1.0,1.0,1.0,0.0
DIN_04137,DINNER,,1,,0.0,0.0,1.0,0.0,1.0
DIN_04138,DINNER,,0,,0.0,0.0,0.0,1.0,0.0
DIN_04139,DINNER,,1,,0.0,1.0,1.0,1.0,0.0
DIN_04140,DINNER,,0,,0.0,0.0,0.0,0.0,0.0
DIN_04141,DINNER,,1,,0.0,1.0,1.0,1.0,0.0
DIN_04142,DINNER,,0,,0.0,0.0,1.0,0.0,1.0
DIN_04143,DINNER,,1,,0.0,1.0,1.0,0.0,0.0
DIN_04144,DINNER,,0,,0.0,0.0,1.0,0.0,1.0
DIN_04145,DINNER,,1,,0.0,0.0,1.0,0.0,1.0
DIN_04146,DINNER,,1,,0.0,1.0,1.0,1.0,0.0
DIN_04147,DINNER,,1,,0.0,1.0,1.0,1.0,0.0
DIN_04148,DINNER,,1,,0.0,0.0,1.0,0.0,0.0
DIN_04149,DINNER,,0,,1.0,0.0,0.0,0.0,0.0
DIN_04150,DINNER,,1,,0.0,0.0,1.0,1.0,1.0
DIN_04151,DINNER,,1,,0.0,1.0,1.0,1.0,0.0
DIN_04152,DINNER,,1,,0.0,1.0,1.0,1.0,1.0
DIN_04153,DINNER,,1,,0.0,1.0,0.0,0.0,1.0
DIN_04154,DINNER,,1,,0.0,1.0,1.0,1.0,1.0
DIN_04155,DINNER,,1,,0.0,1.0,0.0,0.0,1.0
DIN_04156,DINNER,,1,,0.0,1.0,1.0,0.0,0.0
DIN_04157,DINNER,,1,,0.0,0.0,1.0,1.0,1.0
DIN_04158,DINNER,,0,,0.0,1.0,1.0,1.0,1.0
DIN_04159,DINNER,,0,,0.0,1.0,1.0,1.0,1.0
DIN_04160,DINNER,,0,,0.0,1.0,1.0,1.0,0.0
DIN_04161,DINNER,,0,,0.0,1.0,1.0,1.0,0.0
DIN_04162,DINNER,,0,,0.0,1.0,1.0,1.0,1.0
DIN_04163,DINNER,,0,,0.0,1.0,1.0,1.0,0.0
DIN_04164,DINNER,,1,,0.0,0.0,1.0,1.0,0.0
DIN_04165,DINNER,,0,,1.0,0.0,0.0,0.0,0.0
DIN_04166,DINNER,,1,,0.0,0.0,1.0,0.0,0.0
DIN_04167,DINNER,,0,,0.0,1.0,1.0,1.0,0.0
DIN_04168,DINNER,,1,,0.0,0.0,1.0,0.0,0.0
DIN_04169,DINNER,,0,,1.0,0.0,0.0,0.0,0.0
DIN_04170,DINNER,,1,,0.0,0.0,1.0,1.0,1.0
DIN_04171,DINNER,,0,,0.0,0.0,1.0,0.0,0.0
DIN_04172,DINNER,,0,,0.0,1.0,0.0,1.0,1.0
DIN_04173,DINNER,,0,,1.0,0.0,0.0,0.0,0.0
DIN_04174,DINNER,,1,,0.0,1.0,0.0,1.0,0.0
DIN_04175,DINNER,,1,,0.0,1.0,1.0,0.0,0.0
DIN_04176,DINNER,,1,,0.0,1.0,1.0,0.0,0.0
DIN_04177,DINNER,,0,,1.0,0.0,0.0,0.0,0.0
DIN_04178,DINNER,,1,,0.0,1.0,1.0,1.0,0.0
DIN_04179,DINNER,,1,,0.0,0.0,0.0,1.0,0.0
DIN_04180,DINNER,,0,,1.0,0.0,0.0,0.0,0.0
DIN_04181,DINNER,,0,,0.0,1.0,1.0,0.0,0.0
DIN_04182,DINNER,,0,,1.0,0.0,0.0,0.0,0.0
DIN_04183,DINNER,,1,,0.0,1.0,1.0,0.0,0.0
DIN_04184,DINNER,,1,,0.0,1.0,1.0,1.0,0.0
DIN_04185,DINNER,,0,,0.0,0.0,1.0,1.0,0.0
DIN_04186,DINNER,,0,,1.0,0.0,0.0,0.0,0.0
DIN_04187,DINNER,,0,,1.0,0.0,0.0,0.0,0.0
DIN_04188,DINNER,,0,,0.0,0.0,0.0,0.0,0.0
DIN_04189,DINNER,,1,,0.0,1.0,1.0,1.0,0.0
DIN_04190,DINNER,,1,,0.0,1.0,0.0,0.0,0.0
DIN_04191,DINNER,,1,,0.0,0.0,0.0,0.0,0.0
DIN_04192,DINNER,,0,,0.0,1.0,1.0,1.0,0.0
DIN_04193,DINNER,,0,,1.0,0.0,0.0,0.0,0.0
DIN_04194,DINNER,,0,,1.0,0.0,0.0,0.0,0.0
DIN_04195,DINNER,,1,,0.0,1.0,1.0,0.0,0.0
DIN_04196,DINNER,,1,,0.0,1.0,1.0,1.0,1.0
DIN_04197,DINNER,,1,,0.0,1.0,1.0,0.0,0.0
DIN_04198,DINNER,,0,,1.0,0.0,0.0,0.0,0.0
DIN_04199,DINNER,,1,,0.0,1.0,1.0,1.0,0.0
DIN_04200,DINNER,,1,,0.0,1.0,0.0,0.0,0.0
DIN_04201,DINNER,,1,,0.0,0.0,1.0,1.0,1.0
DIN_04202,DINNER,,1,,0.0,1.0,1.0,0.0,0.0
DIN_04203,DINNER,,1,,0.0,1.0,1.0,1.0,0.0
DIN_04204,DINNER,,1,,0.0,1.0,1.0,1.0,1.0
DIN_04205,DINNER,,0,,0.0,1.0,1.0,1.0,1.0
DIN_04206,DINNER,,1,,0.0,1.0,1.0,1.0,1.0
DIN_04207,DINNER,,1,,0.0,1.0,1.0,1.0,1.0
DIN_04208,DINNER,,1,,0.0,1.0,1.0,1.0,1.0
DIN_04209,DINNER,,1,,0.0,0.0,0.0,0.0,0.0
DIN_04210,DINNER,,1,,0.0,0.0,1.0,0.0,1.0
DIN_04211,DINNER,,0,,1.0,0.0,0.0,0.0,0.0
DIN_04212,DINNER,,1,,0.0,0.0,1.0,1.0,0.0
DIN_04213,DINNER,,1,,0.0,1.0,1.0,0.0,0.0
DIN_04214,DINNER,,0,,0.0,0.0,1.0,1.0,0.0
DIN_04215,DINNER,,1,,0.0,0.0,1.0,0.0,0.0
DIN_04216,DINNER,,0,,0.0,1.0,0.0,1.0,0.0
DIN_04217,DINNER,,0,,0.0,1.0,1.0,1.0,1.0
DIN_04218,DINNER,,0,,1.0,0.0,0.0,0.0,0.0
DIN_04219,DINNER,,1,,0.0,1.0,1.0,0.0,1.0
DIN_04220,DINNER,,1,,0.0,1.0,1.0,1.0,0.0
DIN_04221,DINNER,,1,,0.0,0.0,1.0,0.0,0.0
DIN_04222,DINNER,,0,,0.0,0.0,1.0,1.0,1.0
DIN_04223,DINNER,,1,,0.0,0.0,1.0,1.0,0.0
DIN_04224,DINNER,,0,,0.0,0.0,1.0,1.0,1.0
DIN_04225,DINNER,,0,,0.0,1.0,1.0,0.0,0.0
DIN_04226,DINNER,,1,,0.0,1.0,1.0,1.0,1.0
DIN_04227,DINNER,,0,,1.0,0.0,0.0,0.0,0.0
DIN_04228,DINNER,,1,,0.0,0.0,1.0,0.0,0.0
DIN_04229,DINNER,,0,,0.0,0.0,1.0,0.0,0.0
DIN_04230,DINNER,,1,,0.0,1.0,0.0,1.0,0.0
DIN_04231,DINNER,,1,,0.0,0.0,1.0,1.0,1.0
DIN_04232,DINNER,,1,,0.0,1.0,1.0,0.0,1.0
DIN_04233,DINNER,,1,,0.0,1.0,0.0,1.0,1.0
DIN_04234,DINNER,,1,,0.0,1.0,1.0,0.0,0.0
DIN_04235,DINNER,,1,,0.0,1.0,1.0,0.0,1.0
DIN_04236,DINNER,,0,,0.0,1.0,1.0,1.0,1.0
DIN_04237,DINNER,,0,,1.0,0.0,0.0,0.0,0.0
DIN_04238,DINNER,,0,,1.0,0.0,0.0,0.0,0.0
DIN_04239,DINNER,,1,,0.0,1.0,1.0,1.0,1.0
DIN_04240,DINNER,,1,,0.0,0.0,1.0,0.0,0.0
DIN_04241,DINNER,,1,,0.0,1.0,1.0,0.0,0.0
DIN_04242,DINNER,,0,,0.0,0.0,1.0,0.0,1.0
DIN_04243,DINNER,,1,,0.0,1.0,1.0,0.0,1.0
DIN_04244,DINNER,,0,,1.0,0.0,0.0,0.0,0.0
DIN_04245,DINNER,,0,,0.0,1.0,0.0,1.0,0.0
DIN_04246,DINNER,,1,,0.0,1.0,1.0,0.0,1.0
DIN_04247,DINNER,,1,,0.0,0.0,0.0,1.0,0.0
DIN_04248,DINNER,,1,,0.0,0.0,1.0,0.0,0.0
DIN_04249,DINNER,,0,,0.0,1.0,1.0,0.0,0.0
DIN_04250,DINNER,,1,,0.0,1.0,1.0,0.0,1.0
DIN_04251,DINNER,,0,,0.0,1.0,0.0,0.0,0.0
DIN_04252,DINNER,,0,,1.0,0.0,0.0,0.0,0.0
DIN_04253,DINNER,,0,,0.0,0.0,0.0,1.0,0.0
DIN_04254,DINNER,,0,,0.0,1.0,0.0,1.0,1.0
DIN_04255,DINNER,,0,,0.0,1.0,1.0,1.0,1.0
DIN_04256,DINNER,,1,,0.0,1.0,0.0,1.0,1.0
DIN_04257,DINNER,,0,,0.0,1.0,1.0,1.0,0.0
DIN_04258,DINNER,,1,,0.0,1.0,1.0,0.0,1.0
DIN_04259,DINNER,,1,,0.0,1.0,1.0,1.0,0.0
DIN_04260,DINNER,,1,,0.0,1.0,1.0,1.0,0.0
DIN_04261,DINNER,,1,,0.0,1.0,1.0,1.0,1.0
DIN_04262,DINNER,,0,,0.0,1.0,1.0,0.0,1.0
DIN_04263,DINNER,,1,,0.0,0.0,1.0,1.0,0.0
DIN_04264,DINNER,,1,,0.0,1.0,1.0,1.0,1.0
DIN_04265,DINNER,,1,,0.0,0.0,1.0,0.0,0.0
DIN_04266,DINNER,,1,,0.0,1.0,1.0,0.0,1.0
DIN_04267,DINNER,,0,,0.0,1.0,1.0,0.0,1.0
DIN_04268,DINNER,,1,,0.0,1.0,1.0,0.0,0.0
DIN_04269,DINNER,,0,,1.0,0.0,0.0,0.0,0.0
DIN_04270,DINNER,,1,,0.0,1.0,1.0,1.0,0.0
DIN_04271,DINNER,,1,,0.0,1.0,0.0,0.0,0.0
DIN_04272,DINNER,,0,,0.0,1.0,0.0,0.0,1.0
DIN_04273,DINNER,,0,,0.0,1.0,1.0,1.0,1.0
DIN_04274,DINNER,,0,,0.0,0.0,1.0,0.0,0.0
DIN_04275,DINNER,,1,,0.0,1.0,1.0,0.0,0.0
DIN_04276,DINNER,,1,,0.0,1.0,1.0,1.0,0.0
DIN_04277,DINNER,,1,,0.0,1.0,0.0,0.0,0.0
DIN_04278,DINNER,,1,,0.0,0.0,1.0,0.0,1.0
DIN_04279,DINNER,,1,,0.0,1.0,1.0,1.0,0.0
DIN_04280,DINNER,,0,,1.0,0.0,0.0,0.0,0.0
DIN_04281,DINNER,,1,,0.0,0.0,0.0,0.0,0.0
DIN_04282,DINNER,,1,,0.0,1.0,1.0,1.0,0.0
DIN_04283,DINNER,,0,,0.0,1.0,0.0,0.0,0.0
DIN_04284,DINNER,,1,,0.0,0.0,1.0,1.0,0.0
DIN_04285,DINNER,,1,,0.0,0.0,0.0,0.0,0.0
DIN_04286,DINNER,,1,,0.0,1.0,1.0,0.0,0.0
DIN_04287,DINNER,,1,,0.0,1.0,1.0,1.0,1.0
DIN_04288,DINNER,,1,,0.0,0.0,1.0,1.0,1.0
DIN_04289,DINNER,,0,,0.0,1.0,0.0,0.0,1.0
DIN_04290,DINNER,,0,,0.0,1.0,1.0,0.0,0.0
DIN_04291,DINNER,,1,,0.0,1.0,0.0,1.0,0.0
DIN_04292,DINNER,,1,,0.0,1.0,1.0,0.0,1.0
DIN_04293,DINNER,,1,,0.0,0.0,1.0,1.0,0.0
DIN_04294,DINNER,,0,,1.0,0.0,0.0,0.0,0.0
DIN_04295,DINNER,,1,,0.0,0.0,0.0,0.0,0.0
DIN_04296,DINNER,,0,,0.0,0.0,1.0,0.0,1.0
DIN_04297,DINNER,,0,,0.0,0.0,1.0,1.0,0.0
DIN_04298,DINNER,,0,,0.0,1.0,1.0,0.0,0.0
DIN_04299,DINNER,,0,,0.0,1.0,1.0,0.0,1.0
DIN_04300,DINNER,,0,,0.0,0.0,1.0,0.0,1.0
DIN_04301,DINNER,,1,,0.0,1.0,1.0,0.0,1.0
DIN_04302,DINNER,,1,,0.0,1.0,0.0,0.0,1.0
DIN_04303,DINNER,,0,,0.0,1.0,1.0,0.0,1.0
DIN_04304,DINNER,,1,,0.0,1.0,1.0,1.0,1.0
DIN_04305,DINNER,,1,,0.0,1.0,1.0,1.0,1.0
DIN_04306,DINNER,,1,,0.0,1.0,1.0,0.0,0.0
DIN_04307,DINNER,,1,,0.0,1.0,1.0,0.0,1.0
DIN_04308,DINNER,,0,,0.0,1.0,1.0,0.0,1.0
DIN_04309,DINNER,,1,,0.0,1.0,1.0,1.0,0.0
DIN_04310,DINNER,,1,,0.0,1.0,0.0,0.0,1.0
DIN_04311,DINNER,,1,,0.0,1.0,1.0,0.0,0.0
DIN_04312,DINNER,,1,,0.0,1.0,1.0,1.0,1.0
DIN_04313,DINNER,,1,,0.0,1.0,1.0,1.0,1.0
DIN_04314,DINNER,,0,,1.0,0.0,0.0,0.0,0.0
DIN_04315,DINNER,,1,,0.0,1.0,1.0,0.0,1.0
DIN_04316,DINNER,,1,,0.0,1.0,1.0,1.0,0.0
DIN_04317,DINNER,,1,,0.0,1.0,1.0,1.0,0.0
DIN_04318,DINNER,,1,,0.0,1.0,1.0,0.0,0.0
DIN_04319,DINNER,,1,,0.0,0.0,1.0,0.0,1.0
DIN_04320,DINNER,,0,,0.0,1.0,1.0,1.0,0.0
DIN_04321,DINNER,,0,,1.0,0.0,0.0,0.0,0.0
DIN_04322,DINNER,,0,,0.0,0.0,0.0,0.0,0.0
DIN_04323,DINNER,,1,,0.0,1.0,1.0,1.0,0.0
DIN_04324,DINNER,,1,,0.0,0.0,0.0,0.0,0.0
DIN_04325,DINNER,,1,,0.0,1.0,0.0,0.0,0.0
DIN_04326,DINNER,,1,,0.0,0.0,1.0,1.0,1.0
DIN_04327,DINNER,,1,,0.0,0.0,0.0,0.0,1.0
DIN_04328,DINNER,,1,,0.0,1.0,1.0,0.0,1.0
DIN_04329,DINNER,,0,,1.0,0.0,0.0,0.0,0.0
DIN_04330,DINNER,,1,,0.0,1.0,1.0,0.0,0.0
DIN_04331,DINNER,,1,,0.0,1.0,1.0,0.0,1.0
DIN_04332,DINNER,,0,,0.0,1.0,0.0,1.0,0.0
DIN_04333,DINNER,,1,,0.0,0.0,1.0,0.0,1.0
DIN_04334,DINNER,,1,,0.0,0.0,0.0,0.0,0.0
DIN_04335,DINNER,,1,,0.0,0.0,0.0,0.0,1.0
DIN_04336,DINNER,,1,,0.0,1.0,1.0,0.0,0.0
DIN_04337,DINNER,,1,,0.0,1.0,0.0,0.0,1.0
DIN_04338,DINNER,,1,,0.0,0.0,0.0,0.0,0.0
DIN_04339,DINNER,,0,,0.0,1.0,1.0,1.0,1.0
DIN_04340,DINNER,,0,,0.0,0.0,1.0,1.0,0.0
DIN_04341,DINNER,,0,,1.0,0.0,0.0,0.0,0.0
DIN_04342,DINNER,,1,,0.0,1.0,0.0,1.0,1.0
DIN_04343,DINNER,,1,,0.0,1.0,1.0,1.0,0.0
DIN_04344,DINNER,,0,,0.0,0.0,1.0,0.0,1.0
DIN_04345,DINNER,,0,,0.0,0.0,0.0,1.0,0.0
DIN_04346,DINNER,,0,,0.0,0.0,0.0,1.0,0.0
DIN_04347,DINNER,,1,,0.0,1.0,1.0,1.0,0.0
DIN_04348,DINNER,,1,,0.0,0.0,1.0,1.0,0.0
DIN_04349,DINNER,,1,,0.0,1.0,1.0,1.0,0.0
DIN_04350,DINNER,,1,,0.0,0.0,1.0,0.0,0.0
DIN_04351,DINNER,,1,,0.0,0.0,1.0,0.0,1.0
DIN_04352,DINNER,,1,,0.0,1.0,1.0,1.0,1.0
DIN_04353,DINNER,,1,,0.0,1.0,1.0,1.0,0.0
DIN_04354,DINNER,,1,,0.0,1.0,1.0,0.0,1.0
DIN_04355,DINNER,,1,,0.0,1.0,1.0,0.0,0.0
DIN_04356,DINNER,,0,,0.0,0.0,1.0,1.0,0.0
DIN_04357,DINNER,,1,,0.0,1.0,1.0,0.0,0.0
DIN_04358,DINNER,,0,,1.0,0.0,0.0,0.0,0.0
DIN_04359,DINNER,,1,,0.0,1.0,0.0,0.0,0.0
DIN_04360,DINNER,,1,,0.0,1.0,1.0,1.0,1.0
DIN_04361,DINNER,,0,,1.0,0.0,0.0,0.0,0.0
DIN_04362,DINNER,,1,,0.0,0.0,0.0,0.0,1.0
DIN_04363,DINNER,,1,,0.0,1.0,1.0,0.0,0.0
DIN_04364,DINNER,,1,,0.0,0.0,1.0,0.0,0.0
DIN_04365,DINNER,,1,,0.0,1.0,1.0,1.0,0.0
DIN_04366,DINNER,,0,,0.0,1.0,1.0,1.0,0.0
DIN_04367,DINNER,,0,,0.0,1.0,1.0,1.0,0.0
DIN_04368,DINNER,,1,,0.0,1.0,1.0,0.0,0.0
DIN_04369,DINNER,,1,,0.0,1.0,0.0,1.0,1.0
DIN_04370,DINNER,,1,,0.0,0.0,0.0,1.0,0.0
DIN_04371,DINNER,,1,,0.0,1.0,1.0,0.0,0.0
DIN_04372,DINNER,,1,,0.0,1.0,1.0,1.0,0.0
DIN_04373,DINNER,,1,,0.0,0.0,0.0,1.0,1.0
DIN_04374,DINNER,,1,,0.0,1.0,1.0,1.0,0.0
DIN_04375,DINNER,,1,,0.0,1.0,1.0,1.0,1.0
DIN_04376,DINNER,,1,,0.0,0.0,1.0,1.0,1.0
DIN_04377,DINNER,,1,,0.0,0.0,1.0,1.0,1.0
DIN_04378,DINNER,,1,,0.0,1.0,1.0,0.0,0.0
DIN_04379,DINNER,,0,,0.0,0.0,0.0,1.0,1.0
DIN_04380,DINNER,,0,,0.0,1.0,1.0,1.0,1.0
DIN_04381,DINNER,,0,,0.0,1.0,1.0,1.0,0.0
DIN_04382,DINNER,,1,,0.0,1.0,1.0,1.0,1.0
DIN_04383,DINNER,,1,,0.0,1.0,1.0,0.0,0.0
DIN_04384,DINNER,,1,,0.0,0.0,1.0,1.0,1.0
DIN_04385,DINNER,,1,,0.0,1.0,1.0,0.0,0.0
DIN_04386,DINNER,,0,,0.0,1.0,1.0,0.0,0.0
DIN_04387,DINNER,,1,,0.0,0.0,1.0,0.0,1.0
DIN_04388,DINNER,,1,,0.0,1.0,0.0,1.0,1.0
DIN_04389,DINNER,,0,,0.0,1.0,1.0,0.0,1.0
DIN_04390,DINNER,,1,,0.0,0.0,0.0,1.0,0.0
DIN_04391,DINNER,,0,,0.0,1.0,1.0,0.0,1.0
DIN_04392,DINNER,,0,,0.0,0.0,0.0,0.0,0.0
DIN_04393,DINNER,,1,,0.0,1.0,1.0,1.0,1.0
DIN_04394,DINNER,,0,,0.0,0.0,1.0,1.0,0.0
DIN_04395,DINNER,,1,,0.0,0.0,0.0,0.0,0.0
DIN_04396,DINNER,,1,,0.0,1.0,1.0,0.0,1.0
DIN_04397,DINNER,,1,,0.0,1.0,1.0,0.0,0.0
DIN_04398,DINNER,,0,,1.0,0.0,0.0,0.0,0.0
DIN_04399,DINNER,,1,,0.0,1.0,0.0,0.0,0.0
DIN_04400,DINNER,,1,,0.0,1.0,0.0,1.0,1.0
DIN_04401,DINNER,,0,,0.0,1.0,1.0,0.0,0.0
DIN_04402,DINNER,,0,,0.0,0.0,1.0,1.0,1.0
DIN_04403,DINNER,,1,,0.0,0.0,1.0,1.0,0.0
DIN_04404,DINNER,,0,,0.0,0.0,0.0,0.0,0.0
DIN_04405,DINNER,,0,,0.0,1.0,1.0,1.0,0.0
DIN_04406,DINNER,,0,,0.0,1.0,1.0,0.0,1.0
DIN_04407,DINNER,,1,,0.0,0.0,1.0,0.0,0.0
DIN_04408,DINNER,,0,,1.0,0.0,0.0,0.0,0.0
DIN_04409,DINNER,,0,,1.0,0.0,0.0,0.0,0.0
DIN_04410,DINNER,,1,,0.0,0.0,1.0,1.0,1.0
DIN_04411,DINNER,,0,,0.0,0.0,0.0,0.0,1.0
DIN_04412,DINNER,,1,,0.0,1.0,1.0,0.0,0.0
DIN_04413,DINNER,,1,,0.0,0.0,1.0,0.0,1.0
DIN_04414,DINNER,,1,,0.0,1.0,1.0,1.0,0.0
DIN_04415,DINNER,,1,,0.0,1.0,1.0,1.0,1.0
DIN_04416,DINNER,,1,,0.0,0.0,1.0,0.0,0.0
DIN_04417,DINNER,,1,,0.0,1.0,0.0,0.0,0.0
DIN_04418,DINNER,,0,,0.0,0.0,1.0,1.0,0.0
DIN_04419,DINNER,,0,,0.0,0.0,0.0,0.0,0.0
DIN_04420,DINNER,,1,,0.0,0.0,0.0,0.0,0.0
DIN_04421,DINNER,,1,,0.0,0.0,1.0,1.0,0.0
DIN_04422,DINNER,,0,,0.0,0.0,1.0,0.0,0.0
DIN_04423,DINNER,,0,,1.0,0.0,0.0,0.0,0.0
DIN_04424,DINNER,,1,,0.0,1.0,1.0,0.0,1.0
DIN_04425,DINNER,,0,,0.0,0.0,1.0,0.0,1.0
DIN_04426,DINNER,,1,,0.0,0.0,1.0,1.0,0.0
DIN_04427,DINNER,,1,,0.0,0.0,0.0,0.0,0.0
DIN_04428,DINNER,,1,,0.0,1.0,1.0,0.0,0.0
DIN_04429,DINNER,,0,,1.0,0.0,0.0,0.0,0.0
DIN_04430,DINNER,,1,,0.0,1.0,1.0,1.0,0.0
DIN_04431,DINNER,,0,,0.0,1.0,0.0,0.0,1.0
DIN_04432,DINNER,,1,,0.0,0.0,1.0,0.0,0.0
DIN_04433,DINNER,,1,,0.0,1.0,1.0,0.0,1.0
DIN_04434,DINNER,,0,,0.0,1.0,1.0,0.0,0.0
DIN_04435,DINNER,,0,,0.0,1.0,0.0,0.0,0.0
DIN_04436,DINNER,,0,,1.0,0.0,0.0,0.0,0.0
DIN_04437,DINNER,,1,,0.0,1.0,1.0,0.0,0.0
DIN_04438,DINNER,,0,,0.0,0.0,1.0,0.0,0.0
DIN_04439,DINNER,,0,,0.0,1.0,1.0,0.0,0.0
DIN_04440,DINNER,,1,,0.0,1.0,1.0,1.0,1.0
DIN_04441,DINNER,,1,,0.0,0.0,1.0,1.0,1.0
DIN_04442,DINNER,,0,,0.0,1.0,1.0,0.0,0.0
DIN_04443,DINNER,,0,,0.0,1.0,0.0,1.0,0.0
DIN_04444,DINNER,,0,,0.0,1.0,1.0,1.0,1.0
DIN_04445,DINNER,,1,,0.0,1.0,1.0,1.0,0.0
DIN_04446,DINNER,,0,,0.0,0.0,1.0,0.0,1.0
DIN_04447,DINNER,,1,,0.0,0.0,1.0,1.0,1.0
DIN_04448,DINNER,,0,,1.0,0.0,0.0,0.0,0.0
DIN_04449,DINNER,,0,,1.0,0.0,0.0,0.0,0.0
DIN_04450,DINNER,,1,,0.0,1.0,1.0,1.0,0.0
DIN_04451,DINNER,,0,,1.0,0.0,0.0,0.0,0.0
DIN_04452,DINNER,,0,,0.0,0.0,1.0,0.0,0.0
DIN_04453,DINNER,,1,,0.0,1.0,1.0,0.0,1.0
DIN_04454,DINNER,,1,,0.0,0.0,0.0,0.0,0.0
DIN_04455,DINNER,,1,,0.0,1.0,1.0,0.0,1.0
DIN_04456,DINNER,,0,,0.0,0.0,0.0,0.0,0.0
DIN_04457,DINNER,,0,,0.0,0.0,0.0,0.0,0.0
DIN_04458,DINNER,,0,,0.0,1.0,1.0,1.0,0.0
DIN_04459,DINNER,,1,,0.0,1.0,1.0,0.0,1.0
DIN_04460,DINNER,,0,,0.0,0.0,1.0,1.0,0.0
DIN_04461,DINNER,,1,,0.0,1.0,0.0,0.0,1.0
DIN_04462,DINNER,,0,,0.0,1.0,1.0,1.0,0.0
DIN_04463,DINNER,,0,,0.0,1.0,1.0,0.0,1.0
DIN_04464,DINNER,,0,,0.0,0.0,1.0,0.0,0.0
DIN_04465,DINNER,,1,,0.0,1.0,1.0,1.0,1.0
DIN_04466,DINNER,,0,,1.0,0.0,0.0,0.0,0.0
DIN_04467,DINNER,,1,,0.0,1.0,1.0,1.0,0.0
DIN_04468,DINNER,,1,,0.0,1.0,1.0,0.0,0.0
DIN_04469,DINNER,,0,,0.0,1.0,1.0,0.0,1.0
DIN_04470,DINNER,,0,,0.0,0.0,0.0,0.0,1.0
DIN_04471,DINNER,,0,,0.0,1.0,1.0,0.0,0.0
DIN_04472,DINNER,,1,,0.0,1.0,0.0,0.0,0.0
DIN_04473,DINNER,,0,,1.0,0.0,0.0,0.0,0.0
DIN_04474,DINNER,,1,,0.0,1.0,1.0,1.0,0.0
DIN_04475,DINNER,,0,,0.0,0.0,1.0,1.0,0.0
DIN_04476,DINNER,,1,,0.0,1.0,1.0,0.0,0.0
DIN_04477,DINNER,,0,,0.0,1.0,1.0,1.0,0.0
DIN_04478,DINNER,,1,,0.0,1.0,0.0,0.0,0.0
DIN_04479,DINNER,,0,,1.0,0.0,0.0,0.0,0.0
DIN_04480,DINNER,,0,,0.0,0.0,0.0,0.0,0.0
DIN_04481,DINNER,,1,,0.0,0.0,1.0,0.0,0.0
DIN_04482,DINNER,,0,,1.0,0.0,0.0,0.0,0.0
DIN_04483,DINNER,,1,,0.0,1.0,0.0,1.0,1.0
DIN_04484,DINNER,,1,,0.0,1.0,0.0,1.0,0.0
DIN_04485,DINNER,,1,,0.0,1.0,0.0,0.0,1.0
DIN_04486,DINNER,,1,,0.0,1.0,0.0,1.0,1.0
DIN_04487,DINNER,,1,,0.0,0.0,1.0,0.0,0.0
DIN_04488,DINNER,,0,,0.0,0.0,0.0,1.0,0.0
DIN_04489,DINNER,,0,,0.0,1.0,1.0,1.0,0.0
DIN_04490,DINNER,,1,,0.0,0.0,0.0,0.0,1.0
DIN_04491,DINNER,,1,,0.0,0.0,1.0,0.0,0.0
DIN_04492,DINNER,,0,,0.0,0.0,1.0,0.0,0.0
DIN_04493,DINNER,,0,,0.0,1.0,0.0,1.0,0.0
DIN_04494,DINNER,,1,,0.0,1.0,0.0,0.0,0.0
DIN_04495,DINNER,,0,,0.0,0.0,1.0,1.0,0.0
DIN_04496,DINNER,,1,,0.0,0.0,0.0,0.0,0.0
DIN_04497,DINNER,,1,,0.0,1.0,0.0,0.0,1.0
DIN_04498,DINNER,,0,,0.0,0.0,0.0,0.0,0.0
DIN_04499,DINNER,,1,,0.0,0.0,1.0,0.0,1.0
DIN_04500,DINNER,,1,,0.0,1.0,1.0,1.0,1.0
DIN_04501,DINNER,,1,,0.0,0.0,1.0,0.0,1.0
DIN_04502,DINNER,,1,,0.0,0.0,0.0,1.0,1.0
DIN_04503,DINNER,,0,,0.0,1.0,0.0,1.0,0.0
DIN_04504,DINNER,,0,,0.0,1.0,0.0,0.0,1.0
DIN_04505,DINNER,,0,,0.0,0.0,0.0,0.0,0.0
DIN_04506,DINNER,,1,,0.0,0.0,1.0,1.0,0.0
DIN_04507,DINNER,,1,,0.0,0.0,1.0,0.0,1.0
DIN_04508,DINNER,,1,,0.0,1.0,1.0,0.0,0.0
DIN_04509,DINNER,,0,,0.0,0.0,1.0,1.0,0.0
DIN_04510,DINNER,,1,,0.0,0.0,1.0,1.0,0.0
DIN_04511,DINNER,,0,,0.0,1.0,1.0,1.0,0.0
DIN_04512,DINNER,,1,,0.0,0.0,1.0,0.0,1.0
DIN_04513,DINNER,,0,,0.0,1.0,1.0,0.0,0.0
DIN_04514,DINNER,,1,,0.0,0.0,1.0,1.0,1.0
DIN_04515,DINNER,,1,,0.0,0.0,0.0,1.0,0.0
DIN_04516,DINNER,,1,,0.0,1.0,1.0,0.0,1.0
DIN_04517,DINNER,,1,,0.0,0.0,1.0,1.0,0.0
DIN_04518,DINNER,,0,,0.0,0.0,0.0,1.0,1.0
DIN_04519,DINNER,,0,,1.0,0.0,0.0,0.0,0.0
DIN_04520,DINNER,,0,,0.0,0.0,0.0,0.0,0.0
DIN_04521,DINNER,,0,,0.0,1.0,1.0,0.0,0.0
DIN_04522,DINNER,,0,,0.0,0.0,1.0,0.0,0.0
DIN_04523,DINNER,,1,,0.0,1.0,0.0,0.0,0.0
DIN_04524,DINNER,,1,,0.0,0.0,1.0,0.0,1.0
DIN_04525,DINNER,,1,,0.0,0.0,1.0,1.0,1.0
DIN_04526,DINNER,,0,,0.0,0.0,1.0,1.0,0.0
DIN_04527,DINNER,,1,,0.0,1.0,1.0,1.0,0.0
DIN_04528,DINNER,,1,,0.0,1.0,0.0,0.0,0.0
DIN_04529,DINNER,,1,,0.0,1.0,1.0,1.0,1.0
DIN_04530,DINNER,,0,,0.0,0.0,1.0,0.0,0.0
DIN_04531,DINNER,,1,,0.0,1.0,1.0,1.0,0.0
DIN_04532,DINNER,,0,,0.0,0.0,1.0,0.0,1.0
DIN_04533,DINNER,,0,,0.0,0.0,0.0,1.0,0.0
DIN_04534,DINNER,,0,,1.0,0.0,0.0,0.0,0.0
DIN_04535,DINNER,,0,,0.0,1.0,1.0,1.0,0.0
DIN_04536,DINNER,,1,,0.0,1.0,1.0,1.0,0.0
DIN_04537,DINNER,,0,,1.0,0.0,0.0,0.0,0.0
DIN_04538,DINNER,,1,,0.0,1.0,1.0,1.0,0.0
DIN_04539,DINNER,,0,,1.0,0.0,0.0,0.0,0.0
DIN_04540,DINNER,,1,,0.0,1.0,1.0,1.0,0.0
DIN_04541,DINNER,,0,,0.0,0.0,1.0,0.0,1.0
DIN_04542,DINNER,,0,,0.0,1.0,1.0,1.0,1.0
DIN_04543,DINNER,,1,,0.0,1.0,1.0,0.0,1.0
DIN_04544,DINNER,,0,,0.0,1.0,1.0,0.0,0.0
DIN_04545,DINNER,,0,,0.0,1.0,1.0,1.0,1.0
DIN_04546,DINNER,,0,,0.0,1.0,1.0,0.0,1.0
DIN_04547,DINNER,,0,,0.0,1.0,1.0,0.0,0.0
DIN_04548,DINNER,,1,,0.0,0.0,0.0,0.0,0.0
DIN_04549,DINNER,,1,,0.0,0.0,1.0,0.0,0.0
DIN_04550,DINNER,,0,,0.0,0.0,1.0,1.0,0.0
DIN_04551,DINNER,,0,,0.0,1.0,0.0,1.0,0.0
DIN_04552,DINNER,,0,,0.0,0.0,1.0,0.0,0.0
DIN_04553,DINNER,,0,,0.0,1.0,1.0,1.0,0.0
DIN_04554,DINNER,,0,,0.0,0.0,1.0,0.0,1.0
DIN_04555,DINNER,,1,,0.0,0.0,1.0,0.0,1.0
DIN_04556,DINNER,,0,,0.0,1.0,1.0,1.0,0.0
DIN_04557,DINNER,,1,,0.0,1.0,1.0,0.0,1.0
DIN_04558,DINNER,,0,,0.0,0.0,1.0,1.0,0.0
DIN_04559,DINNER,,0,,0.0,1.0,1.0,0.0,0.0
DIN_04560,DINNER,,1,,0.0,0.0,0.0,0.0,0.0
DIN_04561,DINNER,,1,,0.0,1.0,1.0,1.0,0.0
DIN_04562,DINNER,,0,,0.0,1.0,0.0,0.0,0.0
DIN_04563,DINNER,,1,,0.0,1.0,1.0,1.0,1.0
DIN_04564,DINNER,,1,,0.0,1.0,1.0,1.0,0.0
DIN_04565,DINNER,,1,,0.0,0.0,1.0,1.0,1.0
DIN_04566,DINNER,,0,,1.0,0.0,0.0,0.0,0.0
DIN_04567,DINNER,,0,,0.0,0.0,1.0,1.0,0.0
DIN_04568,DINNER,,0,,1.0,0.0,0.0,0.0,0.0
DIN_04569,DINNER,,1,,0.0,1.0,0.0,0.0,1.0
DIN_04570,DINNER,,0,,1.0,0.0,0.0,0.0,0.0
DIN_04571,DINNER,,1,,0.0,0.0,0.0,0.0,1.0
DIN_04572,DINNER,,1,,0.0,1.0,1.0,0.0,1.0
DIN_04573,DINNER,,1,,0.0,1.0,0.0,0.0,1.0
DIN_04574,DINNER,,1,,0.0,0.0,0.0,0.0,0.0
DIN_04575,DINNER,,0,,0.0,1.0,1.0,0.0,1.0
DIN_04576,DINNER,,1,,0.0,1.0,1.0,0.0,0.0
DIN_04577,DINNER,,0,,0.0,1.0,1.0,1.0,1.0
DIN_04578,DINNER,,1,,0.0,1.0,0.0,1.0,1.0
DIN_04579,DINNER,,1,,0.0,1.0,1.0,0.0,0.0
DIN_04580,DINNER,,0,,0.0,1.0,0.0,0.0,1.0
DIN_04581,DINNER,,1,,0.0,0.0,1.0,0.0,0.0
DIN_04582,DINNER,,0,,1.0,0.0,0.0,0.0,0.0
DIN_04583,DINNER,,0,,1.0,0.0,0.0,0.0,0.0
DIN_04584,DINNER,,1,,0.0,0.0,1.0,0.0,1.0
DIN_04585,DINNER,,0,,0.0,0.0,0.0,0.0,0.0
DIN_04586,DINNER,,0,,0.0,1.0,1.0,1.0,0.0
DIN_04587,DINNER,,1,,0.0,0.0,1.0,0.0,0.0
DIN_04588,DINNER,,0,,0.0,1.0,1.0,0.0,1.0
DIN_04589,DINNER,,0,,0.0,1.0,1.0,1.0,0.0
DIN_04590,DINNER,,0,,0.0,0.0,1.0,0.0,0.0
DIN_04591,DINNER,,0,,0.0,0.0,1.0,1.0,1.0
DIN_04592,DINNER,,1,,0.0,0.0,1.0,1.0,0.0
DIN_04593,DINNER,,1,,0.0,0.0,1.0,1.0,0.0
DIN_04594,DINNER,,0,,0.0,1.0,1.0,0.0,0.0
DIN_04595,DINNER,,0,,0.0,0.0,1.0,1.0,0.0
DIN_04596,DINNER,,1,,0.0,0.0,1.0,0.0,1.0
DIN_04597,DINNER,,0,,0.0,1.0,1.0,1.0,1.0
DIN_04598,DINNER,,0,,1.0,0.0,0.0,0.0,0.0
DIN_04599,DINNER,,1,,0.0,1.0,1.0,1.0,1.0
DIN_04600,DINNER,,0,,0.0,1.0,1.0,1.0,0.0
DIN_04601,DINNER,,1,,0.0,0.0,0.0,1.0,0.0
DIN_04602,DINNER,,0,,1.0,0.0,0.0,0.0,0.0
DIN_04603,DINNER,,0,,0.0,1.0,0.0,0.0,1.0
DIN_04604,DINNER,,0,,1.0,0.0,0.0,0.0,0.0
DIN_04605,DINNER,,1,,0.0,0.0,1.0,1.0,1.0
DIN_04606,DINNER,,0,,1.0,0.0,0.0,0.0,0.0
DIN_04607,DINNER,,1,,0.0,1.0,1.0,0.0,0.0
DIN_04608,DINNER,,1,,0.0,0.0,1.0,0.0,0.0
DIN_04609,DINNER,,1,,0.0,0.0,1.0,1.0,0.0
DIN_04610,DINNER,,1,,0.0,0.0,1.0,1.0,0.0
DIN_04611,DINNER,,0,,0.0,0.0,1.0,0.0,0.0
DIN_04612,DINNER,,1,,0.0,1.0,0.0,0.0,0.0
DIN_04613,DINNER,,0,,0.0,1.0,1.0,1.0,1.0
DIN_04614,DINNER,,0,,0.0,0.0,0.0,0.0,0.0
DIN_04615,DINNER,,0,,0.0,0.0,1.0,0.0,0.0
DIN_04616,DINNER,,1,,0.0,0.0,1.0,0.0,0.0
DIN_04617,DINNER,,1,,0.0,1.0,1.0,1.0,0.0
DIN_04618,DINNER,,1,,0.0,1.0,1.0,0.0,1.0
DIN_04619,DINNER,,1,,0.0,1.0,1.0,0.0,0.0
DIN_04620,DINNER,,1,,0.0,1.0,0.0,0.0,0.0
DIN_04621,DINNER,,0,,1.0,0.0,0.0,0.0,0.0
DIN_04622,DINNER,,1,,0.0,0.0,1.0,1.0,1.0
DIN_04623,DINNER,,1,,0.0,0.0,1.0,0.0,0.0
DIN_04624,DINNER,,0,,0.0,1.0,1.0,1.0,0.0
DIN_04625,DINNER,,1,,0.0,1.0,1.0,0.0,0.0
DIN_04626,DINNER,,1,,0.0,0.0,0.0,0.0,1.0
DIN_04627,DINNER,,1,,0.0,0.0,1.0,0.0,0.0
DIN_04628,DINNER,,0,,0.0,1.0,0.0,1.0,0.0
DIN_04629,DINNER,,1,,0.0,1.0,1.0,0.0,1.0
DIN_04630,DINNER,,0,,0.0,1.0,1.0,0.0,0.0
DIN_04631,DINNER,,0,,1.0,0.0,0.0,0.0,0.0
DIN_04632,DINNER,,0,,0.0,1.0,1.0,0.0,0.0
DIN_04633,DINNER,,0,,1.0,0.0,0.0,0.0,0.0
DIN_04634,DINNER,,1,,0.0,1.0,1.0,1.0,0.0
DIN_04635,DINNER,,1,,0.0,0.0,1.0,1.0,0.0
DIN_04636,DINNER,,0,,0.0,1.0,0.0,0.0,0.0
DIN_04637,DINNER,,0,,0.0,1.0,0.0,0.0,0.0
DIN_04638,DINNER,,0,,1.0,0.0,0.0,0.0,0.0
DIN_04639,DINNER,,1,,0.0,1.0,1.0,0.0,0.0
DIN_04640,DINNER,,0,,0.0,1.0,1.0,1.0,1.0
DIN_04641,DINNER,,1,,0.0,0.0,1.0,1.0,0.0
DIN_04642,DINNER,,0,,0.0,0.0,1.0,1.0,1.0
DIN_04643,DINNER,,1,,0.0,1.0,1.0,1.0,1.0
DIN_04644,DINNER,,1,,0.0,1.0,1.0,1.0,1.0
DIN_04645,DINNER,,1,,0.0,1.0,1.0,1.0,0.0
DIN_04646,DINNER,,0,,0.0,0.0,0.0,0.0,1.0
DIN_04647,DINNER,,1,,0.0,1.0,1.0,1.0,1.0
DIN_04648,DINNER,,0,,0.0,1.0,1.0,0.0,0.0
DIN_04649,DINNER,,1,,0.0,1.0,0.0,1.0,0.0
DIN_04650,DINNER,,0,,0.0,1.0,1.0,1.0,0.0
DIN_04651,DINNER,,1,,0.0,1.0,1.0,0.0,1.0
DIN_04652,DINNER,,1,,0.0,1.0,0.0,0.0,0.0
DIN_04653,DINNER,,1,,0.0,1.0,0.0,0.0,0.0
DIN_04654,DINNER,,1,,0.0,1.0,1.0,0.0,0.0
DIN_04655,DINNER,,0,,0.0,1.0,0.0,0.0,0.0
DIN_04656,DINNER,,1,,0.0,1.0,1.0,1.0,0.0
DIN_04657,DINNER,,1,,0.0,0.0,1.0,0.0,0.0
DIN_04658,DINNER,,0,,0.0,1.0,1.0,0.0,1.0
DIN_04659,DINNER,,0,,0.0,1.0,1.0,0.0,1.0
DIN_04660,DINNER,,0,,0.0,1.0,1.0,0.0,1.0
DIN_04661,DINNER,,0,,0.0,1.0,1.0,1.0,0.0
DIN_04662,DINNER,,1,,0.0,1.0,1.0,1.0,1.0
DIN_04663,DINNER,,0,,0.0,0.0,1.0,1.0,1.0
DIN_04664,DINNER,,1,,0.0,1.0,0.0,0.0,0.0
DIN_04665,DINNER,,1,,0.0,1.0,1.0,0.0,0.0
DIN_04666,DINNER,,0,,0.0,1.0,1.0,1.0,1.0
DIN_04667,DINNER,,1,,0.0,1.0,0.0,0.0,0.0
DIN_04668,DINNER,,0,,0.0,0.0,1.0,1.0,1.0
DIN_04669,DINNER,,1,,0.0,0.0,0.0,1.0,0.0
DIN_04670,DINNER,,1,,0.0,1.0,1.0,0.0,0.0
DIN_04671,DINNER,,1,,0.0,1.0,1.0,0.0,0.0
DIN_04672,DINNER,,1,,0.0,1.0,1.0,1.0,1.0
DIN_04673,DINNER,,1,,0.0,1.0,1.0,0.0,1.0
DIN_04674,DINNER,,0,,1.0,0.0,0.0,0.0,0.0
DIN_04675,DINNER,,1,,0.0,1.0,1.0,1.0,0.0
DIN_04676,DINNER,,1,,0.0,0.0,1.0,1.0,1.0
DIN_04677,DINNER,,0,,0.0,1.0,1.0,1.0,0.0
DIN_04678,DINNER,,1,,0.0,0.0,0.0,1.0,1.0
DIN_04679,DINNER,,1,,0.0,1.0,1.0,1.0,1.0
DIN_04680,DINNER,,0,,0.0,0.0,0.0,0.0,0.0
DIN_04681,DINNER,,1,,0.0,1.0,0.0,0.0,0.0
DIN_04682,DINNER,,0,,1.0,0.0,0.0,0.0,0.0
DIN_04683,DINNER,,1,,0.0,0.0,1.0,1.0,0.0
DIN_04684,DINNER,,0,,0.0,1.0,1.0,1.0,0.0
DIN_04685,DINNER,,1,,0.0,1.0,1.0,0.0,1.0
DIN_04686,DINNER,,1,,0.0,0.0,1.0,1.0,0.0
DIN_04687,DINNER,,1,,0.0,0.0,1.0,1.0,0.0
DIN_04688,DINNER,,0,,0.0,1.0,0.0,1.0,0.0
DIN_04689,DINNER,,0,,0.0,1.0,0.0,1.0,0.0
DIN_04690,DINNER,,0,,1.0,0.0,0.0,0.0,0.0
DIN_04691,DINNER,,1,,0.0,1.0,1.0,0.0,0.0
DIN_04692,DINNER,,1,,0.0,0.0,0.0,0.0,1.0
DIN_04693,DINNER,,0,,1.0,0.0,0.0,0.0,0.0
DIN_04694,DINNER,,0,,0.0,1.0,1.0,1.0,1.0
DIN_04695,DINNER,,1,,0.0,1.0,1.0,0.0,0.0
DIN_04696,DINNER,,1,,0.0,0.0,0.0,0.0,0.0
DIN_04697,DINNER,,1,,0.0,0.0,1.0,1.0,0.0
DIN_04698,DINNER,,0,,0.0,0.0,1.0,1.0,0.0
DIN_04699,DINNER,,1,,0.0,1.0,0.0,0.0,1.0
DIN_04700,DINNER,,1,,0.0,0.0,0.0,0.0,1.0
DIN_04701,DINNER,,1,,0.0,0.0,1.0,0.0,0.0
DIN_04702,DINNER,,1,,0.0,0.0,1.0,1.0,0.0
DIN_04703,DINNER,,0,,0.0,1.0,1.0,1.0,1.0
DIN_04704,DINNER,,0,,1.0,0.0,0.0,0.0,0.0
DIN_04705,DINNER,,0,,0.0,0.0,1.0,0.0,0.0
DIN_04706,DINNER,,0,,0.0,1.0,1.0,1.0,1.0
DIN_04707,DINNER,,1,,0.0,1.0,1.0,1.0,1.0
DIN_04708,DINNER,,1,,0.0,1.0,0.0,1.0,0.0
DIN_04709,DINNER,,0,,0.0,0.0,1.0,0.0,0.0
DIN_04710,DINNER,,1,,0.0,1.0,1.0,0.0,1.0
DIN_04711,DINNER,,0,,0.0,1.0,1.0,1.0,0.0
DIN_04712,DINNER,,0,,0.0,1.0,0.0,0.0,0.0
DIN_04713,DINNER,,1,,0.0,0.0,1.0,0.0,0.0
DIN_04714,DINNER,,1,,0.0,1.0,1.0,1.0,1.0
DIN_04715,DINNER,,1,,0.0,1.0,1.0,1.0,0.0
DIN_04716,DINNER,,1,,0.0,0.0,1.0,0.0,1.0
DIN_04717,DINNER,,1,,0.0,0.0,1.0,0.0,0.0
DIN_04718,DINNER,,1,,0.0,0.0,0.0,0.0,1.0
DIN_04719,DINNER,,0,,0.0,0.0,1.0,1.0,0.0
DIN_04720,DINNER,,0,,0.0,0.0,1.0,1.0,0.0
DIN_04721,DINNER,,1,,0.0,1.0,1.0,0.0,1.0
DIN_04722,DINNER,,1,,0.0,1.0,1.0,1.0,1.0
DIN_04723,DINNER,,0,,0.0,1.0,1.0,0.0,0.0
DIN_04724,DINNER,,0,,0.0,0.0,1.0,1.0,0.0
DIN_04725,DINNER,,1,,0.0,0.0,0.0,0.0,0.0
DIN_04726,DINNER,,0,,0.0,0.0,1.0,0.0,0.0
DIN_04727,DINNER,,1,,0.0,1.0,0.0,0.0,1.0
DIN_04728,DINNER,,0,,0.0,1.0,1.0,0.0,0.0
DIN_04729,DINNER,,0,,0.0,0.0,0.0,0.0,0.0
DIN_04730,DINNER,,0,,0.0,1.0,0.0,0.0,1.0
DIN_04731,DINNER,,0,,0.0,1.0,1.0,0.0,1.0
DIN_04732,DINNER,,0,,0.0,1.0,1.0,0.0,0.0
DIN_04733,DINNER,,1,,0.0,1.0,1.0,0.0,0.0
DIN_04734,DINNER,,0,,0.0,1.0,1.0,0.0,0.0
DIN_04735,DINNER,,0,,0.0,1.0,0.0,0.0,0.0
DIN_04736,DINNER,,0,,0.0,0.0,1.0,1.0,0.0
DIN_04737,DINNER,,1,,0.0,0.0,1.0,0.0,0.0
DIN_04738,DINNER,,1,,0.0,0.0,1.0,1.0,1.0
DIN_04739,DINNER,,1,,0.0,1.0,1.0,0.0,1.0
DIN_04740,DINNER,,1,,0.0,1.0,1.0,0.0,1.0
DIN_04741,DINNER,,0,,0.0,1.0,1.0,1.0,1.0
DIN_04742,DINNER,,0,,0.0,0.0,1.0,0.0,0.0
DIN_04743,DINNER,,0,,0.0,0.0,0.0,0.0,0.0
DIN_04744,DINNER,,1,,0.0,0.0,1.0,0.0,0.0
DIN_04745,DINNER,,1,,0.0,1.0,0.0,0.0,0.0
DIN_04746,DINNER,,1,,0.0,1.0,1.0,0.0,1.0
DIN_04747,DINNER,,0,,0.0,0.0,1.0,0.0,0.0
DIN_04748,DINNER,,0,,1.0,0.0,0.0,0.0,0.0
DIN_04749,DINNER,,1,,0.0,1.0,1.0,1.0,1.0
DIN_04750,DINNER,,1,,0.0,1.0,1.0,0.0,1.0
DIN_04751,DINNER,,0,,1.0,0.0,0.0,0.0,0.0
DIN_04752,DINNER,,0,,0.0,0.0,0.0,0.0,0.0
DIN_04753,DINNER,,0,,0.0,0.0,1.0,0.0,1.0
DIN_04754,DINNER,,1,,0.0,0.0,0.0,1.0,0.0
DIN_04755,DINNER,,0,,0.0,0.0,0.0,0.0,0.0
DIN_04756,DINNER,,1,,0.0,0.0,1.0,1.0,0.0
DIN_04757,DINNER,,0,,0.0,1.0,1.0,1.0,1.0
DIN_04758,DINNER,,0,,1.0,0.0,0.0,0.0,0.0
DIN_04759,DINNER,,1,,0.0,1.0,1.0,1.0,1.0
DIN_04760,DINNER,,1,,0.0,1.0,0.0,1.0,0.0
DIN_04761,DINNER,,0,,1.0,0.0,0.0,0.0,0.0
DIN_04762,DINNER,,1,,0.0,1.0,1.0,0.0,1.0
DIN_04763,DINNER,,1,,0.0,1.0,1.0,1.0,0.0
DIN_04764,DINNER,,0,,0.0,0.0,1.0,0.0,1.0
DIN_04765,DINNER,,0,,1.0,0.0,0.0,0.0,0.0
DIN_04766,DINNER,,0,,0.0,0.0,0.0,0.0,0.0
DIN_04767,DINNER,,1,,0.0,1.0,1.0,0.0,1.0
DIN_04768,DINNER,,0,,0.0,1.0,1.0,0.0,1.0
DIN_04769,DINNER,,1,,0.0,0.0,1.0,0.0,1.0
DIN_04770,DINNER,,0,,1.0,0.0,0.0,0.0,0.0
DIN_04771,DINNER,,0,,1.0,0.0,0.0,0.0,0.0
DIN_04772,DINNER,,1,,0.0,1.0,1.0,1.0,1.0
DIN_04773,DINNER,,0,,1.0,0.0,0.0,0.0,0.0
DIN_04774,DINNER,,0,,0.0,1.0,1.0,0.0,0.0
DIN_04775,DINNER,,1,,0.0,1.0,1.0,0.0,0.0
DIN_04776,DINNER,,1,,0.0,1.0,0.0,0.0,0.0
DIN_04777,DINNER,,1,,0.0,0.0,1.0,1.0,0.0
DIN_04778,DINNER,,1,,0.0,1.0,1.0,0.0,0.0
DIN_04779,DINNER,,0,,0.0,0.0,1.0,0.0,0.0
DIN_04780,DINNER,,1,,0.0,1.0,1.0,0.0,0.0
DIN_04781,DINNER,,1,,0.0,1.0,1.0,1.0,0.0
DIN_04782,DINNER,,1,,0.0,1.0,1.0,0.0,0.0
DIN_04783,DINNER,,1,,0.0,1.0,1.0,0.0,1.0
DIN_04784,DINNER,,1,,0.0,1.0,1.0,0.0,0.0
DIN_04785,DINNER,,1,,0.0,0.0,0.0,0.0,1.0
DIN_04786,DINNER,,1,,0.0,0.0,0.0,0.0,0.0
DIN_04787,DINNER,,0,,0.0,1.0,1.0,0.0,1.0
DIN_04788,DINNER,,1,,0.0,1.0,1.0,1.0,0.0
DIN_04789,DINNER,,0,,1.0,0.0,0.0,0.0,0.0
DIN_04790,DINNER,,0,,0.0,0.0,1.0,0.0,0.0
DIN_04791,DINNER,,0,,0.0,0.0,0.0,0.0,0.0
DIN_04792,DINNER,,1,,0.0,1.0,1.0,1.0,1.0
DIN_04793,DINNER,,1,,0.0,1.0,1.0,1.0,1.0
DIN_04794,DINNER,,0,,0.0,0.0,1.0,1.0,1.0
DIN_04795,DINNER,,0,,0.0,1.0,1.0,1.0,0.0
DIN_04796,DINNER,,1,,0.0,1.0,0.0,0.0,0.0
DIN_04797,DINNER,,1,,0.0,1.0,1.0,1.0,0.0
DIN_04798,DINNER,,1,,0.0,0.0,0.0,0.0,0.0
DIN_04799,DINNER,,0,,1.0,0.0,0.0,0.0,0.0
DIN_04800,DINNER,,1,,0.0,0.0,1.0,0.0,1.0
DIN_04801,DINNER,,0,,1.0,0.0,0.0,0.0,0.0
DIN_04802,DINNER,,0,,1.0,0.0,0.0,0.0,0.0
DIN_04803,DINNER,,1,,0.0,0.0,0.0,0.0,0.0
DIN_04804,DINNER,,1,,0.0,1.0,0.0,1.0,1.0
DIN_04805,DINNER,,1,,0.0,1.0,1.0,0.0,1.0
DIN_04806,DINNER,,1,,0.0,1.0,0.0,0.0,0.0
DIN_04807,DINNER,,0,,1.0,0.0,0.0,0.0,0.0
DIN_04808,DINNER,,0,,0.0,1.0,1.0,1.0,0.0
DIN_04809,DINNER,,0,,0.0,1.0,1.0,1.0,0.0
DIN_04810,DINNER,,1,,0.0,0.0,1.0,1.0,0.0
DIN_04811,DINNER,,1,,0.0,1.0,1.0,1.0,0.0
DIN_04812,DINNER,,0,,0.0,1.0,1.0,1.0,1.0
DIN_04813,DINNER,,0,,0.0,0.0,0.0,0.0,0.0
DIN_04814,DINNER,,1,,0.0,1.0,0.0,0.0,0.0
DIN_04815,DINNER,,0,,0.0,1.0,1.0,0.0,0.0
DIN_04816,DINNER,,1,,0.0,1.0,1.0,1.0,1.0
DIN_04817,DINNER,,1,,0.0,0.0,0.0,0.0,0.0
DIN_04818,DINNER,,1,,0.0,1.0,1.0,0.0,0.0
DIN_04819,DINNER,,1,,0.0,0.0,0.0,1.0,0.0
DIN_04820,DINNER,,0,,0.0,1.0,1.0,0.0,1.0
DIN_04821,DINNER,,1,,0.0,0.0,0.0,0.0,0.0
DIN_04822,DINNER,,0,,1.0,0.0,0.0,0.0,0.0
DIN_04823,DINNER,,1,,0.0,0.0,1.0,0.0,1.0
DIN_04824,DINNER,,1,,0.0,0.0,1.0,1.0,0.0
DIN_04825,DINNER,,1,,0.0,0.0,1.0,0.0,0.0
DIN_04826,DINNER,,0,,0.0,0.0,1.0,0.0,0.0
DIN_04827,DINNER,,0,,1.0,0.0,0.0,0.0,0.0
DIN_04828,DINNER,,1,,0.0,0.0,1.0,1.0,1.0
DIN_04829,DINNER,,0,,0.0,0.0,1.0,0.0,0.0
DIN_04830,DINNER,,1,,0.0,1.0,1.0,1.0,0.0
DIN_04831,DINNER,,1,,0.0,1.0,1.0,1.0,1.0
DIN_04832,DINNER,,0,,0.0,0.0,0.0,1.0,1.0
DIN_04833,DINNER,,1,,0.0,1.0,1.0,1.0,1.0
DIN_04834,DINNER,,0,,0.0,1.0,1.0,1.0,1.0
DIN_04835,DINNER,,0,,1.0,0.0,0.0,0.0,0.0
DIN_04836,DINNER,,0,,0.0,1.0,1.0,1.0,0.0
DIN_04837,DINNER,,1,,0.0,1.0,0.0,1.0,1.0
DIN_04838,DINNER,,1,,0.0,1.0,1.0,1.0,1.0
DIN_04839,DINNER,,0,,0.0,0.0,1.0,0.0,1.0
DIN_04840,DINNER,,0,,1.0,0.0,0.0,0.0,0.0
DIN_04841,DINNER,,0,,0.0,1.0,1.0,1.0,0.0
DIN_04842,DINNER,,0,,0.0,0.0,1.0,1.0,0.0
DIN_04843,DINNER,,1,,0.0,0.0,1.0,1.0,1.0
DIN_04844,DINNER,,1,,0.0,0.0,1.0,0.0,1.0
DIN_04845,DINNER,,0,,0.0,0.0,1.0,1.0,1.0
DIN_04846,DINNER,,0,,0.0,1.0,0.0,0.0,0.0
DIN_04847,DINNER,,1,,0.0,1.0,1.0,0.0,1.0
DIN_04848,DINNER,,1,,0.0,1.0,1.0,1.0,0.0
DIN_04849,DINNER,,0,,1.0,0.0,0.0,0.0,0.0
DIN_04850,DINNER,,1,,0.0,0.0,1.0,1.0,0.0
DIN_04851,DINNER,,1,,0.0,1.0,0.0,0.0,0.0
DIN_04852,DINNER,,1,,0.0,1.0,1.0,1.0,1.0
DIN_04853,DINNER,,0,,0.0,0.0,1.0,1.0,1.0
DIN_04854,DINNER,,1,,0.0,1.0,1.0,0.0,0.0
DIN_04855,DINNER,,1,,0.0,1.0,1.0,1.0,1.0
DIN_04856,DINNER,,1,,0.0,0.0,1.0,0.0,0.0
DIN_04857,DINNER,,1,,0.0,0.0,1.0,1.0,1.0
DIN_04858,DINNER,,1,,0.0,1.0,1.0,1.0,0.0
DIN_04859,DINNER,,0,,0.0,1.0,1.0,1.0,0.0
DIN_04860,DINNER,,0,,0.0,1.0,1.0,1.0,1.0
DIN_04861,DINNER,,1,,0.0,1.0,1.0,0.0,0.0
DIN_04862,DINNER,,0,,0.0,0.0,1.0,0.0,0.0
DIN_04863,DINNER,,0,,0.0,1.0,1.0,1.0,0.0
DIN_04864,DINNER,,1,,0.0,0.0,1.0,0.0,1.0
DIN_04865,DINNER,,1,,0.0,1.0,1.0,0.0,0.0
DIN_04866,DINNER,,0,,0.0,1.0,1.0,1.0,0.0
DIN_04867,DINNER,,1,,0.0,1.0,1.0,1.0,1.0
DIN_04868,DINNER,,1,,0.0,0.0,1.0,0.0,1.0
DIN_04869,DINNER,,0,,0.0,0.0,1.0,0.0,0.0
DIN_04870,DINNER,,1,,0.0,1.0,1.0,0.0,0.0
DIN_04871,DINNER,,0,,0.0,1.0,1.0,1.0,0.0
DIN_04872,DINNER,,1,,0.0,1.0,1.0,0.0,0.0
DIN_04873,DINNER,,0,,0.0,1.0,1.0,1.0,1.0
DIN_04874,DINNER,,0,,0.0,1.0,1.0,0.0,0.0
DIN_04875,DINNER,,0,,1.0,0.0,0.0,0.0,0.0
DIN_04876,DINNER,,1,,0.0,1.0,1.0,1.0,0.0
DIN_04877,DINNER,,1,,0.0,0.0,0.0,0.0,0.0
DIN_04878,DINNER,,1,,0.0,1.0,1.0,0.0,0.0
DIN_04879,DINNER,,1,,0.0,0.0,1.0,1.0,0.0
DIN_04880,DINNER,,0,,1.0,0.0,0.0,0.0,0.0
DIN_04881,DINNER,,0,,0.0,0.0,0.0,0.0,0.0
DIN_04882,DINNER,,1,,0.0,1.0,1.0,1.0,1.0
DIN_04883,DINNER,,1,,0.0,1.0,0.0,1.0,0.0
DIN_04884,DINNER,,0,,1.0,0.0,0.0,0.0,0.0
DIN_04885,DINNER,,1,,0.0,1.0,0.0,0.0,0.0
DIN_04886,DINNER,,1,,0.0,1.0,1.0,1.0,0.0
DIN_04887,DINNER,,0,,0.0,1.0,1.0,1.0,1.0
DIN_04888,DINNER,,0,,0.0,1.0,1.0,0.0,1.0
DIN_04889,DINNER,,1,,0.0,1.0,0.0,0.0,1.0
DIN_04890,DINNER,,0,,0.0,1.0,1.0,1.0,0.0
DIN_04891,DINNER,,0,,0.0,0.0,1.0,1.0,0.0
DIN_04892,DINNER,,0,,0.0,1.0,1.0,1.0,0.0
DIN_04893,DINNER,,1,,0.0,1.0,1.0,0.0,0.0
DIN_04894,DINNER,,1,,0.0,1.0,1.0,1.0,1.0
DIN_04895,DINNER,,1,,0.0,1.0,1.0,1.0,1.0
DIN_04896,DINNER,,1,,0.0,1.0,0.0,1.0,0.0
DIN_04897,DINNER,,1,,0.0,1.0,1.0,0.0,1.0
DIN_04898,DINNER,,0,,0.0,0.0,0.0,0.0,0.0
DIN_04899,DINNER,,1,,0.0,0.0,0.0,0.0,1.0
DIN_04900,DINNER,,0,,1.0,0.0,0.0,0.0,0.0
DIN_04901,DINNER,,1,,0.0,1.0,1.0,0.0,1.0
DIN_04902,DINNER,,1,,0.0,1.0,1.0,1.0,0.0
DIN_04903,DINNER,,1,,0.0,0.0,1.0,1.0,0.0
DIN_04904,DINNER,,0,,1.0,0.0,0.0,0.0,0.0
DIN_04905,DINNER,,0,,1.0,0.0,0.0,0.0,0.0
DIN_04906,DINNER,,1,,0.0,1.0,1.0,0.0,0.0
DIN_04907,DINNER,,1,,0.0,0.0,0.0,0.0,0.0
DIN_04908,DINNER,,0,,0.0,0.0,0.0,0.0,0.0
DIN_04909,DINNER,,0,,0.0,0.0,0.0,0.0,0.0
DIN_04910,DINNER,,1,,0.0,1.0,1.0,1.0,1.0
DIN_04911,DINNER,,1,,0.0,0.0,1.0,1.0,0.0
DIN_04912,DINNER,,1,,0.0,1.0,1.0,1.0,0.0
DIN_04913,DINNER,,1,,0.0,1.0,1.0,0.0,0.0
DIN_04914,DINNER,,1,,0.0,0.0,1.0,0.0,1.0
DIN_04915,DINNER,,0,,0.0,0.0,0.0,0.0,0.0
DIN_04916,DINNER,,1,,0.0,0.0,1.0,1.0,0.0
DIN_04917,DINNER,,0,,0.0,0.0,1.0,0.0,1.0
DIN_04918,DINNER,,0,,0.0,1.0,1.0,0.0,1.0
DIN_04919,DINNER,,0,,0.0,1.0,1.0,1.0,0.0
DIN_04920,DINNER,,0,,0.0,1.0,1.0,0.0,0.0
DIN_04921,DINNER,,0,,1.0,0.0,0.0,0.0,0.0
DIN_04922,DINNER,,1,,0.0,1.0,1.0,1.0,1.0
DIN_04923,DINNER,,0,,1.0,0.0,0.0,0.0,0.0
DIN_04924,DINNER,,1,,0.0,1.0,0.0,0.0,0.0
DIN_04925,DINNER,,0,,1.0,0.0,0.0,0.0,0.0
DIN_04926,DINNER,,1,,0.0,1.0,1.0,1.0,1.0
DIN_04927,DINNER,,1,,0.0,1.0,1.0,1.0,1.0
DIN_04928,DINNER,,1,,0.0,1.0,1.0,1.0,1.0
DIN_04929,DINNER,,1,,0.0,1.0,1.0,0.0,0.0
DIN_04930,DINNER,,0,,0.0,1.0,0.0,1.0,1.0
DIN_04931,DINNER,,1,,0.0,1.0,0.0,0.0,1.0
DIN_04932,DINNER,,0,,1.0,0.0,0.0,0.0,0.0
DIN_04933,DINNER,,0,,0.0,1.0,1.0,0.0,0.0
DIN_04934,DINNER,,1,,0.0,1.0,1.0,1.0,1.0
DIN_04935,DINNER,,0,,0.0,1.0,1.0,0.0,1.0
DIN_04936,DINNER,,1,,0.0,1.0,0.0,0.0,0.0
DIN_04937,DINNER,,0,,0.0,1.0,1.0,0.0,1.0
DIN_04938,DINNER,,1,,0.0,0.0,1.0,0.0,1.0
DIN_04939,DINNER,,0,,0.0,1.0,1.0,1.0,1.0
DIN_04940,DINNER,,1,,0.0,1.0,1.0,1.0,0.0
DIN_04941,DINNER,,0,,0.0,0.0,1.0,0.0,0.0
DIN_04942,DINNER,,1,,0.0,1.0,1.0,1.0,1.0
DIN_04943,DINNER,,1,,0.0,1.0,1.0,0.0,1.0
DIN_04944,DINNER,,0,,0.0,1.0,0.0,0.0,0.0
DIN_04945,DINNER,,0,,1.0,0.0,0.0,0.0,0.0
DIN_04946,DINNER,,0,,0.0,1.0,1.0,1.0,0.0
DIN_04947,DINNER,,0,,1.0,0.0,0.0,0.0,0.0
DIN_04948,DINNER,,1,,0.0,1.0,1.0,0.0,0.0
DIN_04949,DINNER,,1,,0.0,1.0,1.0,0.0,0.0
DIN_04950,DINNER,,1,,0.0,1.0,0.0,0.0,0.0
DIN_04951,DINNER,,1,,0.0,1.0,0.0,0.0,1.0
DIN_04952,DINNER,,1,,0.0,1.0,0.0,1.0,1.0
DIN_04953,DINNER,,0,,1.0,0.0,0.0,0.0,0.0
DIN_04954,DINNER,,1,,0.0,1.0,1.0,0.0,0.0
DIN_04955,DINNER,,0,,1.0,0.0,0.0,0.0,0.0
DIN_04956,DINNER,,0,,0.0,1.0,1.0,0.0,1.0
DIN_04957,DINNER,,1,,0.0,0.0,1.0,1.0,0.0
DIN_04958,DINNER,,1,,0.0,0.0,1.0,1.0,1.0
DIN_04959,DINNER,,0,,0.0,0.0,0.0,0.0,0.0
DIN_04960,DINNER,,1,,0.0,0.0,1.0,1.0,1.0
DIN_04961,DINNER,,0,,0.0,1.0,0.0,0.0,0.0
DIN_04962,DINNER,,0,,1.0,0.0,0.0,0.0,0.0
DIN_04963,DINNER,,1,,0.0,0.0,0.0,1.0,0.0
DIN_04964,DINNER,,0,,0.0,0.0,1.0,1.0,1.0
DIN_04965,DINNER,,1,,0.0,1.0,0.0,1.0,0.0
DIN_04966,DINNER,,1,,0.0,1.0,1.0,1.0,1.0
DIN_04967,DINNER,,1,,0.0,0.0,1.0,1.0,1.0
DIN_04968,DINNER,,1,,0.0,1.0,1.0,0.0,0.0
DIN_04969,DINNER,,1,,0.0,0.0,1.0,0.0,1.0
DIN_04970,DINNER,,1,,0.0,1.0,1.0,0.0,0.0
DIN_04971,DINNER,,1,,0.0,1.0,1.0,1.0,0.0
DIN_04972,DINNER,,1,,0.0,1.0,1.0,0.0,0.0
DIN_04973,DINNER,,0,,0.0,1.0,1.0,1.0,0.0
DIN_04974,DINNER,,0,,0.0,1.0,1.0,0.0,0.0
DIN_04975,DINNER,,1,,0.0,1.0,0.0,1.0,0.0
DIN_04976,DINNER,,1,,0.0,1.0,1.0,0.0,1.0
DIN_04977,DINNER,,1,,0.0,1.0,1.0,0.0,1.0
DIN_04978,DINNER,,0,,1.0,0.0,0.0,0.0,0.0
DIN_04979,DINNER,,1,,0.0,1.0,1.0,1.0,1.0
DIN_04980,DINNER,,0,,0.0,1.0,1.0,0.0,0.0
DIN_04981,DINNER,,0,,1.0,0.0,0.0,0.0,0.0
DIN_04982,DINNER,,0,,0.0,0.0,1.0,1.0,0.0
DIN_04983,DINNER,,0,,1.0,0.0,0.0,0.0,0.0
DIN_04984,DINNER,,0,,0.0,1.0,0.0,1.0,0.0
DIN_04985,DINNER,,1,,0.0,0.0,0.0,1.0,0.0
DIN_04986,DINNER,,0,,1.0,0.0,0.0,0.0,0.0
DIN_04987,DINNER,,1,,0.0,0.0,0.0,0.0,0.0
DIN_04988,DINNER,,1,,0.0,0.0,1.0,0.0,0.0
DIN_04989,DINNER,,1,,0.0,0.0,1.0,0.0,0.0
DIN_04990,DINNER,,1,,0.0,1.0,1.0,0.0,1.0
DIN_04991,DINNER,,0,,0.0,0.0,0.0,0.0,0.0
DIN_04992,DINNER,,0,,0.0,1.0,1.0,0.0,0.0
DIN_04993,DINNER,,1,,0.0,1.0,0.0,1.0,0.0
DIN_04994,DINNER,,1,,0.0,1.0,1.0,0.0,1.0
DIN_04995,DINNER,,1,,0.0,1.0,1.0,0.0,0.0
DIN_04996,DINNER,,1,,0.0,1.0,0.0,0.0,1.0
DIN_04997,DINNER,,1,,0.0,0.0,1.0,0.0,0.0
DIN_04998,DINNER,,0,,0.0,0.0,0.0,0.0,0.0
DIN_04999,DINNER,,1,,0.0,1.0,1.0,0.0,1.0
DIN_05000,DINNER,,0,,0.0,0.0,1.0,0.0,0.0
DIN_05001,DINNER,,0,,0.0,1.0,1.0,0.0,0.0
DIN_05002,DINNER,,0,,0.0,0.0,0.0,0.0,0.0
DIN_05003,DINNER,,1,,0.0,1.0,1.0,0.0,0.0
DIN_05004,DINNER,,0,,0.0,0.0,0.0,0.0,0.0
DIN_05005,DINNER,,1,,0.0,1.0,1.0,1.0,1.0
DIN_05006,DINNER,,0,,1.0,0.0,0.0,0.0,0.0
DIN_05007,DINNER,,1,,0.0,1.0,1.0,0.0,1.0
DIN_05008,DINNER,,0,,0.0,1.0,1.0,0.0,0.0
DIN_05009,DINNER,,1,,0.0,1.0,1.0,0.0,0.0
DIN_05010,DINNER,,0,,0.0,0.0,1.0,0.0,1.0
DIN_05011,DINNER,,1,,0.0,1.0,1.0,0.0,1.0
DIN_05012,DINNER,,0,,0.0,1.0,1.0,0.0,1.0
DIN_05013,DINNER,,1,,0.0,1.0,0.0,0.0,0.0
DIN_05014,DINNER,,0,,0.0,1.0,1.0,1.0,0.0
DIN_05015,DINNER,,1,,0.0,1.0,0.0,1.0,0.0
DIN_05016,DINNER,,1,,0.0,1.0,0.0,0.0,0.0
DIN_05017,DINNER,,1,,0.0,0.0,1.0,1.0,0.0
DIN_05018,DINNER,,0,,0.0,0.0,1.0,0.0,0.0
DIN_05019,DINNER,,1,,0.0,0.0,1.0,0.0,1.0
DIN_05020,DINNER,,1,,0.0,0.0,0.0,0.0,1.0
DIN_05021,DINNER,,1,,0.0,1.0,1.0,1.0,1.0
DIN_05022,DINNER,,1,,0.0,1.0,1.0,0.0,0.0
DIN_05023,DINNER,,0,,0.0,0.0,0.0,0.0,1.0
DIN_05024,DINNER,,0,,1.0,0.0,0.0,0.0,0.0
DIN_05025,DINNER,,0,,0.0,0.0,0.0,0.0,0.0
DIN_05026,DINNER,,0,,0.0,0.0,1.0,0.0,0.0
DIN_05027,DINNER,,1,,0.0,1.0,1.0,1.0,0.0
DIN_05028,DINNER,,0,,0.0,0.0,0.0,0.0,0.0
DIN_05029,DINNER,,1,,0.0,0.0,1.0,0.0,1.0
DIN_05030,DINNER,,0,,0.0,1.0,1.0,0.0,0.0
DIN_05031,DINNER,,0,,0.0,1.0,1.0,1.0,0.0
DIN_05032,DINNER,,0,,1.0,0.0,0.0,0.0,0.0
DIN_05033,DINNER,,1,,0.0,0.0,0.0,0.0,1.0
DIN_05034,DINNER,,0,,0.0,1.0,1.0,0.0,0.0
DIN_05035,DINNER,,0,,1.0,0.0,0.0,0.0,0.0
DIN_05036,DINNER,,0,,0.0,1.0,1.0,0.0,0.0
DIN_05037,DINNER,,0,,0.0,1.0,0.0,0.0,0.0
DIN_05038,DINNER,,0,,0.0,0.0,0.0,1.0,0.0
DIN_05039,DINNER,,0,,1.0,0.0,0.0,0.0,0.0
DIN_05040,DINNER,,1,,0.0,0.0,1.0,1.0,1.0
DIN_05041,DINNER,,1,,0.0,0.0,1.0,1.0,0.0
DIN_05042,DINNER,,1,,0.0,1.0,1.0,0.0,1.0
DIN_05043,DINNER,,0,,0.0,0.0,1.0,0.0,1.0
DIN_05044,DINNER,,0,,0.0,1.0,1.0,1.0,0.0
DIN_05045,DINNER,,1,,0.0,1.0,1.0,0.0,0.0
DIN_05046,DINNER,,1,,0.0,1.0,1.0,1.0,0.0
DIN_05047,DINNER,,1,,0.0,1.0,1.0,0.0,1.0
DIN_05048,DINNER,,0,,1.0,0.0,0.0,0.0,0.0
DIN_05049,DINNER,,1,,0.0,1.0,1.0,1.0,1.0
DIN_05050,DINNER,,0,,0.0,1.0,1.0,1.0,0.0
DIN_05051,DINNER,,1,,0.0,1.0,1.0,0.0,1.0
DIN_05052,DINNER,,1,,0.0,0.0,1.0,1.0,0.0
DIN_05053,DINNER,,1,,0.0,0.0,1.0,1.0,0.0
DIN_05054,DINNER,,0,,0.0,0.0,1.0,1.0,1.0
DIN_05055,DINNER,,1,,0.0,1.0,1.0,1.0,0.0
DIN_05056,DINNER,,1,,0.0,0.0,0.0,0.0,1.0
DIN_05057,DINNER,,1,,0.0,0.0,1.0,1.0,0.0
DIN_05058,DINNER,,0,,0.0,0.0,1.0,1.0,1.0
DIN_05059,DINNER,,1,,0.0,1.0,0.0,0.0,0.0
DIN_05060,DINNER,,0,,0.0,0.0,1.0,0.0,0.0
DIN_05061,DINNER,,1,,0.0,1.0,0.0,0.0,0.0
DIN_05062,DINNER,,0,,1.0,0.0,0.0,0.0,0.0
DIN_05063,DINNER,,1,,0.0,1.0,1.0,0.0,0.0
DIN_05064,DINNER,,0,,1.0,0.0,0.0,0.0,0.0
DIN_05065,DINNER,,0,,0.0,1.0,0.0,0.0,1.0
DIN_05066,DINNER,,0,,0.0,0.0,1.0,0.0,1.0
DIN_05067,DINNER,,1,,0.0,0.0,1.0,1.0,0.0
DIN_05068,DINNER,,0,,0.0,1.0,1.0,1.0,0.0
DIN_05069,DINNER,,1,,0.0,1.0,1.0,1.0,0.0
DIN_05070,DINNER,,1,,0.0,1.0,1.0,0.0,0.0
DIN_05071,DINNER,,1,,0.0,1.0,1.0,1.0,1.0
DIN_05072,DINNER,,0,,0.0,1.0,0.0,1.0,0.0
DIN_05073,DINNER,,1,,0.0,1.0,1.0,0.0,0.0
DIN_05074,DINNER,,0,,1.0,0.0,0.0,0.0,0.0
DIN_05075,DINNER,,1,,0.0,1.0,1.0,1.0,0.0
DIN_05076,DINNER,,1,,0.0,1.0,1.0,0.0,1.0
DIN_05077,DINNER,,0,,0.0,1.0,1.0,0.0,1.0
DIN_05078,DINNER,,0,,1.0,0.0,0.0,0.0,0.0
DIN_05079,DINNER,,1,,0.0,1.0,1.0,0.0,0.0
DIN_05080,DINNER,,0,,0.0,1.0,1.0,1.0,1.0
DIN_05081,DINNER,,0,,0.0,0.0,0.0,0.0,0.0
DIN_05082,DINNER,,1,,0.0,0.0,1.0,1.0,0.0
DIN_05083,DINNER,,0,,0.0,1.0,1.0,1.0,0.0
DIN_05084,DINNER,,0,,0.0,1.0,1.0,1.0,1.0
DIN_05085,DINNER,,0,,0.0,1.0,1.0,1.0,0.0
DIN_05086,DINNER,,1,,0.0,0.0,1.0,1.0,1.0
DIN_05087,DINNER,,1,,0.0,0.0,1.0,0.0,0.0
DIN_05088,DINNER,,0,,0.0,0.0,1.0,0.0,0.0
DIN_05089,DINNER,,1,,0.0,0.0,1.0,0.0,0.0
DIN_05090,DINNER,,0,,0.0,1.0,1.0,1.0,0.0
DIN_05091,DINNER,,0,,0.0,0.0,0.0,0.0,0.0
DIN_05092,DINNER,,1,,0.0,1.0,1.0,0.0,0.0
DIN_05093,DINNER,,0,,0.0,0.0,0.0,0.0,0.0
DIN_05094,DINNER,,1,,0.0,1.0,1.0,1.0,1.0
DIN_05095,DINNER,,0,,0.0,0.0,0.0,0.0,0.0
DIN_05096,DINNER,,1,,0.0,1.0,1.0,0.0,1.0
DIN_05097,DINNER,,1,,0.0,0.0,1.0,1.0,1.0
DIN_05098,DINNER,,1,,0.0,0.0,1.0,1.0,0.0
DIN_05099,DINNER,,1,,0.0,1.0,1.0,1.0,1.0
DIN_05100,DINNER,,1,,0.0,1.0,1.0,1.0,1.0
DIN_05101,DINNER,,0,,0.0,0.0,1.0,0.0,0.0
DIN_05102,DINNER,,1,,0.0,1.0,1.0,1.0,0.0
DIN_05103,DINNER,,1,,0.0,0.0,1.0,0.0,0.0
DIN_05104,DINNER,,1,,0.0,0.0,1.0,1.0,1.0
DIN_05105,DINNER,,0,,0.0,1.0,0.0,1.0,1.0
DIN_05106,DINNER,,0,,1.0,0.0,0.0,0.0,0.0
DIN_05107,DINNER,,0,,0.0,0.0,0.0,0.0,0.0
DIN_05108,DINNER,,1,,0.0,1.0,0.0,1.0,0.0
DIN_05109,DINNER,,1,,0.0,1.0,1.0,1.0,0.0
DIN_05110,DINNER,,0,,0.0,0.0,1.0,1.0,0.0
DIN_05111,DINNER,,0,,0.0,0.0,1.0,1.0,0.0
DIN_05112,DINNER,,0,,0.0,0.0,1.0,1.0,0.0
DIN_05113,DINNER,,1,,0.0,1.0,0.0,0.0,0.0
DIN_05114,DINNER,,1,,0.0,1.0,1.0,0.0,0.0
DIN_05115,DINNER,,0,,0.0,1.0,0.0,0.0,1.0
DIN_05116,DINNER,,1,,0.0,1.0,1.0,1.0,1.0
DIN_05117,DINNER,,1,,0.0,1.0,1.0,0.0,0.0
DIN_05118,DINNER,,1,,0.0,0.0,0.0,0.0,0.0
DIN_05119,DINNER,,1,,0.0,0.0,0.0,1.0,0.0
DIN_05120,DINNER,,1,,0.0,0.0,0.0,0.0,1.0
DIN_05121,DINNER,,1,,0.0,1.0,1.0,0.0,0.0
DIN_05122,DINNER,,0,,0.0,0.0,0.0,0.0,1.0
DIN_05123,DINNER,,1,,0.0,0.0,0.0,0.0,0.0
DIN_05124,DINNER,,0,,1.0,0.0,0.0,0.0,0.0
DIN_05125,DINNER,,0,,1.0,0.0,0.0,0.0,0.0
DIN_05126,DINNER,,1,,0.0,1.0,1.0,0.0,1.0
DIN_05127,DINNER,,0,,0.0,1.0,0.0,0.0,0.0
DIN_05128,DINNER,,1,,0.0,1.0,0.0,0.0,1.0
DIN_05129,DINNER,,0,,0.0,0.0,0.0,0.0,1.0
DIN_05130,DINNER,,0,,0.0,0.0,1.0,1.0,1.0
DIN_05131,DINNER,,1,,0.0,1.0,0.0,0.0,0.0
DIN_05132,DINNER,,0,,0.0,1.0,1.0,0.0,1.0
DIN_05133,DINNER,,1,,0.0,0.0,1.0,1.0,0.0
DIN_05134,DINNER,,0,,1.0,0.0,0.0,0.0,0.0
DIN_05135,DINNER,,0,,1.0,0.0,0.0,0.0,0.0
DIN_05136,DINNER,,1,,0.0,0.0,0.0,0.0,0.0
DIN_05137,DINNER,,1,,0.0,0.0,1.0,0.0,0.0
DIN_05138,DINNER,,0,,1.0,0.0,0.0,0.0,0.0
DIN_05139,DINNER,,0,,0.0,1.0,1.0,1.0,0.0
DIN_05140,DINNER,,0,,1.0,0.0,0.0,0.0,0.0
DIN_05141,DINNER,,1,,0.0,0.0,1.0,1.0,0.0
DIN_05142,DINNER,,0,,0.0,0.0,0.0,0.0,0.0
DIN_05143,DINNER,,1,,0.0,0.0,0.0,0.0,0.0
DIN_05144,DINNER,,0,,1.0,0.0,0.0,0.0,0.0
DIN_05145,DINNER,,0,,0.0,1.0,0.0,0.0,1.0
DIN_05146,DINNER,,0,,1.0,0.0,0.0,0.0,0.0
DIN_05147,DINNER,,1,,0.0,1.0,1.0,1.0,1.0
DIN_05148,DINNER,,1,,0.0,1.0,1.0,0.0,0.0
DIN_05149,DINNER,,1,,0.0,0.0,0.0,0.0,0.0
DIN_05150,DINNER,,0,,0.0,1.0,0.0,0.0,0.0
DIN_05151,DINNER,,0,,0.0,0.0,1.0,0.0,0.0
DIN_05152,DINNER,,0,,0.0,0.0,0.0,1.0,0.0
DIN_05153,DINNER,,0,,0.0,0.0,0.0,0.0,0.0
DIN_05154,DINNER,,0,,1.0,0.0,0.0,0.0,0.0
DIN_05155,DINNER,,1,,0.0,0.0,1.0,1.0,1.0
DIN_05156,DINNER,,0,,0.0,1.0,1.0,0.0,0.0
DIN_05157,DINNER,,0,,0.0,0.0,0.0,1.0,1.0
DIN_05158,DINNER,,0,,0.0,0.0,1.0,0.0,1.0
DIN_05159,DINNER,,1,,0.0,0.0,1.0,1.0,0.0
DIN_05160,DINNER,,1,,0.0,1.0,1.0,1.0,0.0
DIN_05161,DINNER,,1,,0.0,1.0,1.0,0.0,0.0
DIN_05162,DINNER,,0,,0.0,0.0,0.0,0.0,0.0
DIN_05163,DINNER,,1,,0.0,1.0,1.0,1.0,1.0
DIN_05164,DINNER,,1,,0.0,1.0,1.0,1.0,1.0
DIN_05165,DINNER,,0,,0.0,1.0,1.0,0.0,1.0
DIN_05166,DINNER,,0,,0.0,1.0,1.0,0.0,0.0
DIN_05167,DINNER,,0,,0.0,0.0,1.0,0.0,0.0
DIN_05168,DINNER,,0,,1.0,0.0,0.0,0.0,0.0
DIN_05169,DINNER,,1,,0.0,1.0,1.0,0.0,0.0
DIN_05170,DINNER,,0,,0.0,1.0,1.0,0.0,1.0
DIN_05171,DINNER,,1,,0.0,1.0,1.0,1.0,1.0
DIN_05172,DINNER,,1,,0.0,0.0,1.0,1.0,1.0
DIN_05173,DINNER,,0,,1.0,0.0,0.0,0.0,0.0
DIN_05174,DINNER,,1,,0.0,0.0,0.0,0.0,0.0
DIN_05175,DINNER,,1,,0.0,0.0,1.0,0.0,1.0
DIN_05176,DINNER,,1,,0.0,1.0,1.0,1.0,1.0
DIN_05177,DINNER,,0,,0.0,0.0,1.0,1.0,1.0
DIN_05178,DINNER,,0,,0.0,1.0,1.0,0.0,0.0
DIN_05179,DINNER,,0,,0.0,0.0,1.0,1.0,1.0
DIN_05180,DINNER,,1,,0.0,1.0,1.0,0.0,1.0
DIN_05181,DINNER,,1,,0.0,1.0,1.0,0.0,1.0
DIN_05182,DINNER,,1,,0.0,1.0,0.0,0.0,0.0
DIN_05183,DINNER,,1,,0.0,1.0,1.0,0.0,1.0
DIN_05184,DINNER,,0,,0.0,0.0,1.0,0.0,0.0
DIN_05185,DINNER,,1,,0.0,1.0,1.0,0.0,1.0
DIN_05186,DINNER,,1,,0.0,1.0,1.0,1.0,0.0
DIN_05187,DINNER,,1,,0.0,1.0,1.0,0.0,0.0
DIN_05188,DINNER,,1,,0.0,1.0,1.0,0.0,0.0
DIN_05189,DINNER,,1,,0.0,1.0,1.0,0.0,1.0
DIN_05190,DINNER,,1,,0.0,1.0,1.0,1.0,0.0
DIN_05191,DINNER,,1,,0.0,0.0,1.0,0.0,1.0
DIN_05192,DINNER,,1,,0.0,0.0,1.0,0.0,1.0
DIN_05193,DINNER,,0,,0.0,1.0,0.0,0.0,0.0
DIN_05194,DINNER,,1,,0.0,0.0,1.0,1.0,1.0
DIN_05195,DINNER,,1,,0.0,1.0,1.0,1.0,1.0
DIN_05196,DINNER,,0,,0.0,1.0,1.0,0.0,1.0
DIN_05197,DINNER,,0,,0.0,1.0,1.0,1.0,0.0
DIN_05198,DINNER,,1,,0.0,1.0,1.0,1.0,0.0
DIN_05199,DINNER,,1,,0.0,1.0,1.0,1.0,0.0
DIN_05200,DINNER,,1,,0.0,1.0,1.0,1.0,0.0
DIN_05201,DINNER,,1,,0.0,1.0,1.0,1.0,0.0
DIN_05202,DINNER,,0,,0.0,0.0,1.0,0.0,1.0
DIN_05203,DINNER,,1,,0.0,0.0,1.0,0.0,1.0
DIN_05204,DINNER,,1,,0.0,1.0,1.0,0.0,0.0
DIN_05205,DINNER,,1,,0.0,0.0,1.0,0.0,1.0
DIN_05206,DINNER,,0,,0.0,1.0,1.0,1.0,0.0
DIN_05207,DINNER,,1,,0.0,0.0,1.0,0.0,1.0
DIN_05208,DINNER,,1,,0.0,0.0,0.0,0.0,1.0
DIN_05209,DINNER,,0,,0.0,1.0,0.0,1.0,0.0
DIN_05210,DINNER,,1,,0.0,0.0,0.0,0.0,0.0
DIN_05211,DINNER,,0,,0.0,1.0,1.0,0.0,1.0
DIN_05212,DINNER,,1,,0.0,1.0,1.0,0.0,0.0
DIN_05213,DINNER,,1,,0.0,1.0,0.0,1.0,1.0
DIN_05214,DINNER,,0,,0.0,0.0,0.0,1.0,0.0
DIN_05215,DINNER,,0,,1.0,0.0,0.0,0.0,0.0
DIN_05216,DINNER,,1,,0.0,0.0,1.0,1.0,1.0
DIN_05217,DINNER,,1,,0.0,1.0,1.0,1.0,1.0
DIN_05218,DINNER,,1,,0.0,1.0,1.0,1.0,0.0
DIN_05219,DINNER,,1,,0.0,0.0,1.0,1.0,0.0
DIN_05220,DINNER,,0,,0.0,1.0,1.0,0.0,0.0
DIN_05221,DINNER,,1,,0.0,1.0,1.0,1.0,1.0
DIN_05222,DINNER,,1,,0.0,1.0,1.0,0.0,0.0
DIN_05223,DINNER,,1,,0.0,1.0,0.0,0.0,0.0
DIN_05224,DINNER,,0,,1.0,0.0,0.0,0.0,0.0
DIN_05225,DINNER,,0,,0.0,1.0,1.0,1.0,1.0
DIN_05226,DINNER,,1,,0.0,0.0,1.0,0.0,0.0
DIN_05227,DINNER,,1,,0.0,1.0,1.0,1.0,0.0
DIN_05228,DINNER,,1,,0.0,0.0,0.0,0.0,0.0
DIN_05229,DINNER,,1,,0.0,1.0,1.0,1.0,0.0
DIN_05230,DINNER,,0,,0.0,1.0,1.0,0.0,0.0
DIN_05231,DINNER,,1,,0.0,1.0,1.0,0.0,0.0
DIN_05232,DINNER,,0,,0.0,0.0,1.0,0.0,0.0
DIN_05233,DINNER,,1,,0.0,1.0,1.0,1.0,1.0
DIN_05234,DINNER,,0,,0.0,0.0,0.0,1.0,0.0
DIN_05235,DINNER,,1,,0.0,1.0,1.0,0.0,1.0
DIN_05236,DINNER,,1,,0.0,1.0,1.0,0.0,1.0
DIN_05237,DINNER,,1,,0.0,0.0,1.0,0.0,1.0
DIN_05238,DINNER,,0,,0.0,0.0,0.0,0.0,1.0
DIN_05239,DINNER,,1,,0.0,1.0,1.0,0.0,1.0
DIN_05240,DINNER,,1,,0.0,1.0,1.0,0.0,1.0
DIN_05241,DINNER,,1,,0.0,1.0,1.0,0.0,0.0
DIN_05242,DINNER,,0,,0.0,0.0,1.0,0.0,0.0
DIN_05243,DINNER,,1,,0.0,0.0,1.0,0.0,0.0
DIN_05244,DINNER,,1,,0.0,1.0,1.0,0.0,0.0
DIN_05245,DINNER,,1,,0.0,1.0,1.0,1.0,0.0
DIN_05246,DINNER,,1,,0.0,0.0,1.0,0.0,0.0
DIN_05247,DINNER,,1,,0.0,1.0,1.0,1.0,0.0
DIN_05248,DINNER,,0,,0.0,0.0,1.0,0.0,1.0
DIN_05249,DINNER,,0,,0.0,0.0,0.0,1.0,0.0
DIN_05250,DINNER,,1,,0.0,1.0,1.0,0.0,1.0
DIN_05251,DINNER,,0,,1.0,0.0,0.0,0.0,0.0
DIN_05252,DINNER,,1,,0.0,1.0,0.0,1.0,0.0
DIN_05253,DINNER,,1,,0.0,1.0,1.0,1.0,0.0
DIN_05254,DINNER,,0,,1.0,0.0,0.0,0.0,0.0
DIN_05255,DINNER,,0,,0.0,0.0,0.0,0.0,0.0
DIN_05256,DINNER,,0,,0.0,1.0,1.0,0.0,1.0
DIN_05257,DINNER,,0,,0.0,1.0,1.0,1.0,0.0
DIN_05258,DINNER,,1,,0.0,1.0,1.0,1.0,1.0
DIN_05259,DINNER,,1,,0.0,1.0,1.0,1.0,1.0
DIN_05260,DINNER,,1,,0.0,0.0,1.0,0.0,0.0
DIN_05261,DINNER,,0,,1.0,0.0,0.0,0.0,0.0
DIN_05262,DINNER,,0,,1.0,0.0,0.0,0.0,0.0
DIN_05263,DINNER,,1,,0.0,1.0,1.0,1.0,0.0
DIN_05264,DINNER,,1,,0.0,0.0,1.0,1.0,1.0
DIN_05265,DINNER,,1,,0.0,0.0,1.0,0.0,1.0
DIN_05266,DINNER,,1,,0.0,1.0,1.0,1.0,0.0
DIN_05267,DINNER,,1,,0.0,1.0,1.0,1.0,1.0
DIN_05268,DINNER,,0,,0.0,0.0,1.0,0.0,0.0
DIN_05269,DINNER,,0,,0.0,0.0,0.0,0.0,1.0
DIN_05270,DINNER,,1,,0.0,1.0,1.0,1.0,1.0
DIN_05271,DINNER,,0,,0.0,0.0,1.0,1.0,0.0
DIN_05272,DINNER,,1,,0.0,1.0,1.0,0.0,0.0
DIN_05273,DINNER,,0,,0.0,1.0,1.0,0.0,1.0
DIN_05274,DINNER,,0,,0.0,1.0,1.0,0.0,0.0
DIN_05275,DINNER,,0,,1.0,0.0,0.0,0.0,0.0
DIN_05276,DINNER,,1,,0.0,0.0,1.0,0.0,1.0
DIN_05277,DINNER,,1,,0.0,1.0,1.0,1.0,1.0
DIN_05278,DINNER,,0,,0.0,0.0,0.0,0.0,0.0
DIN_05279,DINNER,,1,,0.0,0.0,1.0,1.0,0.0
DIN_05280,DINNER,,0,,1.0,0.0,0.0,0.0,0.0
DIN_05281,DINNER,,1,,0.0,0.0,1.0,0.0,1.0
DIN_05282,DINNER,,0,,0.0,1.0,0.0,0.0,1.0
DIN_05283,DINNER,,1,,0.0,1.0,1.0,0.0,0.0
DIN_05284,DINNER,,1,,0.0,0.0,1.0,1.0,0.0
DIN_05285,DINNER,,0,,0.0,0.0,1.0,0.0,1.0
DIN_05286,DINNER,,1,,0.0,1.0,1.0,0.0,0.0
DIN_05287,DINNER,,0,,0.0,0.0,1.0,1.0,1.0
DIN_05288,DINNER,,1,,0.0,1.0,1.0,0.0,1.0
DIN_05289,DINNER,,1,,0.0,1.0,1.0,1.0,1.0
DIN_05290,DINNER,,1,,0.0,1.0,1.0,0.0,1.0
DIN_05291,DINNER,,0,,0.0,1.0,1.0,1.0,1.0
DIN_05292,DINNER,,0,,0.0,1.0,1.0,1.0,0.0
DIN_05293,DINNER,,1,,0.0,1.0,0.0,0.0,0.0
DIN_05294,DINNER,,0,,0.0,1.0,0.0,0.0,0.0
DIN_05295,DINNER,,0,,1.0,0.0,0.0,0.0,0.0
DIN_05296,DINNER,,0,,0.0,0.0,1.0,1.0,0.0
DIN_05297,DINNER,,1,,0.0,0.0,1.0,1.0,1.0
DIN_05298,DINNER,,0,,0.0,1.0,0.0,0.0,1.0
DIN_05299,DINNER,,0,,1.0,0.0,0.0,0.0,0.0
DIN_05300,DINNER,,1,,0.0,1.0,1.0,1.0,0.0
DIN_05301,DINNER,,0,,0.0,1.0,1.0,1.0,0.0
DIN_05302,DINNER,,1,,0.0,1.0,1.0,1.0,0.0
DIN_05303,DINNER,,0,,1.0,0.0,0.0,0.0,0.0
DIN_05304,DINNER,,0,,0.0,1.0,1.0,1.0,1.0
DIN_05305,DINNER,,1,,0.0,1.0,1.0,1.0,1.0
DIN_05306,DINNER,,0,,1.0,0.0,0.0,0.0,0.0
DIN_05307,DINNER,,0,,0.0,1.0,1.0,1.0,1.0
DIN_05308,DINNER,,1,,0.0,1.0,1.0,0.0,0.0
DIN_05309,DINNER,,1,,0.0,1.0,0.0,1.0,1.0
DIN_05310,DINNER,,1,,0.0,0.0,0.0,0.0,0.0
DIN_05311,DINNER,,0,,1.0,0.0,0.0,0.0,0.0
DIN_05312,DINNER,,0,,0.0,1.0,0.0,0.0,0.0
DIN_05313,DINNER,,1,,0.0,1.0,1.0,1.0,1.0
DIN_05314,DINNER,,0,,0.0,1.0,0.0,1.0,0.0
DIN_05315,DINNER,,0,,0.0,0.0,1.0,0.0,0.0
DIN_05316,DINNER,,1,,0.0,0.0,1.0,0.0,1.0
DIN_05317,DINNER,,1,,0.0,1.0,1.0,0.0,1.0
DIN_05318,DINNER,,1,,0.0,0.0,0.0,1.0,0.0
DIN_05319,DINNER,,1,,0.0,1.0,0.0,0.0,1.0
DIN_05320,DINNER,,0,,1.0,0.0,0.0,0.0,0.0
DIN_05321,DINNER,,1,,0.0,0.0,1.0,0.0,0.0
DIN_05322,DINNER,,0,,1.0,0.0,0.0,0.0,0.0
DIN_05323,DINNER,,0,,0.0,1.0,1.0,0.0,0.0
DIN_05324,DINNER,,1,,0.0,0.0,0.0,1.0,1.0
DIN_05325,DINNER,,0,,0.0,1.0,1.0,0.0,0.0
DIN_05326,DINNER,,1,,0.0,1.0,1.0,0.0,1.0
DIN_05327,DINNER,,1,,0.0,1.0,1.0,0.0,1.0
DIN_05328,DINNER,,0,,1.0,0.0,0.0,0.0,0.0
DIN_05329,DINNER,,0,,0.0,1.0,1.0,0.0,0.0
DIN_05330,DINNER,,1,,0.0,0.0,1.0,1.0,0.0
DIN_05331,DINNER,,1,,0.0,1.0,0.0,0.0,0.0
DIN_05332,DINNER,,0,,0.0,1.0,1.0,0.0,1.0
DIN_05333,DINNER,,0,,0.0,1.0,0.0,0.0,0.0
DIN_05334,DINNER,,1,,0.0,1.0,1.0,0.0,0.0
DIN_05335,DINNER,,1,,0.0,0.0,1.0,0.0,0.0
DIN_05336,DINNER,,0,,1.0,0.0,0.0,0.0,0.0
DIN_05337,DINNER,,0,,0.0,1.0,1.0,1.0,0.0
DIN_05338,DINNER,,1,,0.0,1.0,1.0,0.0,0.0
DIN_05339,DINNER,,0,,1.0,0.0,0.0,0.0,0.0
DIN_05340,DINNER,,1,,0.0,1.0,1.0,0.0,1.0
DIN_05341,DINNER,,1,,0.0,0.0,1.0,0.0,1.0
DIN_05342,DINNER,,0,,0.0,0.0,0.0,1.0,0.0
DIN_05343,DINNER,,1,,0.0,0.0,1.0,1.0,1.0
DIN_05344,DINNER,,0,,1.0,0.0,0.0,0.0,0.0
DIN_05345,DINNER,,1,,0.0,0.0,1.0,0.0,0.0
DIN_05346,DINNER,,0,,1.0,0.0,0.0,0.0,0.0
DIN_05347,DINNER,,1,,0.0,1.0,0.0,0.0,0.0
DIN_05348,DINNER,,1,,0.0,0.0,1.0,0.0,0.0
DIN_05349,DINNER,,1,,0.0,0.0,1.0,0.0,0.0
DIN_05350,DINNER,,0,,0.0,0.0,0.0,0.0,0.0
DIN_05351,DINNER,,1,,0.0,0.0,1.0,0.0,0.0
DIN_05352,DINNER,,0,,0.0,0.0,1.0,0.0,0.0
DIN_05353,DINNER,,1,,0.0,0.0,1.0,0.0,1.0
DIN_05354,DINNER,,1,,0.0,1.0,1.0,1.0,0.0
DIN_05355,DINNER,,1,,0.0,1.0,1.0,1.0,0.0
DIN_05356,DINNER,,0,,1.0,0.0,0.0,0.0,0.0
DIN_05357,DINNER,,1,,0.0,0.0,1.0,1.0,0.0
DIN_05358,DINNER,,0,,0.0,0.0,1.0,0.0,0.0
DIN_05359,DINNER,,1,,0.0,1.0,1.0,1.0,1.0
DIN_05360,DINNER,,1,,0.0,0.0,1.0,0.0,1.0
DIN_05361,DINNER,,1,,0.0,1.0,1.0,0.0,0.0
DIN_05362,DINNER,,1,,0.0,1.0,0.0,0.0,0.0
DIN_05363,DINNER,,1,,0.0,1.0,1.0,0.0,1.0
DIN_05364,DINNER,,1,,0.0,1.0,1.0,1.0,0.0
DIN_05365,DINNER,,1,,0.0,0.0,1.0,0.0,1.0
DIN_05366,DINNER,,0,,1.0,0.0,0.0,0.0,0.0
DIN_05367,DINNER,,0,,0.0,1.0,1.0,0.0,0.0
DIN_05368,DINNER,,1,,0.0,1.0,1.0,0.0,1.0
DIN_05369,DINNER,,1,,0.0,0.0,1.0,0.0,1.0
DIN_05370,DINNER,,1,,0.0,1.0,1.0,0.0,1.0
DIN_05371,DINNER,,0,,1.0,0.0,0.0,0.0,0.0
DIN_05372,DINNER,,0,,0.0,1.0,1.0,0.0,1.0
DIN_05373,DINNER,,1,,0.0,1.0,1.0,0.0,0.0
DIN_05374,DINNER,,0,,1.0,0.0,0.0,0.0,0.0
DIN_05375,DINNER,,0,,0.0,1.0,0.0,0.0,1.0
DIN_05376,DINNER,,1,,0.0,1.0,0.0,0.0,0.0
DIN_05377,DINNER,,0,,0.0,0.0,0.0,0.0,1.0
DIN_05378,DINNER,,1,,0.0,0.0,1.0,1.0,1.0
DIN_05379,DINNER,,0,,0.0,0.0,1.0,1.0,0.0
DIN_05380,DINNER,,0,,0.0,0.0,1.0,1.0,0.0
DIN_05381,DINNER,,0,,0.0,0.0,0.0,0.0,1.0
DIN_05382,DINNER,,1,,0.0,0.0,1.0,1.0,1.0
DIN_05383,DINNER,,0,,1.0,0.0,0.0,0.0,0.0
DIN_05384,DINNER,,1,,0.0,1.0,0.0,0.0,1.0
DIN_05385,DINNER,,0,,0.0,1.0,1.0,1.0,1.0
DIN_05386,DINNER,,1,,0.0,1.0,1.0,0.0,1.0
DIN_05387,DINNER,,1,,0.0,0.0,1.0,1.0,1.0
DIN_05388,DINNER,,0,,0.0,1.0,1.0,1.0,1.0
DIN_05389,DINNER,,1,,0.0,1.0,1.0,0.0,0.0
DIN_05390,DINNER,,1,,0.0,1.0,1.0,0.0,0.0
DIN_05391,DINNER,,0,,0.0,0.0,0.0,0.0,0.0
DIN_05392,DINNER,,1,,0.0,1.0,1.0,1.0,1.0
DIN_05393,DINNER,,1,,0.0,1.0,1.0,1.0,1.0
DIN_05394,DINNER,,0,,1.0,0.0,0.0,0.0,0.0
DIN_05395,DINNER,,0,,0.0,1.0,0.0,1.0,0.0
DIN_05396,DINNER,,1,,0.0,1.0,1.0,0.0,0.0
DIN_05397,DINNER,,1,,0.0,0.0,1.0,0.0,1.0
DIN_05398,DINNER,,1,,0.0,1.0,1.0,1.0,1.0
DIN_05399,DINNER,,1,,0.0,1.0,1.0,1.0,0.0
DIN_05400,DINNER,,1,,0.0,0.0,0.0,1.0,1.0
DIN_05401,DINNER,,1,,0.0,1.0,1.0,0.0,0.0
DIN_05402,DINNER,,1,,0.0,1.0,1.0,1.0,0.0
DIN_05403,DINNER,,1,,0.0,1.0,1.0,1.0,1.0
DIN_05404,DINNER,,0,,1.0,0.0,0.0,0.0,0.0
DIN_05405,DINNER,,1,,0.0,0.0,1.0,1.0,0.0
DIN_05406,DINNER,,1,,0.0,1.0,1.0,1.0,0.0
DIN_05407,DINNER,,1,,0.0,0.0,1.0,0.0,0.0
DIN_05408,DINNER,,1,,0.0,1.0,1.0,0.0,1.0
DIN_05409,DINNER,,1,,0.0,0.0,1.0,1.0,0.0
DIN_05410,DINNER,,0,,0.0,1.0,1.0,0.0,1.0
DIN_05411,DINNER,,1,,0.0,1.0,1.0,1.0,0.0
DIN_05412,DINNER,,0,,0.0,0.0,1.0,0.0,0.0
DIN_05413,DINNER,,0,,0.0,1.0,1.0,0.0,1.0
DIN_05414,DINNER,,1,,0.0,1.0,0.0,1.0,0.0
DIN_05415,DINNER,,0,,0.0,0.0,1.0,0.0,1.0
DIN_05416,DINNER,,0,,0.0,1.0,1.0,0.0,1.0
DIN_05417,DINNER,,0,,0.0,1.0,1.0,1.0,0.0
DIN_05418,DINNER,,1,,0.0,1.0,1.0,0.0,1.0
DIN_05419,DINNER,,0,,0.0,0.0,1.0,1.0,0.0
DIN_05420,DINNER,,1,,0.0,0.0,1.0,1.0,1.0
DIN_05421,DINNER,,1,,0.0,1.0,1.0,1.0,1.0
DIN_05422,DINNER,,0,,0.0,0.0,1.0,0.0,0.0
DIN_05423,DINNER,,0,,0.0,1.0,0.0,0.0,0.0
DIN_05424,DINNER,,0,,0.0,1.0,1.0,0.0,0.0
DIN_05425,DINNER,,1,,0.0,0.0,0.0,0.0,1.0
DIN_05426,DINNER,,0,,0.0,0.0,1.0,1.0,1.0
DIN_05427,DINNER,,1,,0.0,0.0,1.0,0.0,1.0
DIN_05428,DINNER,,1,,0.0,1.0,0.0,1.0,1.0
DIN_05429,DINNER,,1,,0.0,1.0,1.0,1.0,0.0
DIN_05430,DINNER,,1,,0.0,0.0,0.0,0.0,0.0
DIN_05431,DINNER,,0,,0.0,0.0,0.0,1.0,1.0
DIN_05432,DINNER,,1,,0.0,1.0,1.0,0.0,1.0
DIN_05433,DINNER,,1,,0.0,0.0,1.0,0.0,1.0
DIN_05434,DINNER,,1,,0.0,0.0,1.0,1.0,0.0
DIN_05435,DINNER,,1,,0.0,1.0,1.0,0.0,0.0
DIN_05436,DINNER,,1,,0.0,0.0,1.0,1.0,0.0
DIN_05437,DINNER,,1,,0.0,1.0,1.0,0.0,1.0
DIN_05438,DINNER,,0,,0.0,0.0,1.0,0.0,1.0
DIN_05439,DINNER,,0,,0.0,1.0,1.0,0.0,1.0
DIN_05440,DINNER,,1,,0.0,0.0,0.0,1.0,1.0
DIN_05441,DINNER,,1,,0.0,1.0,0.0,0.0,0.0
DIN_05442,DINNER,,0,,0.0,0.0,1.0,0.0,1.0
DIN_05443,DINNER,,0,,1.0,0.0,0.0,0.0,0.0
DIN_05444,DINNER,,1,,0.0,0.0,1.0,0.0,1.0
DIN_05445,DINNER,,1,,0.0,0.0,1.0,0.0,0.0
DIN_05446,DINNER,,0,,0.0,1.0,1.0,1.0,1.0
DIN_05447,DINNER,,1,,0.0,0.0,0.0,1.0,0.0
DIN_05448,DINNER,,1,,0.0,1.0,1.0,0.0,1.0
DIN_05449,DINNER,,0,,0.0,1.0,1.0,1.0,0.0
DIN_05450,DINNER,,1,,0.0,1.0,1.0,1.0,1.0
DIN_05451,DINNER,,1,,0.0,1.0,1.0,1.0,0.0
DIN_05452,DINNER,,1,,0.0,0.0,1.0,1.0,1.0
DIN_05453,DINNER,,1,,0.0,0.0,1.0,1.0,0.0
DIN_05454,DINNER,,0,,0.0,1.0,0.0,0.0,0.0
DIN_05455,DINNER,,1,,0.0,0.0,1.0,0.0,0.0
DIN_05456,DINNER,,1,,0.0,1.0,1.0,1.0,0.0
DIN_05457,DINNER,,0,,0.0,1.0,0.0,0.0,0.0
DIN_05458,DINNER,,1,,0.0,0.0,1.0,1.0,1.0
DIN_05459,DINNER,,1,,0.0,1.0,0.0,0.0,0.0
DIN_05460,DINNER,,1,,0.0,0.0,0.0,0.0,0.0
DIN_05461,DINNER,,1,,0.0,1.0,1.0,1.0,1.0
DIN_05462,DINNER,,1,,0.0,1.0,1.0,1.0,1.0
DIN_05463,DINNER,,1,,0.0,1.0,1.0,0.0,0.0
DIN_05464,DINNER,,1,,0.0,0.0,0.0,0.0,1.0
DIN_05465,DINNER,,0,,0.0,1.0,0.0,1.0,0.0
DIN_05466,DINNER,,0,,0.0,0.0,1.0,0.0,1.0
DIN_05467,DINNER,,1,,0.0,1.0,1.0,0.0,1.0
DIN_05468,DINNER,,0,,0.0,1.0,1.0,0.0,0.0
DIN_05469,DINNER,,1,,0.0,1.0,1.0,1.0,1.0
DIN_05470,DINNER,,1,,0.0,1.0,0.0,0.0,1.0
DIN_05471,DINNER,,0,,0.0,0.0,1.0,0.0,0.0
DIN_05472,DINNER,,0,,0.0,1.0,0.0,1.0,1.0
DIN_05473,DINNER,,0,,0.0,0.0,1.0,0.0,0.0
DIN_05474,DINNER,,0,,0.0,1.0,0.0,0.0,0.0
DIN_05475,DINNER,,1,,0.0,1.0,1.0,0.0,1.0
DIN_05476,DINNER,,0,,0.0,1.0,1.0,0.0,0.0
DIN_05477,DINNER,,1,,0.0,0.0,0.0,1.0,1.0
DIN_05478,DINNER,,0,,0.0,0.0,1.0,0.0,0.0
DIN_05479,DINNER,,0,,0.0,1.0,1.0,1.0,1.0
DIN_05480,DINNER,,1,,0.0,1.0,1.0,1.0,1.0
DIN_05481,DINNER,,0,,0.0,0.0,1.0,0.0,1.0
DIN_05482,DINNER,,0,,0.0,0.0,1.0,0.0,0.0
DIN_05483,DINNER,,1,,0.0,1.0,1.0,0.0,1.0
DIN_05484,DINNER,,1,,0.0,1.0,1.0,0.0,1.0
DIN_05485,DINNER,,0,,0.0,1.0,1.0,0.0,1.0
DIN_05486,DINNER,,0,,1.0,0.0,0.0,0.0,0.0
DIN_05487,DINNER,,1,,0.0,1.0,0.0,1.0,0.0
DIN_05488,DINNER,,1,,0.0,1.0,1.0,0.0,1.0
DIN_05489,DINNER,,1,,0.0,1.0,1.0,1.0,1.0
DIN_05490,DINNER,,0,,1.0,0.0,0.0,0.0,0.0
DIN_05491,DINNER,,1,,0.0,1.0,1.0,0.0,1.0
DIN_05492,DINNER,,1,,0.0,1.0,1.0,1.0,1.0
DIN_05493,DINNER,,0,,0.0,0.0,0.0,0.0,0.0
DIN_05494,DINNER,,0,,0.0,0.0,1.0,1.0,0.0
DIN_05495,DINNER,,1,,0.0,0.0,1.0,1.0,0.0
DIN_05496,DINNER,,1,,0.0,0.0,1.0,0.0,0.0
DIN_05497,DINNER,,0,,0.0,0.0,0.0,1.0,1.0
DIN_05498,DINNER,,0,,0.0,0.0,0.0,0.0,0.0
DIN_05499,DINNER,,0,,1.0,0.0,0.0,0.0,0.0
DIN_05500,DINNER,,0,,0.0,1.0,1.0,1.0,1.0
DIN_05501,DINNER,,1,,0.0,1.0,1.0,0.0,1.0
DIN_05502,DINNER,,0,,0.0,0.0,1.0,0.0,1.0
DIN_05503,DINNER,,1,,0.0,1.0,1.0,1.0,1.0
DIN_05504,DINNER,,1,,0.0,0.0,0.0,0.0,0.0
DIN_05505,DINNER,,0,,0.0,1.0,1.0,1.0,0.0
DIN_05506,DINNER,,1,,0.0,1.0,1.0,0.0,0.0
DIN_05507,DINNER,,1,,0.0,0.0,0.0,0.0,0.0
DIN_05508,DINNER,,1,,0.0,1.0,1.0,1.0,1.0
DIN_05509,DINNER,,1,,0.0,1.0,1.0,0.0,1.0
DIN_05510,DINNER,,1,,0.0,1.0,1.0,1.0,1.0
DIN_05511,DINNER,,1,,0.0,1.0,1.0,0.0,1.0
DIN_05512,DINNER,,0,,0.0,0.0,0.0,1.0,0.0
DIN_05513,DINNER,,0,,0.0,1.0,1.0,1.0,1.0
DIN_05514,DINNER,,1,,0.0,1.0,1.0,0.0,0.0
DIN_05515,DINNER,,1,,0.0,1.0,0.0,0.0,0.0
DIN_05516,DINNER,,0,,1.0,0.0,0.0,0.0,0.0
DIN_05517,DINNER,,1,,0.0,1.0,0.0,0.0,1.0
DIN_05518,DINNER,,1,,0.0,1.0,1.0,0.0,0.0
DIN_05519,DINNER,,1,,0.0,0.0,0.0,0.0,1.0
DIN_05520,DINNER,,1,,0.0,1.0,0.0,0.0,1.0
DIN_05521,DINNER,,0,,0.0,0.0,0.0,0.0,0.0
DIN_05522,DINNER,,0,,0.0,1.0,1.0,0.0,0.0
DIN_05523,DINNER,,1,,0.0,1.0,0.0,0.0,1.0
DIN_05524,DINNER,,1,,0.0,1.0,1.0,0.0,0.0
DIN_05525,DINNER,,1,,0.0,1.0,1.0,0.0,0.0
DIN_05526,DINNER,,0,,1.0,0.0,0.0,0.0,0.0
DIN_05527,DINNER,,1,,0.0,0.0,1.0,0.0,1.0
DIN_05528,DINNER,,1,,0.0,1.0,1.0,0.0,1.0
DIN_05529,DINNER,,1,,0.0,1.0,0.0,0.0,1.0
DIN_05530,DINNER,,0,,0.0,1.0,1.0,0.0,0.0
DIN_05531,DINNER,,0,,0.0,1.0,1.0,0.0,0.0
DIN_05532,DINNER,,1,,0.0,0.0,1.0,0.0,0.0
DIN_05533,DINNER,,1,,0.0,1.0,1.0,0.0,1.0
DIN_05534,DINNER,,0,,0.0,1.0,1.0,0.0,0.0
DIN_05535,DINNER,,0,,0.0,1.0,1.0,0.0,0.0
DIN_05536,DINNER,,1,,0.0,1.0,1.0,0.0,0.0
DIN_05537,DINNER,,1,,0.0,0.0,1.0,0.0,0.0
DIN_05538,DINNER,,1,,0.0,1.0,0.0,0.0,0.0
DIN_05539,DINNER,,0,,0.0,0.0,1.0,0.0,0.0
DIN_05540,DINNER,,1,,0.0,0.0,1.0,0.0,0.0
DIN_05541,DINNER,,0,,0.0,1.0,1.0,0.0,0.0
DIN_05542,DINNER,,1,,0.0,0.0,1.0,1.0,1.0
DIN_05543,DINNER,,0,,0.0,0.0,1.0,0.0,0.0
DIN_05544,DINNER,,1,,0.0,1.0,0.0,0.0,1.0
DIN_05545,DINNER,,0,,0.0,0.0,0.0,0.0,0.0
DIN_05546,DINNER,,0,,1.0,0.0,0.0,0.0,0.0
DIN_05547,DINNER,,1,,0.0,0.0,0.0,0.0,0.0
DIN_05548,DINNER,,1,,0.0,1.0,1.0,0.0,0.0
DIN_05549,DINNER,,0,,1.0,0.0,0.0,0.0,0.0
DIN_05550,DINNER,,1,,0.0,1.0,1.0,1.0,1.0
DIN_05551,DINNER,,0,,1.0,0.0,0.0,0.0,0.0
DIN_05552,DINNER,,0,,0.0,0.0,1.0,0.0,0.0
DIN_05553,DINNER,,1,,0.0,1.0,1.0,0.0,0.0
DIN_05554,DINNER,,0,,0.0,0.0,0.0,1.0,1.0
DIN_05555,DINNER,,1,,0.0,0.0,0.0,1.0,0.0
DIN_05556,DINNER,,1,,0.0,0.0,0.0,0.0,1.0
DIN_05557,DINNER,,0,,1.0,0.0,0.0,0.0,0.0
DIN_05558,DINNER,,1,,0.0,1.0,1.0,1.0,1.0
DIN_05559,DINNER,,1,,0.0,1.0,1.0,1.0,0.0
DIN_05560,DINNER,,1,,0.0,1.0,1.0,0.0,0.0
DIN_05561,DINNER,,1,,0.0,0.0,0.0,1.0,0.0
DIN_05562,DINNER,,0,,1.0,0.0,0.0,0.0,0.0
DIN_05563,DINNER,,0,,0.0,0.0,0.0,0.0,1.0
DIN_05564,DINNER,,1,,0.0,1.0,1.0,0.0,1.0
DIN_05565,DINNER,,1,,0.0,0.0,1.0,1.0,0.0
DIN_05566,DINNER,,0,,1.0,0.0,0.0,0.0,0.0
DIN_05567,DINNER,,1,,0.0,0.0,1.0,0.0,0.0
DIN_05568,DINNER,,1,,0.0,1.0,1.0,0.0,1.0
DIN_05569,DINNER,,0,,0.0,0.0,1.0,1.0,0.0
DIN_05570,DINNER,,1,,0.0,0.0,0.0,0.0,1.0
DIN_05571,DINNER,,0,,0.0,0.0,1.0,0.0,0.0
DIN_05572,DINNER,,0,,0.0,1.0,0.0,1.0,0.0
DIN_05573,DINNER,,1,,0.0,0.0,1.0,0.0,0.0
DIN_05574,DINNER,,1,,0.0,1.0,1.0,0.0,1.0
DIN_05575,DINNER,,1,,0.0,0.0,0.0,0.0,0.0
DIN_05576,DINNER,,1,,0.0,1.0,0.0,1.0,0.0
DIN_05577,DINNER,,0,,0.0,0.0,1.0,0.0,0.0
DIN_05578,DINNER,,0,,0.0,1.0,1.0,1.0,0.0
DIN_05579,DINNER,,0,,0.0,1.0,0.0,0.0,1.0
DIN_05580,DINNER,,0,,0.0,0.0,0.0,0.0,0.0
DIN_05581,DINNER,,1,,0.0,1.0,1.0,1.0,0.0
DIN_05582,DINNER,,0,,1.0,0.0,0.0,0.0,0.0
DIN_05583,DINNER,,0,,0.0,1.0,1.0,0.0,0.0
DIN_05584,DINNER,,1,,0.0,0.0,0.0,0.0,0.0
DIN_05585,DINNER,,0,,0.0,1.0,1.0,1.0,0.0
DIN_05586,DINNER,,0,,0.0,0.0,1.0,0.0,1.0
DIN_05587,DINNER,,1,,0.0,0.0,1.0,0.0,0.0
DIN_05588,DINNER,,0,,0.0,0.0,1.0,0.0,0.0
DIN_05589,DINNER,,1,,0.0,1.0,1.0,0.0,0.0
DIN_05590,DINNER,,0,,0.0,0.0,1.0,1.0,0.0
DIN_05591,DINNER,,0,,0.0,1.0,1.0,0.0,0.0
DIN_05592,DINNER,,0,,0.0,1.0,1.0,1.0,0.0
DIN_05593,DINNER,,0,,0.0,0.0,1.0,1.0,0.0
DIN_05594,DINNER,,0,,1.0,0.0,0.0,0.0,0.0
DIN_05595,DINNER,,1,,0.0,1.0,1.0,1.0,1.0
DIN_05596,DINNER,,1,,0.0,0.0,0.0,1.0,0.0
DIN_05597,DINNER,,1,,0.0,1.0,1.0,1.0,0.0
DIN_05598,DINNER,,0,,0.0,1.0,1.0,1.0,0.0
DIN_05599,DINNER,,0,,0.0,1.0,1.0,0.0,0.0
DIN_05600,DINNER,,0,,0.0,1.0,0.0,1.0,0.0
DIN_05601,DINNER,,1,,0.0,0.0,1.0,1.0,1.0
DIN_05602,DINNER,,1,,0.0,1.0,1.0,1.0,1.0
DIN_05603,DINNER,,1,,0.0,0.0,1.0,0.0,1.0
DIN_05604,DINNER,,0,,1.0,0.0,0.0,0.0,0.0
DIN_05605,DINNER,,0,,1.0,0.0,0.0,0.0,0.0
DIN_05606,DINNER,,1,,0.0,0.0,1.0,1.0,0.0
DIN_05607,DINNER,,0,,0.0,0.0,0.0,0.0,0.0
DIN_05608,DINNER,,1,,0.0,1.0,1.0,1.0,1.0
DIN_05609,DINNER,,0,,1.0,0.0,0.0,0.0,0.0
DIN_05610,DINNER,,1,,0.0,1.0,1.0,0.0,0.0
DIN_05611,DINNER,,1,,0.0,0.0,0.0,1.0,0.0
DIN_05612,DINNER,,0,,0.0,1.0,1.0,0.0,0.0
DIN_05613,DINNER,,0,,0.0,0.0,1.0,0.0,0.0
DIN_05614,DINNER,,0,,0.0,1.0,1.0,1.0,1.0
DIN_05615,DINNER,,1,,0.0,1.0,1.0,0.0,1.0
DIN_05616,DINNER,,1,,0.0,1.0,1.0,0.0,1.0
DIN_05617,DINNER,,1,,0.0,0.0,1.0,0.0,0.0
DIN_05618,DINNER,,0,,0.0,0.0,0.0,1.0,0.0
DIN_05619,DINNER,,1,,0.0,1.0,0.0,1.0,0.0
DIN_05620,DINNER,,0,,0.0,0.0,1.0,1.0,0.0
DIN_05621,DINNER,,1,,0.0,1.0,0.0,0.0,1.0
DIN_05622,DINNER,,1,,0.0,1.0,1.0,0.0,1.0
DIN_05623,DINNER,,1,,0.0,0.0,0.0,0.0,1.0
DIN_05624,DINNER,,1,,0.0,1.0,1.0,0.0,0.0
DIN_05625,DINNER,,1,,0.0,0.0,0.0,0.0,0.0
DIN_05626,DINNER,,0,,0.0,1.0,1.0,0.0,0.0
DIN_05627,DINNER,,0,,1.0,0.0,0.0,0.0,0.0
DIN_05628,DINNER,,0,,1.0,0.0,0.0,0.0,0.0
DIN_05629,DINNER,,1,,0.0,1.0,0.0,0.0,1.0
DIN_05630,DINNER,,0,,1.0,0.0,0.0,0.0,0.0
DIN_05631,DINNER,,0,,0.0,1.0,1.0,0.0,0.0
DIN_05632,DINNER,,0,,0.0,0.0,1.0,1.0,1.0
DIN_05633,DINNER,,1,,0.0,0.0,1.0,0.0,0.0
DIN_05634,DINNER,,1,,0.0,1.0,1.0,1.0,0.0
DIN_05635,DINNER,,0,,0.0,0.0,1.0,0.0,0.0
DIN_05636,DINNER,,0,,0.0,0.0,0.0,0.0,0.0
DIN_05637,DINNER,,1,,0.0,0.0,0.0,1.0,0.0
DIN_05638,DINNER,,0,,0.0,1.0,1.0,1.0,1.0
DIN_05639,DINNER,,0,,0.0,1.0,1.0,0.0,0.0
DIN_05640,DINNER,,0,,0.0,1.0,1.0,1.0,1.0
DIN_05641,DINNER,,0,,0.0,1.0,0.0,0.0,0.0
DIN_05642,DINNER,,0,,0.0,1.0,0.0,1.0,0.0
DIN_05643,DINNER,,1,,0.0,1.0,1.0,1.0,0.0
DIN_05644,DINNER,,0,,0.0,1.0,1.0,1.0,1.0
DIN_05645,DINNER,,1,,0.0,0.0,1.0,1.0,1.0
DIN_05646,DINNER,,1,,0.0,1.0,1.0,1.0,0.0
DIN_05647,DINNER,,1,,0.0,1.0,0.0,0.0,0.0
DIN_05648,DINNER,,0,,1.0,0.0,0.0,0.0,0.0
DIN_05649,DINNER,,1,,0.0,0.0,1.0,0.0,0.0
DIN_05650,DINNER,,1,,0.0,0.0,0.0,1.0,0.0
DIN_05651,DINNER,,1,,0.0,1.0,1.0,1.0,0.0
DIN_05652,DINNER,,1,,0.0,1.0,0.0,1.0,0.0
DIN_05653,DINNER,,0,,0.0,1.0,0.0,0.0,0.0
DIN_05654,DINNER,,0,,1.0,0.0,0.0,0.0,0.0
DIN_05655,DINNER,,1,,0.0,0.0,1.0,1.0,0.0
DIN_05656,DINNER,,1,,0.0,1.0,1.0,0.0,0.0
DIN_05657,DINNER,,0,,0.0,1.0,1.0,1.0,0.0
DIN_05658,DINNER,,0,,0.0,1.0,1.0,1.0,0.0
DIN_05659,DINNER,,0,,1.0,0.0,0.0,0.0,0.0
DIN_05660,DINNER,,1,,0.0,1.0,1.0,0.0,0.0
DIN_05661,DINNER,,1,,0.0,1.0,0.0,0.0,1.0
DIN_05662,DINNER,,1,,0.0,0.0,0.0,0.0,0.0
DIN_05663,DINNER,,1,,0.0,1.0,1.0,0.0,1.0
DIN_05664,DINNER,,1,,0.0,0.0,1.0,1.0,0.0
DIN_05665,DINNER,,1,,0.0,1.0,1.0,0.0,0.0
DIN_05666,DINNER,,0,,0.0,1.0,1.0,1.0,1.0
DIN_05667,DINNER,,1,,0.0,1.0,1.0,0.0,0.0
DIN_05668,DINNER,,1,,0.0,1.0,1.0,1.0,1.0
DIN_05669,DINNER,,1,,0.0,1.0,1.0,0.0,0.0
DIN_05670,DINNER,,1,,0.0,0.0,0.0,0.0,0.0
DIN_05671,DINNER,,1,,0.0,1.0,1.0,1.0,1.0
DIN_05672,DINNER,,1,,0.0,1.0,1.0,1.0,1.0
DIN_05673,DINNER,,0,,0.0,0.0,1.0,0.0,0.0
DIN_05674,DINNER,,0,,0.0,1.0,0.0,0.0,1.0
DIN_05675,DINNER,,0,,1.0,0.0,0.0,0.0,0.0
DIN_05676,DINNER,,1,,0.0,1.0,1.0,0.0,0.0
DIN_05677,DINNER,,1,,0.0,1.0,0.0,0.0,0.0
DIN_05678,DINNER,,1,,0.0,1.0,0.0,1.0,0.0
DIN_05679,DINNER,,0,,0.0,0.0,0.0,0.0,1.0
DIN_05680,DINNER,,0,,1.0,0.0,0.0,0.0,0.0
DIN_05681,DINNER,,0,,0.0,0.0,0.0,0.0,1.0
DIN_05682,DINNER,,1,,0.0,1.0,1.0,0.0,0.0
DIN_05683,DINNER,,0,,0.0,0.0,1.0,1.0,0.0
DIN_05684,DINNER,,1,,0.0,1.0,0.0,0.0,1.0
DIN_05685,DINNER,,1,,0.0,1.0,1.0,1.0,0.0
DIN_05686,DINNER,,1,,0.0,0.0,1.0,0.0,1.0
DIN_05687,DINNER,,0,,0.0,1.0,1.0,1.0,0.0
DIN_05688,DINNER,,0,,0.0,1.0,1.0,1.0,1.0
DIN_05689,DINNER,,0,,0.0,1.0,0.0,0.0,0.0
DIN_05690,DINNER,,0,,0.0,1.0,1.0,0.0,1.0
DIN_05691,DINNER,,1,,0.0,1.0,1.0,1.0,0.0
DIN_05692,DINNER,,1,,0.0,0.0,0.0,0.0,0.0
DIN_05693,DINNER,,1,,0.0,1.0,0.0,0.0,0.0
DIN_05694,DINNER,,1,,0.0,1.0,1.0,1.0,0.0
DIN_05695,DINNER,,0,,1.0,0.0,0.0,0.0,0.0
DIN_05696,DINNER,,0,,0.0,0.0,1.0,1.0,1.0
DIN_05697,DINNER,,1,,0.0,0.0,1.0,0.0,0.0
DIN_05698,DINNER,,0,,0.0,1.0,0.0,0.0,0.0
DIN_05699,DINNER,,0,,0.0,1.0,1.0,1.0,0.0
DIN_05700,DINNER,,0,,0.0,0.0,0.0,1.0,0.0
DIN_05701,DINNER,,1,,0.0,0.0,1.0,0.0,0.0
DIN_05702,DINNER,,1,,0.0,0.0,0.0,0.0,1.0
DIN_05703,DINNER,,1,,0.0,1.0,0.0,1.0,1.0
DIN_05704,DINNER,,0,,1.0,0.0,0.0,0.0,0.0
DIN_05705,DINNER,,0,,0.0,0.0,0.0,1.0,1.0
DIN_05706,DINNER,,0,,0.0,1.0,1.0,0.0,1.0
DIN_05707,DINNER,,1,,0.0,0.0,1.0,0.0,0.0
DIN_05708,DINNER,,1,,0.0,0.0,1.0,0.0,0.0
DIN_05709,DINNER,,1,,0.0,1.0,1.0,1.0,1.0
DIN_05710,DINNER,,1,,0.0,0.0,1.0,0.0,0.0
DIN_05711,DINNER,,1,,0.0,1.0,1.0,0.0,0.0
DIN_05712,DINNER,,0,,1.0,0.0,0.0,0.0,0.0
DIN_05713,DINNER,,0,,1.0,0.0,0.0,0.0,0.0
DIN_05714,DINNER,,1,,0.0,0.0,1.0,1.0,0.0
DIN_05715,DINNER,,1,,0.0,0.0,1.0,1.0,0.0
DIN_05716,DINNER,,1,,0.0,1.0,0.0,1.0,0.0
DIN_05717,DINNER,,1,,0.0,1.0,1.0,0.0,0.0
DIN_05718,DINNER,,0,,0.0,0.0,1.0,0.0,0.0
DIN_05719,DINNER,,1,,0.0,1.0,1.0,0.0,1.0
DIN_05720,DINNER,,0,,1.0,0.0,0.0,0.0,0.0
DIN_05721,DINNER,,1,,0.0,1.0,1.0,0.0,0.0
DIN_05722,DINNER,,0,,0.0,0.0,0.0,0.0,1.0
DIN_05723,DINNER,,0,,0.0,1.0,0.0,0.0,0.0
DIN_05724,DINNER,,1,,0.0,1.0,1.0,0.0,0.0
DIN_05725,DINNER,,1,,0.0,1.0,1.0,1.0,1.0
DIN_05726,DINNER,,1,,0.0,1.0,1.0,1.0,0.0
DIN_05727,DINNER,,0,,0.0,1.0,1.0,1.0,0.0
DIN_05728,DINNER,,0,,0.0,1.0,1.0,1.0,1.0
DIN_05729,DINNER,,1,,0.0,1.0,1.0,0.0,1.0
DIN_05730,DINNER,,0,,0.0,1.0,1.0,0.0,1.0
DIN_05731,DINNER,,1,,0.0,0.0,1.0,0.0,1.0
DIN_05732,DINNER,,1,,0.0,1.0,1.0,1.0,0.0
DIN_05733,DINNER,,1,,0.0,0.0,1.0,0.0,0.0
DIN_05734,DINNER,,0,,0.0,0.0,1.0,1.0,0.0
DIN_05735,DINNER,,0,,0.0,1.0,1.0,0.0,0.0
DIN_05736,DINNER,,1,,0.0,1.0,1.0,1.0,1.0
DIN_05737,DINNER,,0,,0.0,0.0,0.0,0.0,0.0
DIN_05738,DINNER,,1,,0.0,1.0,1.0,1.0,1.0
DIN_05739,DINNER,,1,,0.0,0.0,0.0,1.0,0.0
DIN_05740,DINNER,,0,,0.0,0.0,0.0,0.0,1.0
DIN_05741,DINNER,,0,,0.0,1.0,1.0,1.0,1.0
DIN_05742,DINNER,,0,,0.0,1.0,0.0,0.0,0.0
DIN_05743,DINNER,,0,,0.0,0.0,1.0,0.0,0.0
DIN_05744,DINNER,,1,,0.0,0.0,1.0,0.0,0.0
DIN_05745,DINNER,,1,,0.0,0.0,1.0,0.0,1.0
DIN_05746,DINNER,,0,,0.0,1.0,1.0,1.0,1.0
DIN_05747,DINNER,,1,,0.0,0.0,1.0,0.0,0.0
DIN_05748,DINNER,,0,,1.0,0.0,0.0,0.0,0.0
DIN_05749,DINNER,,1,,0.0,0.0,0.0,1.0,0.0
DIN_05750,DINNER,,1,,0.0,1.0,1.0,0.0,1.0
DIN_05751,DINNER,,1,,0.0,1.0,0.0,0.0,0.0
DIN_05752,DINNER,,1,,0.0,1.0,1.0,0.0,0.0
DIN_05753,DINNER,,0,,0.0,0.0,1.0,0.0,0.0
DIN_05754,DINNER,,0,,0.0,1.0,1.0,1.0,1.0
DIN_05755,DINNER,,0,,0.0,1.0,1.0,0.0,1.0
DIN_05756,DINNER,,0,,0.0,1.0,1.0,0.0,1.0
DIN_05757,DINNER,,1,,0.0,1.0,1.0,0.0,1.0
DIN_05758,DINNER,,0,,1.0,0.0,0.0,0.0,0.0
DIN_05759,DINNER,,1,,0.0,1.0,1.0,0.0,1.0
DIN_05760,DINNER,,0,,0.0,0.0,0.0,0.0,0.0
DIN_05761,DINNER,,1,,0.0,0.0,0.0,0.0,1.0
DIN_05762,DINNER,,1,,0.0,0.0,1.0,0.0,1.0
DIN_05763,DINNER,,1,,0.0,1.0,1.0,0.0,1.0
DIN_05764,DINNER,,0,,0.0,1.0,0.0,0.0,0.0
DIN_05765,DINNER,,0,,1.0,0.0,0.0,0.0,0.0
DIN_05766,DINNER,,1,,0.0,1.0,1.0,0.0,1.0
DIN_05767,DINNER,,1,,0.0,0.0,1.0,0.0,1.0
DIN_05768,DINNER,,1,,0.0,1.0,1.0,0.0,1.0
DIN_05769,DINNER,,1,,0.0,0.0,1.0,1.0,1.0
DIN_05770,DINNER,,1,,0.0,1.0,1.0,1.0,1.0
DIN_05771,DINNER,,1,,0.0,1.0,0.0,1.0,1.0
DIN_05772,DINNER,,1,,0.0,0.0,0.0,0.0,0.0
DIN_05773,DINNER,,0,,1.0,0.0,0.0,0.0,0.0
DIN_05774,DINNER,,1,,0.0,1.0,1.0,1.0,0.0
DIN_05775,DINNER,,1,,0.0,1.0,1.0,1.0,1.0
DIN_05776,DINNER,,0,,1.0,0.0,0.0,0.0,0.0
DIN_05777,DINNER,,1,,0.0,0.0,0.0,0.0,0.0
DIN_05778,DINNER,,1,,0.0,0.0,0.0,0.0,0.0
DIN_05779,DINNER,,1,,0.0,0.0,1.0,1.0,0.0
DIN_05780,DINNER,,0,,0.0,1.0,1.0,0.0,1.0
DIN_05781,DINNER,,1,,0.0,0.0,1.0,0.0,1.0
DIN_05782,DINNER,,1,,0.0,1.0,1.0,0.0,1.0
DIN_05783,DINNER,,1,,0.0,0.0,1.0,0.0,0.0
DIN_05784,DINNER,,1,,0.0,0.0,1.0,1.0,1.0
DIN_05785,DINNER,,1,,0.0,1.0,1.0,0.0,1.0
DIN_05786,DINNER,,0,,0.0,0.0,0.0,0.0,0.0
DIN_05787,DINNER,,1,,0.0,1.0,1.0,0.0,0.0
DIN_05788,DINNER,,0,,0.0,1.0,1.0,1.0,0.0
DIN_05789,DINNER,,1,,0.0,1.0,1.0,1.0,1.0
DIN_05790,DINNER,,0,,0.0,0.0,0.0,0.0,1.0
DIN_05791,DINNER,,0,,0.0,1.0,1.0,0.0,1.0
DIN_05792,DINNER,,1,,0.0,1.0,1.0,0.0,1.0
DIN_05793,DINNER,,0,,0.0,1.0,0.0,1.0,0.0
DIN_05794,DINNER,,1,,0.0,1.0,1.0,1.0,0.0
DIN_05795,DINNER,,1,,0.0,1.0,0.0,0.0,0.0
DIN_05796,DINNER,,1,,0.0,1.0,1.0,0.0,0.0
DIN_05797,DINNER,,0,,0.0,1.0,0.0,0.0,0.0
DIN_05798,DINNER,,0,,0.0,1.0,1.0,0.0,1.0
DIN_05799,DINNER,,0,,0.0,0.0,0.0,1.0,0.0
DIN_05800,DINNER,,0,,0.0,0.0,0.0,0.0,0.0
DIN_05801,DINNER,,0,,0.0,1.0,0.0,1.0,0.0
DIN_05802,DINNER,,0,,1.0,0.0,0.0,0.0,0.0
DIN_05803,DINNER,,1,,0.0,1.0,1.0,0.0,1.0
DIN_05804,DINNER,,1,,0.0,1.0,1.0,1.0,0.0
DIN_05805,DINNER,,0,,0.0,1.0,0.0,0.0,0.0
DIN_05806,DINNER,,0,,1.0,0.0,0.0,0.0,0.0
DIN_05807,DINNER,,0,,0.0,1.0,0.0,1.0,0.0
DIN_05808,DINNER,,1,,0.0,1.0,1.0,0.0,0.0
DIN_05809,DINNER,,1,,0.0,1.0,0.0,1.0,1.0
DIN_05810,DINNER,,0,,1.0,0.0,0.0,0.0,0.0
DIN_05811,DINNER,,0,,0.0,0.0,1.0,0.0,0.0
DIN_05812,DINNER,,1,,0.0,1.0,1.0,0.0,0.0
DIN_05813,DINNER,,1,,0.0,1.0,1.0,1.0,0.0
DIN_05814,DINNER,,0,,0.0,1.0,1.0,0.0,1.0
DIN_05815,DINNER,,1,,0.0,0.0,0.0,0.0,0.0
DIN_05816,DINNER,,1,,0.0,1.0,0.0,0.0,0.0
DIN_05817,DINNER,,0,,1.0,0.0,0.0,0.0,0.0
DIN_05818,DINNER,,1,,0.0,0.0,0.0,0.0,1.0
DIN_05819,DINNER,,1,,0.0,0.0,0.0,0.0,0.0
DIN_05820,DINNER,,1,,0.0,1.0,1.0,0.0,1.0
DIN_05821,DINNER,,1,,0.0,1.0,1.0,1.0,1.0
DIN_05822,DINNER,,0,,0.0,0.0,1.0,1.0,0.0
DIN_05823,DINNER,,0,,1.0,0.0,0.0,0.0,0.0
DIN_05824,DINNER,,1,,0.0,0.0,0.0,1.0,0.0
DIN_05825,DINNER,,1,,0.0,1.0,1.0,0.0,0.0
DIN_05826,DINNER,,1,,0.0,0.0,1.0,0.0,0.0
DIN_05827,DINNER,,1,,0.0,0.0,1.0,0.0,0.0
DIN_05828,DINNER,,0,,0.0,1.0,1.0,1.0,0.0
DIN_05829,DINNER,,0,,0.0,1.0,0.0,0.0,0.0
DIN_05830,DINNER,,0,,1.0,0.0,0.0,0.0,0.0
DIN_05831,DINNER,,1,,0.0,1.0,0.0,0.0,0.0
DIN_05832,DINNER,,1,,0.0,1.0,1.0,0.0,0.0
DIN_05833,DINNER,,0,,1.0,0.0,0.0,0.0,0.0
DIN_05834,DINNER,,0,,0.0,1.0,1.0,0.0,0.0
DIN_05835,DINNER,,1,,0.0,0.0,1.0,0.0,0.0
DIN_05836,DINNER,,0,,0.0,0.0,0.0,1.0,0.0
DIN_05837,DINNER,,0,,0.0,0.0,0.0,0.0,0.0
DIN_05838,DINNER,,0,,1.0,0.0,0.0,0.0,0.0
DIN_05839,DINNER,,1,,0.0,0.0,1.0,0.0,0.0
DIN_05840,DINNER,,1,,0.0,1.0,0.0,0.0,0.0
DIN_05841,DINNER,,1,,0.0,0.0,1.0,1.0,0.0
DIN_05842,DINNER,,1,,0.0,1.0,1.0,0.0,0.0
DIN_05843,DINNER,,0,,0.0,1.0,1.0,1.0,1.0
DIN_05844,DINNER,,0,,0.0,1.0,1.0,1.0,1.0
DIN_05845,DINNER,,0,,0.0,0.0,0.0,0.0,0.0
DIN_05846,DINNER,,0,,0.0,1.0,1.0,0.0,1.0
DIN_05847,DINNER,,0,,0.0,0.0,1.0,0.0,0.0
DIN_05848,DINNER,,1,,0.0,1.0,1.0,0.0,1.0
DIN_05849,DINNER,,1,,0.0,1.0,1.0,0.0,1.0
DIN_05850,DINNER,,1,,0.0,1.0,1.0,0.0,1.0
DIN_05851,DINNER,,1,,0.0,0.0,1.0,0.0,1.0
DIN_05852,DINNER,,0,,1.0,0.0,0.0,0.0,0.0
DIN_05853,DINNER,,1,,0.0,1.0,1.0,0.0,0.0
DIN_05854,DINNER,,1,,0.0,1.0,0.0,0.0,0.0
DIN_05855,DINNER,,0,,0.0,1.0,0.0,0.0,1.0
DIN_05856,DINNER,,0,,0.0,1.0,1.0,0.0,1.0
DIN_05857,DINNER,,0,,0.0,1.0,1.0,1.0,1.0
DIN_05858,DINNER,,1,,0.0,1.0,1.0,1.0,0.0
DIN_05859,DINNER,,1,,0.0,1.0,1.0,1.0,1.0
DIN_05860,DINNER,,1,,0.0,1.0,1.0,1.0,1.0
DIN_05861,DINNER,,0,,0.0,0.0,0.0,1.0,0.0
DIN_05862,DINNER,,0,,0.0,0.0,0.0,1.0,1.0
DIN_05863,DINNER,,0,,0.0,0.0,0.0,1.0,1.0
DIN_05864,DINNER,,1,,0.0,1.0,1.0,0.0,0.0
DIN_05865,DINNER,,0,,1.0,0.0,0.0,0.0,0.0
DIN_05866,DINNER,,0,,0.0,0.0,0.0,1.0,0.0
DIN_05867,DINNER,,0,,0.0,0.0,1.0,1.0,0.0
DIN_05868,DINNER,,0,,0.0,1.0,1.0,0.0,0.0
DIN_05869,DINNER,,0,,1.0,0.0,0.0,0.0,0.0
DIN_05870,DINNER,,1,,0.0,1.0,1.0,1.0,1.0
DIN_05871,DINNER,,1,,0.0,1.0,1.0,0.0,1.0
DIN_05872,DINNER,,0,,0.0,0.0,1.0,1.0,0.0
DIN_05873,DINNER,,0,,0.0,0.0,0.0,1.0,0.0
DIN_05874,DINNER,,0,,0.0,1.0,1.0,1.0,0.0
DIN_05875,DINNER,,1,,0.0,1.0,1.0,0.0,1.0
DIN_05876,DINNER,,0,,0.0,1.0,1.0,0.0,0.0
DIN_05877,DINNER,,1,,0.0,1.0,0.0,1.0,0.0
DIN_05878,DINNER,,0,,0.0,0.0,1.0,1.0,0.0
DIN_05879,DINNER,,0,,0.0,1.0,0.0,0.0,1.0
DIN_05880,DINNER,,0,,1.0,0.0,0.0,0.0,0.0
DIN_05881,DINNER,,1,,0.0,1.0,1.0,0.0,1.0
DIN_05882,DINNER,,0,,0.0,1.0,1.0,0.0,0.0
DIN_05883,DINNER,,1,,0.0,0.0,1.0,1.0,0.0
DIN_05884,DINNER,,1,,0.0,0.0,0.0,0.0,1.0
DIN_05885,DINNER,,0,,0.0,0.0,1.0,1.0,1.0
DIN_05886,DINNER,,1,,0.0,1.0,0.0,0.0,0.0
DIN_05887,DINNER,,0,,0.0,1.0,1.0,0.0,1.0
DIN_05888,DINNER,,1,,0.0,1.0,1.0,1.0,1.0
DIN_05889,DINNER,,0,,0.0,1.0,1.0,0.0,1.0
DIN_05890,DINNER,,1,,0.0,0.0,1.0,0.0,0.0
DIN_05891,DINNER,,1,,0.0,0.0,0.0,1.0,1.0
DIN_05892,DINNER,,0,,0.0,1.0,1.0,1.0,1.0
DIN_05893,DINNER,,1,,0.0,1.0,0.0,0.0,0.0
DIN_05894,DINNER,,0,,0.0,0.0,1.0,1.0,1.0
DIN_05895,DINNER,,1,,0.0,1.0,1.0,1.0,0.0
DIN_05896,DINNER,,0,,0.0,1.0,1.0,0.0,0.0
DIN_05897,DINNER,,1,,0.0,1.0,1.0,0.0,1.0
DIN_05898,DINNER,,1,,0.0,1.0,0.0,1.0,0.0
DIN_05899,DINNER,,1,,0.0,0.0,0.0,0.0,0.0
DIN_05900,DINNER,,0,,0.0,1.0,1.0,0.0,0.0
DIN_05901,DINNER,,0,,1.0,0.0,0.0,0.0,0.0
DIN_05902,DINNER,,0,,0.0,0.0,1.0,0.0,0.0
DIN_05903,DINNER,,0,,0.0,0.0,1.0,1.0,1.0
DIN_05904,DINNER,,1,,0.0,1.0,1.0,0.0,0.0
DIN_05905,DINNER,,1,,0.0,1.0,1.0,0.0,0.0
DIN_05906,DINNER,,1,,0.0,1.0,1.0,0.0,0.0
DIN_05907,DINNER,,0,,1.0,0.0,0.0,0.0,0.0
DIN_05908,DINNER,,1,,0.0,0.0,1.0,0.0,1.0
DIN_05909,DINNER,,0,,0.0,0.0,1.0,1.0,1.0
DIN_05910,DINNER,,0,,1.0,0.0,0.0,0.0,0.0
DIN_05911,DINNER,,0,,0.0,1.0,0.0,0.0,1.0
DIN_05912,DINNER,,0,,1.0,0.0,0.0,0.0,0.0
DIN_05913,DINNER,,0,,0.0,1.0,1.0,1.0,1.0
DIN_05914,DINNER,,0,,0.0,1.0,0.0,1.0,0.0
DIN_05915,DINNER,,1,,0.0,1.0,1.0,0.0,0.0
DIN_05916,DINNER,,0,,0.0,1.0,1.0,1.0,0.0
DIN_05917,DINNER,,0,,0.0,0.0,1.0,0.0,0.0
DIN_05918,DINNER,,0,,1.0,0.0,0.0,0.0,0.0
DIN_05919,DINNER,,1,,0.0,1.0,0.0,0.0,0.0
DIN_05920,DINNER,,0,,1.0,0.0,0.0,0.0,0.0
DIN_05921,DINNER,,0,,0.0,0.0,0.0,0.0,0.0
DIN_05922,DINNER,,0,,0.0,0.0,1.0,0.0,0.0
DIN_05923,DINNER,,0,,0.0,0.0,0.0,0.0,1.0
DIN_05924,DINNER,,1,,0.0,1.0,1.0,1.0,1.0
DIN_05925,DINNER,,1,,0.0,1.0,1.0,1.0,1.0
DIN_05926,DINNER,,0,,0.0,1.0,1.0,1.0,0.0
DIN_05927,DINNER,,1,,0.0,1.0,1.0,1.0,0.0
DIN_05928,DINNER,,1,,0.0,1.0,1.0,0.0,1.0
DIN_05929,DINNER,,0,,0.0,0.0,0.0,0.0,0.0
DIN_05930,DINNER,,1,,0.0,1.0,1.0,1.0,1.0
DIN_05931,DINNER,,1,,0.0,0.0,0.0,0.0,0.0
DIN_05932,DINNER,,1,,0.0,1.0,0.0,1.0,1.0
DIN_05933,DINNER,,0,,0.0,1.0,1.0,1.0,0.0
DIN_05934,DINNER,,1,,0.0,0.0,0.0,1.0,0.0
DIN_05935,DINNER,,1,,0.0,1.0,1.0,1.0,0.0
DIN_05936,DINNER,,1,,0.0,0.0,1.0,0.0,1.0
DIN_05937,DINNER,,0,,0.0,1.0,1.0,0.0,0.0
DIN_05938,DINNER,,0,,1.0,0.0,0.0,0.0,0.0
DIN_05939,DINNER,,1,,0.0,1.0,1.0,0.0,0.0
DIN_05940,DINNER,,1,,0.0,0.0,1.0,0.0,0.0
DIN_05941,DINNER,,1,,0.0,1.0,1.0,0.0,0.0
DIN_05942,DINNER,,0,,0.0,0.0,1.0,1.0,1.0
DIN_05943,DINNER,,1,,0.0,1.0,1.0,1.0,1.0
DIN_05944,DINNER,,1,,0.0,1.0,1.0,1.0,0.0
DIN_05945,DINNER,,1,,0.0,1.0,1.0,1.0,0.0
DIN_05946,DINNER,,1,,0.0,1.0,1.0,1.0,0.0
DIN_05947,DINNER,,1,,0.0,1.0,1.0,0.0,0.0
DIN_05948,DINNER,,1,,0.0,0.0,1.0,0.0,1.0
DIN_05949,DINNER,,1,,0.0,1.0,0.0,0.0,1.0
DIN_05950,DINNER,,1,,0.0,1.0,1.0,1.0,1.0
DIN_05951,DINNER,,1,,0.0,1.0,1.0,0.0,0.0
DIN_05952,DINNER,,0,,0.0,0.0,1.0,0.0,0.0
DIN_05953,DINNER,,1,,0.0,1.0,1.0,0.0,0.0
DIN_05954,DINNER,,1,,0.0,0.0,1.0,1.0,0.0
DIN_05955,DINNER,,1,,0.0,1.0,1.0,0.0,1.0
DIN_05956,DINNER,,0,,0.0,1.0,1.0,0.0,1.0
DIN_05957,DINNER,,1,,0.0,1.0,1.0,0.0,0.0
DIN_05958,DINNER,,1,,0.0,1.0,1.0,0.0,0.0
DIN_05959,DINNER,,1,,0.0,0.0,0.0,0.0,0.0
DIN_05960,DINNER,,0,,1.0,0.0,0.0,0.0,0.0
DIN_05961,DINNER,,1,,0.0,1.0,0.0,1.0,0.0
DIN_05962,DINNER,,0,,1.0,0.0,0.0,0.0,0.0
DIN_05963,DINNER,,1,,0.0,0.0,1.0,0.0,1.0
DIN_05964,DINNER,,1,,0.0,1.0,1.0,0.0,0.0
DIN_05965,DINNER,,0,,0.0,1.0,1.0,1.0,0.0
DIN_05966,DINNER,,1,,0.0,0.0,1.0,1.0,1.0
DIN_05967,DINNER,,1,,0.0,1.0,1.0,1.0,0.0
DIN_05968,DINNER,,1,,0.0,1.0,0.0,1.0,1.0
DIN_05969,DINNER,,1,,0.0,1.0,1.0,0.0,0.0
DIN_05970,DINNER,,1,,0.0,1.0,1.0,1.0,0.0
DIN_05971,DINNER,,1,,0.0,1.0,1.0,1.0,0.0
DIN_05972,DINNER,,0,,0.0,1.0,1.0,1.0,0.0
DIN_05973,DINNER,,1,,0.0,1.0,0.0,0.0,0.0
DIN_05974,DINNER,,0,,0.0,1.0,1.0,1.0,0.0
DIN_05975,DINNER,,0,,0.0,1.0,1.0,1.0,0.0
DIN_05976,DINNER,,1,,0.0,0.0,1.0,1.0,0.0
DIN_05977,DINNER,,1,,0.0,1.0,0.0,0.0,0.0
DIN_05978,DINNER,,0,,0.0,0.0,0.0,0.0,1.0
DIN_05979,DINNER,,1,,0.0,1.0,0.0,0.0,0.0
DIN_05980,DINNER,,0,,0.0,0.0,1.0,1.0,0.0
DIN_05981,DINNER,,0,,1.0,0.0,0.0,0.0,0.0
DIN_05982,DINNER,,1,,0.0,1.0,0.0,0.0,0.0
DIN_05983,DINNER,,1,,0.0,0.0,0.0,0.0,1.0
DIN_05984,DINNER,,0,,0.0,1.0,1.0,0.0,1.0
DIN_05985,DINNER,,0,,0.0,0.0,0.0,1.0,0.0
DIN_05986,DINNER,,0,,0.0,0.0,0.0,0.0,0.0
DIN_05987,DINNER,,1,,0.0,0.0,0.0,1.0,0.0
DIN_05988,DINNER,,0,,0.0,1.0,1.0,0.0,0.0
DIN_05989,DINNER,,0,,1.0,0.0,0.0,0.0,0.0
DIN_05990,DINNER,,0,,0.0,0.0,1.0,0.0,1.0
DIN_05991,DINNER,,0,,0.0,1.0,0.0,1.0,1.0
DIN_05992,DINNER,,1,,0.0,1.0,0.0,0.0,1.0
DIN_05993,DINNER,,1,,0.0,0.0,0.0,0.0,0.0
DIN_05994,DINNER,,1,,0.0,1.0,1.0,0.0,0.0
DIN_05995,DINNER,,0,,0.0,0.0,0.0,1.0,0.0
DIN_05996,DINNER,,1,,0.0,0.0,1.0,0.0,0.0
DIN_05997,DINNER,,1,,0.0,1.0,1.0,0.0,0.0
DIN_05998,DINNER,,1,,0.0,1.0,1.0,0.0,1.0
DIN_05999,DINNER,,0,,0.0,0.0,1.0,0.0,0.0
DIN_06000,DINNER,,1,,0.0,1.0,1.0,0.0,0.0
